[11:29:14.061] [T1] trace | KOTU v0.345.0 · 2026-09-06 11:29:14 · pid 7648
[11:29:16.787] [T1] shell | ShowModule allreadable path=(none)
[11:29:16.798] [T1] smtc | Attach (none)
[11:29:16.811] [T1] nav | NavigateToAsync C:\Users\tsusa\OneDrive - Automanix\그림 exts=48
[11:29:16.821] [T1] tiles | ShowLoading C:\Users\tsusa\OneDrive - Automanix\그림
[11:29:16.827] [T1] nav | scan done C:\Users\tsusa\OneDrive - Automanix\그림 count=64
[11:29:16.828] [T1] nav | RefreshView C:\Users\tsusa\OneDrive - Automanix\그림 count=64
[11:29:16.832] [T1] tiles | ShowEntries C:\Users\tsusa\OneDrive - Automanix\그림 count=64
[11:29:16.848] [T1] tiles | phase0 C:\Users\tsusa\OneDrive - Automanix\그림\240323 강가 별장
[11:29:16.863] [T1] list | phase0 C:\Users\tsusa\OneDrive - Automanix\그림\240323 강가 별장
[11:29:16.876] [T1] tiles | phase0 C:\Users\tsusa\OneDrive - Automanix\그림\Feedback
[11:29:16.877] [T1] tiles | phase0 C:\Users\tsusa\OneDrive - Automanix\그림\Saved Pictures
[11:29:16.878] [T1] tiles | phase0 C:\Users\tsusa\OneDrive - Automanix\그림\Scan
[11:29:16.880] [T1] tiles | phase0 C:\Users\tsusa\OneDrive - Automanix\그림\Screenshots
[11:29:16.881] [T1] tiles | phase0 C:\Users\tsusa\OneDrive - Automanix\그림\Zwift
[11:29:16.882] [T1] tiles | phase0 C:\Users\tsusa\OneDrive - Automanix\그림\바탕화면
[11:29:16.883] [T1] tiles | phase0 C:\Users\tsusa\OneDrive - Automanix\그림\스캔
[11:29:16.885] [T1] tiles | phase0 C:\Users\tsusa\OneDrive - Automanix\그림\스크린샷
[11:29:16.886] [T1] tiles | phase0 C:\Users\tsusa\OneDrive - Automanix\그림\카메라 앨범
[11:29:16.887] [T1] tiles | phase0 C:\Users\tsusa\OneDrive - Automanix\그림\220731 강화도.mp4_005246116.jpeg
[11:29:16.897] [T1] tiles | phase0 C:\Users\tsusa\OneDrive - Automanix\그림\220731 강화도.mp4_005246116.jpg
[11:29:16.899] [T1] tiles | phase0 C:\Users\tsusa\OneDrive - Automanix\그림\220731 강화도.mp4_005246116.png
[11:29:16.900] [T1] tiles | phase0 C:\Users\tsusa\OneDrive - Automanix\그림\AMX.jpg
[11:29:16.902] [T1] tiles | phase0 C:\Users\tsusa\OneDrive - Automanix\그림\ARS-로고디자인_원본파일.png
[11:29:16.903] [T1] tiles | phase0 C:\Users\tsusa\OneDrive - Automanix\그림\DALL·E 2024-07-22 16.05.33 - Simplified version of a logo for 'Automotive Research Solution' with the main elements being 'ARS' in a bold font and a sleek, modern car silhouette. .webp
[11:29:16.904] [T1] tiles | phase0 C:\Users\tsusa\OneDrive - Automanix\그림\KakaoTalk_20200117_092011491.png
[11:29:16.905] [T1] tiles | phase0 C:\Users\tsusa\OneDrive - Automanix\그림\KakaoTalk_20240703_110337676.jpg
[11:29:16.907] [T1] tiles | phase0 C:\Users\tsusa\OneDrive - Automanix\그림\pexels-pixabay-37347.jpg
[11:29:16.908] [T1] tiles | phase0 C:\Users\tsusa\OneDrive - Automanix\그림\pexels-polina-zimmerman-3778619.jpg
[11:29:16.913] [T1] list | phase0 C:\Users\tsusa\OneDrive - Automanix\그림\Feedback
[11:29:16.916] [T1] list | phase0 C:\Users\tsusa\OneDrive - Automanix\그림\Saved Pictures
[11:29:16.919] [T1] list | phase0 C:\Users\tsusa\OneDrive - Automanix\그림\Scan
[11:29:16.921] [T1] list | phase0 C:\Users\tsusa\OneDrive - Automanix\그림\Screenshots
[11:29:16.924] [T1] list | phase0 C:\Users\tsusa\OneDrive - Automanix\그림\Zwift
[11:29:16.927] [T1] list | phase0 C:\Users\tsusa\OneDrive - Automanix\그림\바탕화면
[11:29:16.930] [T1] list | phase0 C:\Users\tsusa\OneDrive - Automanix\그림\스캔
[11:29:16.933] [T1] list | phase0 C:\Users\tsusa\OneDrive - Automanix\그림\스크린샷
[11:29:16.935] [T1] list | phase0 C:\Users\tsusa\OneDrive - Automanix\그림\카메라 앨범
[11:29:16.938] [T1] list | phase0 C:\Users\tsusa\OneDrive - Automanix\그림\220731 강화도.mp4_005246116.jpeg
[11:29:16.941] [T1] list | phase0 C:\Users\tsusa\OneDrive - Automanix\그림\220731 강화도.mp4_005246116.jpg
[11:29:16.944] [T1] list | phase0 C:\Users\tsusa\OneDrive - Automanix\그림\220731 강화도.mp4_005246116.png
[11:29:16.946] [T1] list | phase0 C:\Users\tsusa\OneDrive - Automanix\그림\AMX.jpg
[11:29:16.949] [T1] list | phase0 C:\Users\tsusa\OneDrive - Automanix\그림\ARS-로고디자인_원본파일.png
[11:29:16.952] [T1] list | phase0 C:\Users\tsusa\OneDrive - Automanix\그림\DALL·E 2024-07-22 16.05.33 - Simplified version of a logo for 'Automotive Research Solution' with the main elements being 'ARS' in a bold font and a sleek, modern car silhouette. .webp
[11:29:16.954] [T1] list | phase0 C:\Users\tsusa\OneDrive - Automanix\그림\KakaoTalk_20200117_092011491.png
[11:29:16.957] [T1] list | phase0 C:\Users\tsusa\OneDrive - Automanix\그림\KakaoTalk_20240703_110337676.jpg
[11:29:16.960] [T1] list | phase0 C:\Users\tsusa\OneDrive - Automanix\그림\pexels-pixabay-37347.jpg
[11:29:16.963] [T1] list | phase0 C:\Users\tsusa\OneDrive - Automanix\그림\pexels-polina-zimmerman-3778619.jpg
[11:29:16.965] [T1] list | phase0 C:\Users\tsusa\OneDrive - Automanix\그림\PXL_20220709_232639106_2.jpg
[11:29:16.968] [T1] list | phase0 C:\Users\tsusa\OneDrive - Automanix\그림\PXL_20220714_125035942_2.jpg
[11:29:16.971] [T1] list | phase0 C:\Users\tsusa\OneDrive - Automanix\그림\PXL_20220714_125148380_2.jpg
[11:29:16.973] [T1] list | phase0 C:\Users\tsusa\OneDrive - Automanix\그림\PXL_20220719_121308973_2.jpg
[11:29:16.976] [T1] list | phase0 C:\Users\tsusa\OneDrive - Automanix\그림\PXL_20220726_125747369_2.jpg
[11:29:16.979] [T1] list | phase0 C:\Users\tsusa\OneDrive - Automanix\그림\PXL_20220804_125449327_2.jpg
[11:29:16.981] [T1] list | phase0 C:\Users\tsusa\OneDrive - Automanix\그림\PXL_20220812_121956977_2.jpg
[11:29:16.984] [T1] list | phase0 C:\Users\tsusa\OneDrive - Automanix\그림\PXL_20220813_214558393_2.jpg
[11:29:16.987] [T1] list | phase0 C:\Users\tsusa\OneDrive - Automanix\그림\PXL_20220817_112931072_2.jpg
[11:29:16.990] [T1] list | phase0 C:\Users\tsusa\OneDrive - Automanix\그림\PXL_20220824_112948946_2.jpg
[11:29:16.992] [T1] list | phase0 C:\Users\tsusa\OneDrive - Automanix\그림\PXL_20220827_001839431_2.jpg
[11:29:17.118] [T1] tiles | fill cached C:\Users\tsusa\OneDrive - Automanix\그림\220731 강화도.mp4_005246116.jpeg
[11:29:17.121] [T1] tiles | fill cached C:\Users\tsusa\OneDrive - Automanix\그림\220731 강화도.mp4_005246116.jpg
[11:29:17.122] [T1] tiles | fill cached C:\Users\tsusa\OneDrive - Automanix\그림\220731 강화도.mp4_005246116.png
[11:29:17.123] [T1] tiles | fill cached C:\Users\tsusa\OneDrive - Automanix\그림\AMX.jpg
[11:29:17.124] [T1] tiles | fill cached C:\Users\tsusa\OneDrive - Automanix\그림\ARS-로고디자인_원본파일.png
[11:29:17.124] [T1] tiles | fill cached C:\Users\tsusa\OneDrive - Automanix\그림\DALL·E 2024-07-22 16.05.33 - Simplified version of a logo for 'Automotive Research Solution' with the main elements being 'ARS' in a bold font and a sleek, modern car silhouette. .webp
[11:29:17.125] [T1] tiles | fill cached C:\Users\tsusa\OneDrive - Automanix\그림\KakaoTalk_20200117_092011491.png
[11:29:17.126] [T1] tiles | fill cached C:\Users\tsusa\OneDrive - Automanix\그림\KakaoTalk_20240703_110337676.jpg
[11:29:17.127] [T1] tiles | fill cached C:\Users\tsusa\OneDrive - Automanix\그림\pexels-pixabay-37347.jpg
[11:29:17.127] [T1] tiles | fill cached C:\Users\tsusa\OneDrive - Automanix\그림\pexels-polina-zimmerman-3778619.jpg
[11:29:17.130] [T11] exc | OperationCanceledException: The operation was canceled. @ at System.Threading.CancellationToken.ThrowOperationCanceledException()
[11:29:17.130] [T11] exc | OperationCanceledException: The operation was canceled. @ at System.Threading.SemaphoreSlim.Wait(Int32 millisecondsTimeout, CancellationToken cancellationToken)
[11:29:17.189] [T1] list | phase0 C:\Users\tsusa\OneDrive - Automanix\그림\PXL_20220827_230734531_2.jpg
[11:29:17.193] [T1] list | phase0 C:\Users\tsusa\OneDrive - Automanix\그림\PXL_20220831_130316984_2.jpg
[11:29:17.245] [T1] tiles | cached done C:\Users\tsusa\OneDrive - Automanix\그림\KakaoTalk_20200117_092011491.png
[11:29:17.246] [T1] tiles | cached done C:\Users\tsusa\OneDrive - Automanix\그림\AMX.jpg
[11:29:17.246] [T1] tiles | cached done C:\Users\tsusa\OneDrive - Automanix\그림\ARS-로고디자인_원본파일.png
[11:29:17.246] [T1] tiles | cached done C:\Users\tsusa\OneDrive - Automanix\그림\220731 강화도.mp4_005246116.jpg
[11:29:17.247] [T1] tiles | cached done C:\Users\tsusa\OneDrive - Automanix\그림\220731 강화도.mp4_005246116.png
[11:29:17.247] [T1] tiles | cached done C:\Users\tsusa\OneDrive - Automanix\그림\pexels-polina-zimmerman-3778619.jpg
[11:29:17.247] [T1] tiles | cached done C:\Users\tsusa\OneDrive - Automanix\그림\pexels-pixabay-37347.jpg
[11:29:17.247] [T1] tiles | cached done C:\Users\tsusa\OneDrive - Automanix\그림\220731 강화도.mp4_005246116.jpeg
[11:29:17.248] [T1] tiles | cached done C:\Users\tsusa\OneDrive - Automanix\그림\KakaoTalk_20240703_110337676.jpg
[11:29:17.248] [T1] tiles | cached done C:\Users\tsusa\OneDrive - Automanix\그림\DALL·E 2024-07-22 16.05.33 - Simplified version of a logo for 'Automotive Research Solution' with the main elements being 'ARS' in a bold font and a sleek, modern car silhouette. .webp
[11:29:17.252] [T1] list | phase0 C:\Users\tsusa\OneDrive - Automanix\그림\PXL_20220902_215631957_3.jpg
[11:29:17.256] [T1] list | phase0 C:\Users\tsusa\OneDrive - Automanix\그림\PXL_20220903_010322367_2.jpg
[11:29:17.259] [T1] list | phase0 C:\Users\tsusa\OneDrive - Automanix\그림\PXL_20220920_125143842.MOTION-02.ORIGINAL_2.jpg
[11:29:17.289] [T1] tiles | phase0 C:\Users\tsusa\OneDrive - Automanix\그림\PXL_20220709_232639106_2.jpg
[11:29:17.290] [T1] tiles | phase0 C:\Users\tsusa\OneDrive - Automanix\그림\PXL_20220714_125035942_2.jpg
[11:29:17.292] [T1] tiles | phase0 C:\Users\tsusa\OneDrive - Automanix\그림\PXL_20220714_125148380_2.jpg
[11:29:17.293] [T1] tiles | phase0 C:\Users\tsusa\OneDrive - Automanix\그림\PXL_20220719_121308973_2.jpg
[11:29:17.299] [T1] tiles | fill cached C:\Users\tsusa\OneDrive - Automanix\그림\PXL_20220709_232639106_2.jpg
[11:29:17.300] [T1] tiles | fill cached C:\Users\tsusa\OneDrive - Automanix\그림\PXL_20220714_125035942_2.jpg
[11:29:17.301] [T1] tiles | fill cached C:\Users\tsusa\OneDrive - Automanix\그림\PXL_20220714_125148380_2.jpg
[11:29:17.302] [T1] tiles | fill cached C:\Users\tsusa\OneDrive - Automanix\그림\PXL_20220719_121308973_2.jpg
[11:29:17.305] [T1] list | phase0 C:\Users\tsusa\OneDrive - Automanix\그림\PXL_20221101_105955590_2.jpg
[11:29:17.308] [T1] list | phase0 C:\Users\tsusa\OneDrive - Automanix\그림\PXL_20230212_024010110.jpg
[11:29:17.338] [T1] tiles | cached done C:\Users\tsusa\OneDrive - Automanix\그림\PXL_20220714_125148380_2.jpg
[11:29:17.339] [T1] tiles | cached done C:\Users\tsusa\OneDrive - Automanix\그림\PXL_20220719_121308973_2.jpg
[11:29:17.339] [T1] tiles | cached done C:\Users\tsusa\OneDrive - Automanix\그림\PXL_20220714_125035942_2.jpg
[11:29:17.339] [T1] tiles | cached done C:\Users\tsusa\OneDrive - Automanix\그림\PXL_20220709_232639106_2.jpg
[11:29:17.345] [T1] list | phase0 C:\Users\tsusa\OneDrive - Automanix\그림\PXL_20230212_025601437_2.jpg
[11:29:17.348] [T1] list | phase0 C:\Users\tsusa\OneDrive - Automanix\그림\PXL_20230422_230822530~2.jpg
[11:29:17.351] [T1] list | phase0 C:\Users\tsusa\OneDrive - Automanix\그림\vlcsnap-2026-01-18-12h58m03s381.png
[11:29:17.352] [T1] detail | fetch Image C:\Users\tsusa\OneDrive - Automanix\그림\vlcsnap-2026-01-18-12h58m03s381.png
[11:29:17.382] [T1] detail | done C:\Users\tsusa\OneDrive - Automanix\그림\vlcsnap-2026-01-18-12h58m03s381.png
[11:29:17.387] [T1] list | phase0 C:\Users\tsusa\OneDrive - Automanix\그림\vlcsnap-2026-01-19-02h04m39s483.png
[11:29:17.387] [T1] detail | fetch Image C:\Users\tsusa\OneDrive - Automanix\그림\vlcsnap-2026-01-19-02h04m39s483.png
[11:29:17.391] [T1] list | phase0 C:\Users\tsusa\OneDrive - Automanix\그림\vlcsnap-2026-01-27-01h49m01s690.png
[11:29:17.391] [T1] detail | fetch Image C:\Users\tsusa\OneDrive - Automanix\그림\vlcsnap-2026-01-27-01h49m01s690.png
[11:29:17.398] [T1] detail | done C:\Users\tsusa\OneDrive - Automanix\그림\vlcsnap-2026-01-19-02h04m39s483.png
[11:29:17.414] [T1] detail | done C:\Users\tsusa\OneDrive - Automanix\그림\vlcsnap-2026-01-27-01h49m01s690.png
[11:29:17.422] [T1] tiles | phase0 C:\Users\tsusa\OneDrive - Automanix\그림\PXL_20220726_125747369_2.jpg
[11:29:17.424] [T1] tiles | phase0 C:\Users\tsusa\OneDrive - Automanix\그림\PXL_20220804_125449327_2.jpg
[11:29:17.425] [T1] tiles | phase0 C:\Users\tsusa\OneDrive - Automanix\그림\PXL_20220812_121956977_2.jpg
[11:29:17.427] [T1] tiles | phase0 C:\Users\tsusa\OneDrive - Automanix\그림\PXL_20220813_214558393_2.jpg
[11:29:17.438] [T1] tiles | fill cached C:\Users\tsusa\OneDrive - Automanix\그림\PXL_20220726_125747369_2.jpg
[11:29:17.439] [T1] tiles | fill cached C:\Users\tsusa\OneDrive - Automanix\그림\PXL_20220804_125449327_2.jpg
[11:29:17.440] [T1] tiles | fill cached C:\Users\tsusa\OneDrive - Automanix\그림\PXL_20220812_121956977_2.jpg
[11:29:17.441] [T1] tiles | fill cached C:\Users\tsusa\OneDrive - Automanix\그림\PXL_20220813_214558393_2.jpg
[11:29:17.445] [T1] list | phase0 C:\Users\tsusa\OneDrive - Automanix\그림\민초로부터 온 퇴장 통보.png
[11:29:17.448] [T1] list | phase0 C:\Users\tsusa\OneDrive - Automanix\그림\아우디 현가장치 관련 리콜.png
[11:29:17.451] [T1] list | phase0 C:\Users\tsusa\OneDrive - Automanix\그림\오토매닉스 대표이미지.png
[11:29:17.501] [T1] tiles | cached done C:\Users\tsusa\OneDrive - Automanix\그림\PXL_20220726_125747369_2.jpg
[11:29:17.501] [T1] tiles | cached done C:\Users\tsusa\OneDrive - Automanix\그림\PXL_20220804_125449327_2.jpg
[11:29:17.502] [T1] tiles | cached done C:\Users\tsusa\OneDrive - Automanix\그림\PXL_20220812_121956977_2.jpg
[11:29:17.502] [T1] tiles | cached done C:\Users\tsusa\OneDrive - Automanix\그림\PXL_20220813_214558393_2.jpg
[11:29:17.533] [T1] list | phase0 C:\Users\tsusa\OneDrive - Automanix\그림\오토매닉스 로고.png
[11:29:17.536] [T1] list | phase0 C:\Users\tsusa\OneDrive - Automanix\그림\오토매닉스 로고이미지.png
[11:29:17.625] [T1] tiles | phase0 C:\Users\tsusa\OneDrive - Automanix\그림\PXL_20220817_112931072_2.jpg
[11:29:17.626] [T1] tiles | phase0 C:\Users\tsusa\OneDrive - Automanix\그림\PXL_20220824_112948946_2.jpg
[11:29:17.628] [T1] tiles | phase0 C:\Users\tsusa\OneDrive - Automanix\그림\PXL_20220827_001839431_2.jpg
[11:29:17.629] [T1] tiles | phase0 C:\Users\tsusa\OneDrive - Automanix\그림\PXL_20220827_230734531_2.jpg
[11:29:17.639] [T1] tiles | fill cached C:\Users\tsusa\OneDrive - Automanix\그림\PXL_20220817_112931072_2.jpg
[11:29:17.639] [T1] tiles | fill cached C:\Users\tsusa\OneDrive - Automanix\그림\PXL_20220824_112948946_2.jpg
[11:29:17.640] [T1] tiles | fill cached C:\Users\tsusa\OneDrive - Automanix\그림\PXL_20220827_001839431_2.jpg
[11:29:17.641] [T1] tiles | fill cached C:\Users\tsusa\OneDrive - Automanix\그림\PXL_20220827_230734531_2.jpg
[11:29:17.667] [T1] list | phase0 C:\Users\tsusa\OneDrive - Automanix\그림\오토매닉스_약도.png
[11:29:17.670] [T1] list | phase0 C:\Users\tsusa\OneDrive - Automanix\그림\오토매닉스_인감_배경제거.png
[11:29:17.674] [T1] list | phase0 C:\Users\tsusa\OneDrive - Automanix\그림\코인챗 로고 long 188_79.png
[11:29:17.681] [T1] tiles | cached done C:\Users\tsusa\OneDrive - Automanix\그림\PXL_20220817_112931072_2.jpg
[11:29:17.682] [T1] tiles | cached done C:\Users\tsusa\OneDrive - Automanix\그림\PXL_20220824_112948946_2.jpg
[11:29:17.683] [T1] tiles | cached done C:\Users\tsusa\OneDrive - Automanix\그림\PXL_20220827_001839431_2.jpg
[11:29:17.693] [T1] tiles | cached done C:\Users\tsusa\OneDrive - Automanix\그림\PXL_20220827_230734531_2.jpg
[11:29:17.704] [T1] list | phase0 C:\Users\tsusa\OneDrive - Automanix\그림\코인챗 로고 square 148_148.png
[11:29:17.707] [T1] list | phase0 C:\Users\tsusa\OneDrive - Automanix\그림\코인챗_211012_아이폰XS_2대_중고구매.png
[11:29:17.750] [T1] list | phase0 C:\Users\tsusa\OneDrive - Automanix\그림\코인챗_사무실.jpg
[11:29:17.753] [T1] list | phase0 C:\Users\tsusa\OneDrive - Automanix\그림\코인챗_회의실.jpg
[11:29:17.757] [T1] list | phase0 C:\Users\tsusa\OneDrive - Automanix\그림\포가차.jpg
[11:29:17.791] [T1] tiles | phase0 C:\Users\tsusa\OneDrive - Automanix\그림\PXL_20220831_130316984_2.jpg
[11:29:17.792] [T1] tiles | phase0 C:\Users\tsusa\OneDrive - Automanix\그림\PXL_20220902_215631957_3.jpg
[11:29:17.794] [T1] tiles | phase0 C:\Users\tsusa\OneDrive - Automanix\그림\PXL_20220903_010322367_2.jpg
[11:29:17.795] [T1] tiles | phase0 C:\Users\tsusa\OneDrive - Automanix\그림\PXL_20220920_125143842.MOTION-02.ORIGINAL_2.jpg
[11:29:17.802] [T1] tiles | fill cached C:\Users\tsusa\OneDrive - Automanix\그림\PXL_20220831_130316984_2.jpg
[11:29:17.803] [T1] tiles | fill cached C:\Users\tsusa\OneDrive - Automanix\그림\PXL_20220902_215631957_3.jpg
[11:29:17.805] [T1] tiles | fill cached C:\Users\tsusa\OneDrive - Automanix\그림\PXL_20220903_010322367_2.jpg
[11:29:17.805] [T1] tiles | fill cached C:\Users\tsusa\OneDrive - Automanix\그림\PXL_20220920_125143842.MOTION-02.ORIGINAL_2.jpg
[11:29:17.809] [T1] list | phase0 C:\Users\tsusa\OneDrive - Automanix\그림\화면 캡처 2020-11-26 162745.png
[11:29:17.812] [T1] list | phase0 C:\Users\tsusa\OneDrive - Automanix\그림\화면 캡처 2022-06-21 003453.png
[11:29:17.846] [T1] tiles | cached done C:\Users\tsusa\OneDrive - Automanix\그림\PXL_20220831_130316984_2.jpg
[11:29:17.847] [T1] tiles | cached done C:\Users\tsusa\OneDrive - Automanix\그림\PXL_20220903_010322367_2.jpg
[11:29:17.847] [T1] tiles | cached done C:\Users\tsusa\OneDrive - Automanix\그림\PXL_20220902_215631957_3.jpg
[11:29:17.847] [T1] tiles | cached done C:\Users\tsusa\OneDrive - Automanix\그림\PXL_20220920_125143842.MOTION-02.ORIGINAL_2.jpg
[11:29:17.859] [T1] list | phase0 C:\Users\tsusa\OneDrive - Automanix\그림\화면 캡처 2022-08-01 115837.jpg
[11:29:17.862] [T1] list | phase0 C:\Users\tsusa\OneDrive - Automanix\그림\화면 캡처 2022-08-01 115837.png
[11:29:17.865] [T1] list | phase0 C:\Users\tsusa\OneDrive - Automanix\그림\화면 캡처 2022-08-07 171622.png
[11:29:17.889] [T1] list | phase0 C:\Users\tsusa\OneDrive - Automanix\그림\화면 캡처 2022-09-29 233922.png
[11:29:17.892] [T1] list | phase0 C:\Users\tsusa\OneDrive - Automanix\그림\화면 캡처 2022-10-18 181358.png
[11:29:17.900] [T1] tiles | phase0 C:\Users\tsusa\OneDrive - Automanix\그림\PXL_20221101_105955590_2.jpg
[11:29:17.901] [T1] tiles | phase0 C:\Users\tsusa\OneDrive - Automanix\그림\PXL_20230212_024010110.jpg
[11:29:17.902] [T1] tiles | phase0 C:\Users\tsusa\OneDrive - Automanix\그림\PXL_20230212_025601437_2.jpg
[11:29:17.904] [T1] tiles | phase0 C:\Users\tsusa\OneDrive - Automanix\그림\PXL_20230422_230822530~2.jpg
[11:29:17.911] [T1] tiles | fill cached C:\Users\tsusa\OneDrive - Automanix\그림\PXL_20221101_105955590_2.jpg
[11:29:17.911] [T1] tiles | fill cached C:\Users\tsusa\OneDrive - Automanix\그림\PXL_20230212_024010110.jpg
[11:29:17.912] [T1] tiles | fill cached C:\Users\tsusa\OneDrive - Automanix\그림\PXL_20230212_025601437_2.jpg
[11:29:17.913] [T1] tiles | fill cached C:\Users\tsusa\OneDrive - Automanix\그림\PXL_20230422_230822530~2.jpg
[11:29:17.916] [T1] list | phase0 C:\Users\tsusa\OneDrive - Automanix\그림\화면 캡처 2022-10-21 005745.png
[11:29:17.939] [T1] tiles | cached done C:\Users\tsusa\OneDrive - Automanix\그림\PXL_20221101_105955590_2.jpg
[11:29:17.941] [T1] tiles | cached done C:\Users\tsusa\OneDrive - Automanix\그림\PXL_20230422_230822530~2.jpg
[11:29:17.943] [T1] tiles | cached done C:\Users\tsusa\OneDrive - Automanix\그림\PXL_20230212_024010110.jpg
[11:29:17.943] [T1] tiles | cached done C:\Users\tsusa\OneDrive - Automanix\그림\PXL_20230212_025601437_2.jpg
[11:29:17.948] [T1] tiles | phase0 C:\Users\tsusa\OneDrive - Automanix\그림\vlcsnap-2026-01-18-12h58m03s381.png
[11:29:17.949] [T1] tiles | phase0 C:\Users\tsusa\OneDrive - Automanix\그림\vlcsnap-2026-01-19-02h04m39s483.png
[11:29:17.951] [T1] tiles | phase0 C:\Users\tsusa\OneDrive - Automanix\그림\vlcsnap-2026-01-27-01h49m01s690.png
[11:29:17.952] [T1] tiles | phase0 C:\Users\tsusa\OneDrive - Automanix\그림\민초로부터 온 퇴장 통보.png
[11:29:17.952] [T1] tiles | fill image C:\Users\tsusa\OneDrive - Automanix\그림\vlcsnap-2026-01-18-12h58m03s381.png
[11:29:17.954] [T1] tiles | fill image C:\Users\tsusa\OneDrive - Automanix\그림\vlcsnap-2026-01-19-02h04m39s483.png
[11:29:17.954] [T1] tiles | fill image C:\Users\tsusa\OneDrive - Automanix\그림\vlcsnap-2026-01-27-01h49m01s690.png
[11:29:17.955] [T1] tiles | fill cached C:\Users\tsusa\OneDrive - Automanix\그림\민초로부터 온 퇴장 통보.png
[11:29:47.477] [T1] trace | KOTU v0.345.0 · 2026-09-06 11:29:47 · pid 14116
[11:29:47.604] [T1] shell | ShowModule hardware path=(none)
[11:29:48.810] [T4] exc | ManagementException: 잘못된 클래스입니다.  @ at System.Management.ManagementException.ThrowWithExtendedInfo(ManagementStatus errorCode)
[11:29:48.873] [T4] exc | DllNotFoundException: Unable to load DLL 'atiadlxx.dll' or one of its dependencies: 지정된 모듈을 찾을 수 없습니다. (0x8007007E) @ at LibreHardwareMonitor.Interop.AtiAdlxx.ADL2_Main_Control_Create(ADL_Main_Memory_AllocDelegate callback, Int32 connectedAdapters, IntPtr& context)
[11:32:16.615] [T1] shell | ShowModule document path=C:\Users\tsusa\AppData\Local\Temp\KOTU\trace.log
[11:32:16.654] [T1] document | OpenPath C:\Users\tsusa\AppData\Local\Temp\KOTU\trace.log
[11:32:16.656] [T25] exc | IOException: The process cannot access the file 'C:\Users\tsusa\AppData\Local\Temp\KOTU\trace.log' because it is being used by another process. @ at Microsoft.Win32.SafeHandles.SafeFileHandle.CreateFile(String fullPath, FileMode mode, FileAccess access, FileShare share, FileOptions options)
[11:32:16.696] [T1] exc | IOException: The process cannot access the file 'C:\Users\tsusa\AppData\Local\Temp\KOTU\trace.log' because it is being used by another process. @ at Microsoft.Win32.SafeHandles.SafeFileHandle.CreateFile(String fullPath, FileMode mode, FileAccess access, FileShare share, FileOptions options)
[11:39:40.573] [T1] shell | window closed
[11:39:40.625] [T25] exc | OperationCanceledException: The operation was canceled. @ at System.Threading.CancellationToken.ThrowOperationCanceledException()
[11:39:40.625] [T25] exc | OperationCanceledException: The operation was canceled. @ at System.Threading.SemaphoreSlim.Wait(Int32 millisecondsTimeout, CancellationToken cancellationToken)
[11:39:50.328] [T1] shell | ShowModule image path=(none)
[11:39:50.357] [T1] nav | NavigateToAsync C:\Users\tsusa\AppData\Local\Temp\KOTU exts=10
[11:39:50.361] [T1] tiles | ShowLoading C:\Users\tsusa\AppData\Local\Temp\KOTU
[11:39:50.367] [T1] nav | scan done C:\Users\tsusa\AppData\Local\Temp\KOTU count=0
[11:39:50.368] [T1] nav | RefreshView C:\Users\tsusa\AppData\Local\Temp\KOTU count=0
[11:39:50.372] [T1] tiles | ShowEntries C:\Users\tsusa\AppData\Local\Temp\KOTU count=0
[11:39:50.447] [T11] exc | OperationCanceledException: The operation was canceled. @ at System.Threading.CancellationToken.ThrowOperationCanceledException()
[11:39:50.447] [T11] exc | OperationCanceledException: The operation was canceled. @ at System.Threading.SemaphoreSlim.Wait(Int32 millisecondsTimeout, CancellationToken cancellationToken)
[11:40:06.055] [T1] nav | NavigateToAsync C:\Users\tsusa\OneDrive - Automanix exts=10
[11:40:06.056] [T1] tiles | ShowLoading C:\Users\tsusa\OneDrive - Automanix
[11:40:06.057] [T1] nav | scan done C:\Users\tsusa\OneDrive - Automanix count=16
[11:40:06.057] [T1] nav | RefreshView C:\Users\tsusa\OneDrive - Automanix count=16
[11:40:06.058] [T1] tiles | ShowEntries C:\Users\tsusa\OneDrive - Automanix count=16
[11:40:06.069] [T1] tiles | phase0 C:\Users\tsusa\OneDrive - Automanix\241127 sandisk 128 백업
[11:40:06.072] [T1] tiles | phase0 C:\Users\tsusa\OneDrive - Automanix\Fw_ Requested AMX Decks
[11:40:06.073] [T1] tiles | phase0 C:\Users\tsusa\OneDrive - Automanix\Microsoft Copilot 채팅 파일
[11:40:06.074] [T1] tiles | phase0 C:\Users\tsusa\OneDrive - Automanix\Microsoft Teams 채팅 파일
[11:40:06.075] [T1] tiles | phase0 C:\Users\tsusa\OneDrive - Automanix\Zwift
[11:40:06.076] [T1] tiles | phase0 C:\Users\tsusa\OneDrive - Automanix\그림
[11:40:06.077] [T1] tiles | phase0 C:\Users\tsusa\OneDrive - Automanix\기록
[11:40:06.078] [T1] tiles | phase0 C:\Users\tsusa\OneDrive - Automanix\모임
[11:40:06.079] [T1] tiles | phase0 C:\Users\tsusa\OneDrive - Automanix\문서
[11:40:06.080] [T1] tiles | phase0 C:\Users\tsusa\OneDrive - Automanix\바탕 화면
[11:40:06.081] [T1] tiles | phase0 C:\Users\tsusa\OneDrive - Automanix\스캔
[11:40:06.082] [T1] tiles | phase0 C:\Users\tsusa\OneDrive - Automanix\앱
[11:40:06.083] [T1] tiles | phase0 C:\Users\tsusa\OneDrive - Automanix\영상편집
[11:40:06.084] [T1] tiles | phase0 C:\Users\tsusa\OneDrive - Automanix\전자 필기장
[11:40:06.085] [T1] tiles | phase0 C:\Users\tsusa\OneDrive - Automanix\첨부 파일
[11:40:06.086] [T1] tiles | phase0 C:\Users\tsusa\OneDrive - Automanix\파이썬 앱
[11:40:06.091] [T1] list | phase0 C:\Users\tsusa\OneDrive - Automanix\241127 sandisk 128 백업
[11:40:06.095] [T1] list | phase0 C:\Users\tsusa\OneDrive - Automanix\Fw_ Requested AMX Decks
[11:40:06.097] [T1] list | phase0 C:\Users\tsusa\OneDrive - Automanix\Microsoft Copilot 채팅 파일
[11:40:06.100] [T1] list | phase0 C:\Users\tsusa\OneDrive - Automanix\Microsoft Teams 채팅 파일
[11:40:06.102] [T1] list | phase0 C:\Users\tsusa\OneDrive - Automanix\Zwift
[11:40:06.104] [T1] list | phase0 C:\Users\tsusa\OneDrive - Automanix\그림
[11:40:06.106] [T1] list | phase0 C:\Users\tsusa\OneDrive - Automanix\기록
[11:40:06.108] [T1] list | phase0 C:\Users\tsusa\OneDrive - Automanix\모임
[11:40:06.111] [T1] list | phase0 C:\Users\tsusa\OneDrive - Automanix\문서
[11:40:06.113] [T1] list | phase0 C:\Users\tsusa\OneDrive - Automanix\바탕 화면
[11:40:06.115] [T1] list | phase0 C:\Users\tsusa\OneDrive - Automanix\스캔
[11:40:06.118] [T1] list | phase0 C:\Users\tsusa\OneDrive - Automanix\앱
[11:40:06.120] [T1] list | phase0 C:\Users\tsusa\OneDrive - Automanix\영상편집
[11:40:06.122] [T1] list | phase0 C:\Users\tsusa\OneDrive - Automanix\전자 필기장
[11:40:06.124] [T1] list | phase0 C:\Users\tsusa\OneDrive - Automanix\첨부 파일
[11:40:06.127] [T1] list | phase0 C:\Users\tsusa\OneDrive - Automanix\파이썬 앱
[11:40:10.631] [T1] nav | NavigateToAsync C:\Users\tsusa\OneDrive - Automanix\그림 exts=10
[11:40:10.632] [T1] list | recycle C:\Users\tsusa\OneDrive - Automanix\241127 sandisk 128 백업
[11:40:10.632] [T1] list | ForceFinish(recycle)
[11:40:10.632] [T1] list | recycle C:\Users\tsusa\OneDrive - Automanix\Fw_ Requested AMX Decks
[11:40:10.632] [T1] list | ForceFinish(recycle)
[11:40:10.632] [T1] list | recycle C:\Users\tsusa\OneDrive - Automanix\Microsoft Copilot 채팅 파일
[11:40:10.632] [T1] list | ForceFinish(recycle)
[11:40:10.632] [T1] list | recycle C:\Users\tsusa\OneDrive - Automanix\Microsoft Teams 채팅 파일
[11:40:10.632] [T1] list | ForceFinish(recycle)
[11:40:10.632] [T1] list | recycle C:\Users\tsusa\OneDrive - Automanix\Zwift
[11:40:10.632] [T1] list | ForceFinish(recycle)
[11:40:10.632] [T1] list | recycle C:\Users\tsusa\OneDrive - Automanix\그림
[11:40:10.632] [T1] list | ForceFinish(recycle)
[11:40:10.632] [T1] list | recycle C:\Users\tsusa\OneDrive - Automanix\기록
[11:40:10.632] [T1] list | ForceFinish(recycle)
[11:40:10.632] [T1] list | recycle C:\Users\tsusa\OneDrive - Automanix\모임
[11:40:10.632] [T1] list | ForceFinish(recycle)
[11:40:10.632] [T1] list | recycle C:\Users\tsusa\OneDrive - Automanix\문서
[11:40:10.632] [T1] list | ForceFinish(recycle)
[11:40:10.632] [T1] list | recycle C:\Users\tsusa\OneDrive - Automanix\바탕 화면
[11:40:10.632] [T1] list | ForceFinish(recycle)
[11:40:10.632] [T1] list | recycle C:\Users\tsusa\OneDrive - Automanix\스캔
[11:40:10.632] [T1] list | ForceFinish(recycle)
[11:40:10.632] [T1] list | recycle C:\Users\tsusa\OneDrive - Automanix\앱
[11:40:10.632] [T1] list | ForceFinish(recycle)
[11:40:10.633] [T1] list | recycle C:\Users\tsusa\OneDrive - Automanix\영상편집
[11:40:10.633] [T1] list | ForceFinish(recycle)
[11:40:10.633] [T1] list | recycle C:\Users\tsusa\OneDrive - Automanix\전자 필기장
[11:40:10.633] [T1] list | ForceFinish(recycle)
[11:40:10.633] [T1] list | recycle C:\Users\tsusa\OneDrive - Automanix\첨부 파일
[11:40:10.633] [T1] list | ForceFinish(recycle)
[11:40:10.633] [T1] list | recycle C:\Users\tsusa\OneDrive - Automanix\파이썬 앱
[11:40:10.633] [T1] list | ForceFinish(recycle)
[11:40:10.633] [T1] tiles | ShowLoading C:\Users\tsusa\OneDrive - Automanix\그림
[11:40:10.633] [T1] tiles | recycle C:\Users\tsusa\OneDrive - Automanix\241127 sandisk 128 백업
[11:40:10.633] [T1] tiles | recycle C:\Users\tsusa\OneDrive - Automanix\Fw_ Requested AMX Decks
[11:40:10.633] [T1] tiles | recycle C:\Users\tsusa\OneDrive - Automanix\Microsoft Copilot 채팅 파일
[11:40:10.633] [T1] tiles | recycle C:\Users\tsusa\OneDrive - Automanix\Microsoft Teams 채팅 파일
[11:40:10.633] [T1] tiles | recycle C:\Users\tsusa\OneDrive - Automanix\Zwift
[11:40:10.633] [T1] tiles | recycle C:\Users\tsusa\OneDrive - Automanix\그림
[11:40:10.633] [T1] tiles | recycle C:\Users\tsusa\OneDrive - Automanix\기록
[11:40:10.633] [T1] tiles | recycle C:\Users\tsusa\OneDrive - Automanix\모임
[11:40:10.634] [T1] tiles | recycle C:\Users\tsusa\OneDrive - Automanix\문서
[11:40:10.634] [T1] tiles | recycle C:\Users\tsusa\OneDrive - Automanix\바탕 화면
[11:40:10.634] [T1] tiles | recycle C:\Users\tsusa\OneDrive - Automanix\스캔
[11:40:10.634] [T1] tiles | recycle C:\Users\tsusa\OneDrive - Automanix\앱
[11:40:10.634] [T1] tiles | recycle C:\Users\tsusa\OneDrive - Automanix\영상편집
[11:40:10.634] [T1] tiles | recycle C:\Users\tsusa\OneDrive - Automanix\전자 필기장
[11:40:10.634] [T1] tiles | recycle C:\Users\tsusa\OneDrive - Automanix\첨부 파일
[11:40:10.634] [T1] tiles | recycle C:\Users\tsusa\OneDrive - Automanix\파이썬 앱
[11:40:10.636] [T1] nav | scan done C:\Users\tsusa\OneDrive - Automanix\그림 count=64
[11:40:10.636] [T1] nav | RefreshView C:\Users\tsusa\OneDrive - Automanix\그림 count=64
[11:40:10.637] [T1] tiles | ShowEntries C:\Users\tsusa\OneDrive - Automanix\그림 count=64
[11:40:10.638] [T1] tiles | phase0 C:\Users\tsusa\OneDrive - Automanix\그림\240323 강가 별장
[11:40:10.639] [T1] tiles | phase0 C:\Users\tsusa\OneDrive - Automanix\그림\Feedback
[11:40:10.640] [T1] tiles | phase0 C:\Users\tsusa\OneDrive - Automanix\그림\Saved Pictures
[11:40:10.641] [T1] tiles | phase0 C:\Users\tsusa\OneDrive - Automanix\그림\Scan
[11:40:10.654] [T1] tiles | phase0 C:\Users\tsusa\OneDrive - Automanix\그림\Screenshots
[11:40:10.655] [T1] tiles | phase0 C:\Users\tsusa\OneDrive - Automanix\그림\Zwift
[11:40:10.656] [T1] tiles | phase0 C:\Users\tsusa\OneDrive - Automanix\그림\바탕화면
[11:40:10.657] [T1] tiles | phase0 C:\Users\tsusa\OneDrive - Automanix\그림\스캔
[11:40:10.659] [T1] tiles | phase0 C:\Users\tsusa\OneDrive - Automanix\그림\스크린샷
[11:40:10.660] [T1] tiles | phase0 C:\Users\tsusa\OneDrive - Automanix\그림\카메라 앨범
[11:40:10.661] [T1] tiles | phase0 C:\Users\tsusa\OneDrive - Automanix\그림\220731 강화도.mp4_005246116.jpeg
[11:40:10.662] [T1] tiles | phase0 C:\Users\tsusa\OneDrive - Automanix\그림\220731 강화도.mp4_005246116.jpg
[11:40:10.663] [T1] tiles | phase0 C:\Users\tsusa\OneDrive - Automanix\그림\220731 강화도.mp4_005246116.png
[11:40:10.665] [T1] tiles | phase0 C:\Users\tsusa\OneDrive - Automanix\그림\AMX.jpg
[11:40:10.666] [T1] tiles | phase0 C:\Users\tsusa\OneDrive - Automanix\그림\ARS-로고디자인_원본파일.png
[11:40:10.667] [T1] tiles | phase0 C:\Users\tsusa\OneDrive - Automanix\그림\DALL·E 2024-07-22 16.05.33 - Simplified version of a logo for 'Automotive Research Solution' with the main elements being 'ARS' in a bold font and a sleek, modern car silhouette. .webp
[11:40:10.668] [T1] tiles | phase0 C:\Users\tsusa\OneDrive - Automanix\그림\KakaoTalk_20200117_092011491.png
[11:40:10.669] [T1] tiles | phase0 C:\Users\tsusa\OneDrive - Automanix\그림\KakaoTalk_20240703_110337676.jpg
[11:40:10.670] [T1] tiles | phase0 C:\Users\tsusa\OneDrive - Automanix\그림\pexels-pixabay-37347.jpg
[11:40:10.671] [T1] tiles | phase0 C:\Users\tsusa\OneDrive - Automanix\그림\pexels-polina-zimmerman-3778619.jpg
[11:40:10.675] [T1] list | phase0 C:\Users\tsusa\OneDrive - Automanix\그림\240323 강가 별장
[11:40:10.678] [T1] list | phase0 C:\Users\tsusa\OneDrive - Automanix\그림\Feedback
[11:40:10.680] [T1] list | phase0 C:\Users\tsusa\OneDrive - Automanix\그림\Saved Pictures
[11:40:10.682] [T1] list | phase0 C:\Users\tsusa\OneDrive - Automanix\그림\Scan
[11:40:10.685] [T1] list | phase0 C:\Users\tsusa\OneDrive - Automanix\그림\Screenshots
[11:40:10.687] [T1] list | phase0 C:\Users\tsusa\OneDrive - Automanix\그림\Zwift
[11:40:10.689] [T1] list | phase0 C:\Users\tsusa\OneDrive - Automanix\그림\바탕화면
[11:40:10.692] [T1] list | phase0 C:\Users\tsusa\OneDrive - Automanix\그림\스캔
[11:40:10.694] [T1] list | phase0 C:\Users\tsusa\OneDrive - Automanix\그림\스크린샷
[11:40:10.697] [T1] list | phase0 C:\Users\tsusa\OneDrive - Automanix\그림\카메라 앨범
[11:40:10.699] [T1] list | phase0 C:\Users\tsusa\OneDrive - Automanix\그림\220731 강화도.mp4_005246116.jpeg
[11:40:10.701] [T1] list | phase0 C:\Users\tsusa\OneDrive - Automanix\그림\220731 강화도.mp4_005246116.jpg
[11:40:10.704] [T1] list | phase0 C:\Users\tsusa\OneDrive - Automanix\그림\220731 강화도.mp4_005246116.png
[11:40:10.706] [T1] list | phase0 C:\Users\tsusa\OneDrive - Automanix\그림\AMX.jpg
[11:40:10.708] [T1] list | phase0 C:\Users\tsusa\OneDrive - Automanix\그림\ARS-로고디자인_원본파일.png
[11:40:10.711] [T1] list | phase0 C:\Users\tsusa\OneDrive - Automanix\그림\DALL·E 2024-07-22 16.05.33 - Simplified version of a logo for 'Automotive Research Solution' with the main elements being 'ARS' in a bold font and a sleek, modern car silhouette. .webp
[11:40:10.713] [T1] list | phase0 C:\Users\tsusa\OneDrive - Automanix\그림\KakaoTalk_20200117_092011491.png
[11:40:10.716] [T1] list | phase0 C:\Users\tsusa\OneDrive - Automanix\그림\KakaoTalk_20240703_110337676.jpg
[11:40:10.718] [T1] list | phase0 C:\Users\tsusa\OneDrive - Automanix\그림\pexels-pixabay-37347.jpg
[11:40:10.721] [T1] list | phase0 C:\Users\tsusa\OneDrive - Automanix\그림\pexels-polina-zimmerman-3778619.jpg
[11:40:10.723] [T1] list | phase0 C:\Users\tsusa\OneDrive - Automanix\그림\PXL_20220709_232639106_2.jpg
[11:40:10.725] [T1] list | phase0 C:\Users\tsusa\OneDrive - Automanix\그림\PXL_20220714_125035942_2.jpg
[11:40:10.728] [T1] list | phase0 C:\Users\tsusa\OneDrive - Automanix\그림\PXL_20220714_125148380_2.jpg
[11:40:10.730] [T1] list | phase0 C:\Users\tsusa\OneDrive - Automanix\그림\PXL_20220719_121308973_2.jpg
[11:40:10.732] [T1] list | phase0 C:\Users\tsusa\OneDrive - Automanix\그림\PXL_20220726_125747369_2.jpg
[11:40:10.734] [T1] list | phase0 C:\Users\tsusa\OneDrive - Automanix\그림\PXL_20220804_125449327_2.jpg
[11:40:10.736] [T1] list | phase0 C:\Users\tsusa\OneDrive - Automanix\그림\PXL_20220812_121956977_2.jpg
[11:40:10.738] [T1] list | phase0 C:\Users\tsusa\OneDrive - Automanix\그림\PXL_20220813_214558393_2.jpg
[11:40:10.741] [T1] list | phase0 C:\Users\tsusa\OneDrive - Automanix\그림\PXL_20220817_112931072_2.jpg
[11:40:10.743] [T1] list | phase0 C:\Users\tsusa\OneDrive - Automanix\그림\PXL_20220824_112948946_2.jpg
[11:40:10.745] [T1] list | phase0 C:\Users\tsusa\OneDrive - Automanix\그림\PXL_20220827_001839431_2.jpg
[11:40:10.841] [T1] tiles | fill cached C:\Users\tsusa\OneDrive - Automanix\그림\220731 강화도.mp4_005246116.jpeg
[11:40:10.843] [T1] tiles | fill cached C:\Users\tsusa\OneDrive - Automanix\그림\220731 강화도.mp4_005246116.jpg
[11:40:10.844] [T1] tiles | fill cached C:\Users\tsusa\OneDrive - Automanix\그림\220731 강화도.mp4_005246116.png
[11:40:10.844] [T1] tiles | fill cached C:\Users\tsusa\OneDrive - Automanix\그림\AMX.jpg
[11:40:10.845] [T1] tiles | fill cached C:\Users\tsusa\OneDrive - Automanix\그림\ARS-로고디자인_원본파일.png
[11:40:10.845] [T1] tiles | fill cached C:\Users\tsusa\OneDrive - Automanix\그림\DALL·E 2024-07-22 16.05.33 - Simplified version of a logo for 'Automotive Research Solution' with the main elements being 'ARS' in a bold font and a sleek, modern car silhouette. .webp
[11:40:10.846] [T1] tiles | fill cached C:\Users\tsusa\OneDrive - Automanix\그림\KakaoTalk_20200117_092011491.png
[11:40:10.847] [T1] tiles | fill cached C:\Users\tsusa\OneDrive - Automanix\그림\KakaoTalk_20240703_110337676.jpg
[11:40:10.847] [T1] tiles | fill cached C:\Users\tsusa\OneDrive - Automanix\그림\pexels-pixabay-37347.jpg
[11:40:10.848] [T1] tiles | fill cached C:\Users\tsusa\OneDrive - Automanix\그림\pexels-polina-zimmerman-3778619.jpg
[11:40:10.869] [T1] list | phase0 C:\Users\tsusa\OneDrive - Automanix\그림\PXL_20220827_230734531_2.jpg
[11:40:10.871] [T1] list | phase0 C:\Users\tsusa\OneDrive - Automanix\그림\PXL_20220831_130316984_2.jpg
[11:40:10.894] [T1] list | phase0 C:\Users\tsusa\OneDrive - Automanix\그림\PXL_20220902_215631957_3.jpg
[11:40:10.897] [T1] list | phase0 C:\Users\tsusa\OneDrive - Automanix\그림\PXL_20220903_010322367_2.jpg
[11:40:10.902] [T1] list | phase0 C:\Users\tsusa\OneDrive - Automanix\그림\PXL_20220920_125143842.MOTION-02.ORIGINAL_2.jpg
[11:40:10.943] [T1] list | phase0 C:\Users\tsusa\OneDrive - Automanix\그림\PXL_20221101_105955590_2.jpg
[11:40:10.945] [T1] list | phase0 C:\Users\tsusa\OneDrive - Automanix\그림\PXL_20230212_024010110.jpg
[11:40:10.955] [T1] tiles | cached done C:\Users\tsusa\OneDrive - Automanix\그림\KakaoTalk_20200117_092011491.png
[11:40:10.956] [T1] tiles | cached done C:\Users\tsusa\OneDrive - Automanix\그림\ARS-로고디자인_원본파일.png
[11:40:10.956] [T1] tiles | cached done C:\Users\tsusa\OneDrive - Automanix\그림\AMX.jpg
[11:40:10.956] [T1] tiles | cached done C:\Users\tsusa\OneDrive - Automanix\그림\220731 강화도.mp4_005246116.jpeg
[11:40:10.957] [T1] tiles | cached done C:\Users\tsusa\OneDrive - Automanix\그림\220731 강화도.mp4_005246116.jpg
[11:40:10.957] [T1] tiles | cached done C:\Users\tsusa\OneDrive - Automanix\그림\220731 강화도.mp4_005246116.png
[11:40:10.957] [T1] tiles | cached done C:\Users\tsusa\OneDrive - Automanix\그림\pexels-polina-zimmerman-3778619.jpg
[11:40:10.957] [T1] tiles | cached done C:\Users\tsusa\OneDrive - Automanix\그림\pexels-pixabay-37347.jpg
[11:40:10.957] [T1] tiles | cached done C:\Users\tsusa\OneDrive - Automanix\그림\KakaoTalk_20240703_110337676.jpg
[11:40:10.959] [T1] tiles | phase0 C:\Users\tsusa\OneDrive - Automanix\그림\PXL_20220709_232639106_2.jpg
[11:40:10.960] [T1] tiles | phase0 C:\Users\tsusa\OneDrive - Automanix\그림\PXL_20220714_125035942_2.jpg
[11:40:10.961] [T1] tiles | phase0 C:\Users\tsusa\OneDrive - Automanix\그림\PXL_20220714_125148380_2.jpg
[11:40:10.962] [T1] tiles | phase0 C:\Users\tsusa\OneDrive - Automanix\그림\PXL_20220719_121308973_2.jpg
[11:40:10.963] [T1] tiles | fill cached C:\Users\tsusa\OneDrive - Automanix\그림\PXL_20220709_232639106_2.jpg
[11:40:10.964] [T1] tiles | fill cached C:\Users\tsusa\OneDrive - Automanix\그림\PXL_20220714_125035942_2.jpg
[11:40:10.964] [T1] tiles | fill cached C:\Users\tsusa\OneDrive - Automanix\그림\PXL_20220714_125148380_2.jpg
[11:40:10.965] [T1] tiles | fill cached C:\Users\tsusa\OneDrive - Automanix\그림\PXL_20220719_121308973_2.jpg
[11:40:10.978] [T1] tiles | cached done C:\Users\tsusa\OneDrive - Automanix\그림\DALL·E 2024-07-22 16.05.33 - Simplified version of a logo for 'Automotive Research Solution' with the main elements being 'ARS' in a bold font and a sleek, modern car silhouette. .webp
[11:40:10.982] [T1] list | phase0 C:\Users\tsusa\OneDrive - Automanix\그림\PXL_20230212_025601437_2.jpg
[11:40:10.985] [T1] list | phase0 C:\Users\tsusa\OneDrive - Automanix\그림\PXL_20230422_230822530~2.jpg
[11:40:10.988] [T1] list | phase0 C:\Users\tsusa\OneDrive - Automanix\그림\vlcsnap-2026-01-18-12h58m03s381.png
[11:40:10.989] [T1] detail | fetch Image C:\Users\tsusa\OneDrive - Automanix\그림\vlcsnap-2026-01-18-12h58m03s381.png
[11:40:11.007] [T1] tiles | cached done C:\Users\tsusa\OneDrive - Automanix\그림\PXL_20220714_125035942_2.jpg
[11:40:11.008] [T1] tiles | cached done C:\Users\tsusa\OneDrive - Automanix\그림\PXL_20220714_125148380_2.jpg
[11:40:11.008] [T1] tiles | cached done C:\Users\tsusa\OneDrive - Automanix\그림\PXL_20220719_121308973_2.jpg
[11:40:11.008] [T1] tiles | cached done C:\Users\tsusa\OneDrive - Automanix\그림\PXL_20220709_232639106_2.jpg
[11:40:11.011] [T1] tiles | phase0 C:\Users\tsusa\OneDrive - Automanix\그림\PXL_20220726_125747369_2.jpg
[11:40:11.012] [T1] tiles | phase0 C:\Users\tsusa\OneDrive - Automanix\그림\PXL_20220804_125449327_2.jpg
[11:40:11.013] [T1] tiles | phase0 C:\Users\tsusa\OneDrive - Automanix\그림\PXL_20220812_121956977_2.jpg
[11:40:11.015] [T1] tiles | phase0 C:\Users\tsusa\OneDrive - Automanix\그림\PXL_20220813_214558393_2.jpg
[11:40:11.015] [T1] tiles | fill cached C:\Users\tsusa\OneDrive - Automanix\그림\PXL_20220726_125747369_2.jpg
[11:40:11.016] [T1] tiles | fill cached C:\Users\tsusa\OneDrive - Automanix\그림\PXL_20220804_125449327_2.jpg
[11:40:11.017] [T1] tiles | fill cached C:\Users\tsusa\OneDrive - Automanix\그림\PXL_20220812_121956977_2.jpg
[11:40:11.017] [T1] tiles | fill cached C:\Users\tsusa\OneDrive - Automanix\그림\PXL_20220813_214558393_2.jpg
[11:40:11.020] [T1] list | phase0 C:\Users\tsusa\OneDrive - Automanix\그림\vlcsnap-2026-01-19-02h04m39s483.png
[11:40:11.021] [T1] detail | fetch Image C:\Users\tsusa\OneDrive - Automanix\그림\vlcsnap-2026-01-19-02h04m39s483.png
[11:40:11.023] [T1] list | phase0 C:\Users\tsusa\OneDrive - Automanix\그림\vlcsnap-2026-01-27-01h49m01s690.png
[11:40:11.023] [T1] detail | fetch Image C:\Users\tsusa\OneDrive - Automanix\그림\vlcsnap-2026-01-27-01h49m01s690.png
[11:40:11.033] [T1] detail | done C:\Users\tsusa\OneDrive - Automanix\그림\vlcsnap-2026-01-18-12h58m03s381.png
[11:40:11.036] [T1] detail | done C:\Users\tsusa\OneDrive - Automanix\그림\vlcsnap-2026-01-19-02h04m39s483.png
[11:40:11.037] [T1] detail | done C:\Users\tsusa\OneDrive - Automanix\그림\vlcsnap-2026-01-27-01h49m01s690.png
[11:40:11.076] [T1] list | phase0 C:\Users\tsusa\OneDrive - Automanix\그림\민초로부터 온 퇴장 통보.png
[11:40:11.079] [T1] list | phase0 C:\Users\tsusa\OneDrive - Automanix\그림\아우디 현가장치 관련 리콜.png
[11:40:11.081] [T1] list | phase0 C:\Users\tsusa\OneDrive - Automanix\그림\오토매닉스 대표이미지.png
[11:40:11.087] [T1] tiles | cached done C:\Users\tsusa\OneDrive - Automanix\그림\PXL_20220804_125449327_2.jpg
[11:40:11.087] [T1] tiles | cached done C:\Users\tsusa\OneDrive - Automanix\그림\PXL_20220812_121956977_2.jpg
[11:40:11.088] [T1] tiles | cached done C:\Users\tsusa\OneDrive - Automanix\그림\PXL_20220813_214558393_2.jpg
[11:40:11.088] [T1] tiles | cached done C:\Users\tsusa\OneDrive - Automanix\그림\PXL_20220726_125747369_2.jpg
[11:40:11.098] [T1] list | phase0 C:\Users\tsusa\OneDrive - Automanix\그림\오토매닉스 로고.png
[11:40:11.101] [T1] list | phase0 C:\Users\tsusa\OneDrive - Automanix\그림\오토매닉스 로고이미지.png
[11:40:11.109] [T1] tiles | phase0 C:\Users\tsusa\OneDrive - Automanix\그림\PXL_20220817_112931072_2.jpg
[11:40:11.110] [T1] tiles | phase0 C:\Users\tsusa\OneDrive - Automanix\그림\PXL_20220824_112948946_2.jpg
[11:40:11.111] [T1] tiles | phase0 C:\Users\tsusa\OneDrive - Automanix\그림\PXL_20220827_001839431_2.jpg
[11:40:11.112] [T1] tiles | phase0 C:\Users\tsusa\OneDrive - Automanix\그림\PXL_20220827_230734531_2.jpg
[11:40:11.120] [T1] tiles | fill cached C:\Users\tsusa\OneDrive - Automanix\그림\PXL_20220817_112931072_2.jpg
[11:40:11.121] [T1] tiles | fill cached C:\Users\tsusa\OneDrive - Automanix\그림\PXL_20220824_112948946_2.jpg
[11:40:11.121] [T1] tiles | fill cached C:\Users\tsusa\OneDrive - Automanix\그림\PXL_20220827_001839431_2.jpg
[11:40:11.122] [T1] tiles | fill cached C:\Users\tsusa\OneDrive - Automanix\그림\PXL_20220827_230734531_2.jpg
[11:40:11.146] [T1] tiles | cached done C:\Users\tsusa\OneDrive - Automanix\그림\PXL_20220827_230734531_2.jpg
[11:40:11.146] [T1] tiles | cached done C:\Users\tsusa\OneDrive - Automanix\그림\PXL_20220817_112931072_2.jpg
[11:40:11.147] [T1] tiles | cached done C:\Users\tsusa\OneDrive - Automanix\그림\PXL_20220824_112948946_2.jpg
[11:40:11.147] [T1] tiles | cached done C:\Users\tsusa\OneDrive - Automanix\그림\PXL_20220827_001839431_2.jpg
[11:40:11.153] [T1] list | phase0 C:\Users\tsusa\OneDrive - Automanix\그림\오토매닉스_약도.png
[11:40:11.156] [T1] list | phase0 C:\Users\tsusa\OneDrive - Automanix\그림\오토매닉스_인감_배경제거.png
[11:40:11.158] [T1] list | phase0 C:\Users\tsusa\OneDrive - Automanix\그림\코인챗 로고 long 188_79.png
[11:40:11.176] [T1] list | phase0 C:\Users\tsusa\OneDrive - Automanix\그림\코인챗 로고 square 148_148.png
[11:40:11.179] [T1] list | phase0 C:\Users\tsusa\OneDrive - Automanix\그림\코인챗_211012_아이폰XS_2대_중고구매.png
[11:40:11.206] [T1] tiles | phase0 C:\Users\tsusa\OneDrive - Automanix\그림\PXL_20220831_130316984_2.jpg
[11:40:11.208] [T1] tiles | phase0 C:\Users\tsusa\OneDrive - Automanix\그림\PXL_20220902_215631957_3.jpg
[11:40:11.209] [T1] tiles | phase0 C:\Users\tsusa\OneDrive - Automanix\그림\PXL_20220903_010322367_2.jpg
[11:40:11.210] [T1] tiles | phase0 C:\Users\tsusa\OneDrive - Automanix\그림\PXL_20220920_125143842.MOTION-02.ORIGINAL_2.jpg
[11:40:11.216] [T1] tiles | fill cached C:\Users\tsusa\OneDrive - Automanix\그림\PXL_20220831_130316984_2.jpg
[11:40:11.217] [T1] tiles | fill cached C:\Users\tsusa\OneDrive - Automanix\그림\PXL_20220902_215631957_3.jpg
[11:40:11.217] [T1] tiles | fill cached C:\Users\tsusa\OneDrive - Automanix\그림\PXL_20220903_010322367_2.jpg
[11:40:11.218] [T1] tiles | fill cached C:\Users\tsusa\OneDrive - Automanix\그림\PXL_20220920_125143842.MOTION-02.ORIGINAL_2.jpg
[11:40:11.221] [T1] list | phase0 C:\Users\tsusa\OneDrive - Automanix\그림\코인챗_사무실.jpg
[11:40:11.224] [T1] list | phase0 C:\Users\tsusa\OneDrive - Automanix\그림\코인챗_회의실.jpg
[11:40:11.226] [T1] list | phase0 C:\Users\tsusa\OneDrive - Automanix\그림\포가차.jpg
[11:40:11.245] [T1] tiles | cached done C:\Users\tsusa\OneDrive - Automanix\그림\PXL_20220831_130316984_2.jpg
[11:40:11.246] [T1] tiles | cached done C:\Users\tsusa\OneDrive - Automanix\그림\PXL_20220903_010322367_2.jpg
[11:40:11.246] [T1] tiles | cached done C:\Users\tsusa\OneDrive - Automanix\그림\PXL_20220902_215631957_3.jpg
[11:40:11.251] [T1] tiles | cached done C:\Users\tsusa\OneDrive - Automanix\그림\PXL_20220920_125143842.MOTION-02.ORIGINAL_2.jpg
[11:40:11.262] [T1] list | phase0 C:\Users\tsusa\OneDrive - Automanix\그림\화면 캡처 2020-11-26 162745.png
[11:40:11.264] [T1] list | phase0 C:\Users\tsusa\OneDrive - Automanix\그림\화면 캡처 2022-06-21 003453.png
[11:40:11.303] [T1] list | phase0 C:\Users\tsusa\OneDrive - Automanix\그림\화면 캡처 2022-08-01 115837.jpg
[11:40:11.305] [T1] list | phase0 C:\Users\tsusa\OneDrive - Automanix\그림\화면 캡처 2022-08-01 115837.png
[11:40:11.308] [T1] list | phase0 C:\Users\tsusa\OneDrive - Automanix\그림\화면 캡처 2022-08-07 171622.png
[11:40:11.344] [T1] tiles | phase0 C:\Users\tsusa\OneDrive - Automanix\그림\PXL_20221101_105955590_2.jpg
[11:40:11.345] [T1] tiles | phase0 C:\Users\tsusa\OneDrive - Automanix\그림\PXL_20230212_024010110.jpg
[11:40:11.346] [T1] tiles | phase0 C:\Users\tsusa\OneDrive - Automanix\그림\PXL_20230212_025601437_2.jpg
[11:40:11.347] [T1] tiles | phase0 C:\Users\tsusa\OneDrive - Automanix\그림\PXL_20230422_230822530~2.jpg
[11:40:11.357] [T1] tiles | fill cached C:\Users\tsusa\OneDrive - Automanix\그림\PXL_20221101_105955590_2.jpg
[11:40:11.358] [T1] tiles | fill cached C:\Users\tsusa\OneDrive - Automanix\그림\PXL_20230212_024010110.jpg
[11:40:11.358] [T1] tiles | fill cached C:\Users\tsusa\OneDrive - Automanix\그림\PXL_20230212_025601437_2.jpg
[11:40:11.359] [T1] tiles | fill cached C:\Users\tsusa\OneDrive - Automanix\그림\PXL_20230422_230822530~2.jpg
[11:40:11.372] [T1] tiles | cached done C:\Users\tsusa\OneDrive - Automanix\그림\PXL_20221101_105955590_2.jpg
[11:40:11.381] [T1] tiles | cached done C:\Users\tsusa\OneDrive - Automanix\그림\PXL_20230422_230822530~2.jpg
[11:40:11.382] [T1] tiles | cached done C:\Users\tsusa\OneDrive - Automanix\그림\PXL_20230212_025601437_2.jpg
[11:40:11.382] [T1] tiles | cached done C:\Users\tsusa\OneDrive - Automanix\그림\PXL_20230212_024010110.jpg
[11:40:11.419] [T1] list | phase0 C:\Users\tsusa\OneDrive - Automanix\그림\화면 캡처 2022-09-29 233922.png
[11:40:11.422] [T1] list | phase0 C:\Users\tsusa\OneDrive - Automanix\그림\화면 캡처 2022-10-18 181358.png
[11:40:11.454] [T1] tiles | phase0 C:\Users\tsusa\OneDrive - Automanix\그림\vlcsnap-2026-01-18-12h58m03s381.png
[11:40:11.455] [T1] tiles | phase0 C:\Users\tsusa\OneDrive - Automanix\그림\vlcsnap-2026-01-19-02h04m39s483.png
[11:40:11.456] [T1] tiles | phase0 C:\Users\tsusa\OneDrive - Automanix\그림\vlcsnap-2026-01-27-01h49m01s690.png
[11:40:11.457] [T1] tiles | phase0 C:\Users\tsusa\OneDrive - Automanix\그림\민초로부터 온 퇴장 통보.png
[11:40:11.464] [T1] tiles | fill image C:\Users\tsusa\OneDrive - Automanix\그림\vlcsnap-2026-01-18-12h58m03s381.png
[11:40:11.466] [T1] tiles | fill image C:\Users\tsusa\OneDrive - Automanix\그림\vlcsnap-2026-01-19-02h04m39s483.png
[11:40:11.466] [T1] tiles | fill image C:\Users\tsusa\OneDrive - Automanix\그림\vlcsnap-2026-01-27-01h49m01s690.png
[11:40:11.466] [T1] tiles | fill cached C:\Users\tsusa\OneDrive - Automanix\그림\민초로부터 온 퇴장 통보.png
[11:42:15.535] [T1] trace | KOTU v0.345.0 · 2026-09-06 11:42:15 · pid 16912
[11:42:15.661] [T1] shell | ShowModule hardware path=(none)
[11:42:16.823] [T4] exc | ManagementException: 잘못된 클래스입니다.  @ at System.Management.ManagementException.ThrowWithExtendedInfo(ManagementStatus errorCode)
[11:42:16.915] [T4] exc | DllNotFoundException: Unable to load DLL 'atiadlxx.dll' or one of its dependencies: 지정된 모듈을 찾을 수 없습니다. (0x8007007E) @ at LibreHardwareMonitor.Interop.AtiAdlxx.ADL2_Main_Control_Create(ADL_Main_Memory_AllocDelegate callback, Int32 connectedAdapters, IntPtr& context)
[11:42:31.286] [T1] shell | ShowModule allreadable path=(none)
[11:42:31.299] [T1] smtc | Attach (none)
[11:42:31.316] [T1] nav | NavigateToAsync C:\Users\tsusa\OneDrive - Automanix\그림 exts=48
[11:42:31.322] [T1] tiles | ShowLoading C:\Users\tsusa\OneDrive - Automanix\그림
[11:42:31.329] [T1] nav | scan done C:\Users\tsusa\OneDrive - Automanix\그림 count=60
[11:42:31.330] [T1] nav | RefreshView C:\Users\tsusa\OneDrive - Automanix\그림 count=60
[11:42:31.335] [T1] tiles | ShowEntries C:\Users\tsusa\OneDrive - Automanix\그림 count=60
[11:42:31.350] [T1] tiles | phase0 C:\Users\tsusa\OneDrive - Automanix\그림\240323 강가 별장
[11:42:31.363] [T1] list | phase0 C:\Users\tsusa\OneDrive - Automanix\그림\240323 강가 별장
[11:42:31.374] [T1] tiles | phase0 C:\Users\tsusa\OneDrive - Automanix\그림\Feedback
[11:42:31.375] [T1] tiles | phase0 C:\Users\tsusa\OneDrive - Automanix\그림\Saved Pictures
[11:42:31.376] [T1] tiles | phase0 C:\Users\tsusa\OneDrive - Automanix\그림\Scan
[11:42:31.377] [T1] tiles | phase0 C:\Users\tsusa\OneDrive - Automanix\그림\Screenshots
[11:42:31.378] [T1] tiles | phase0 C:\Users\tsusa\OneDrive - Automanix\그림\Zwift
[11:42:31.379] [T1] tiles | phase0 C:\Users\tsusa\OneDrive - Automanix\그림\바탕화면
[11:42:31.380] [T1] tiles | phase0 C:\Users\tsusa\OneDrive - Automanix\그림\스캔
[11:42:31.381] [T1] tiles | phase0 C:\Users\tsusa\OneDrive - Automanix\그림\스크린샷
[11:42:31.382] [T1] tiles | phase0 C:\Users\tsusa\OneDrive - Automanix\그림\카메라 앨범
[11:42:31.383] [T1] tiles | phase0 C:\Users\tsusa\OneDrive - Automanix\그림\220731 강화도.mp4_005246116.jpeg
[11:42:31.385] [T1] tiles | phase0 C:\Users\tsusa\OneDrive - Automanix\그림\220731 강화도.mp4_005246116.jpg
[11:42:31.387] [T1] tiles | phase0 C:\Users\tsusa\OneDrive - Automanix\그림\220731 강화도.mp4_005246116.png
[11:42:31.394] [T1] tiles | phase0 C:\Users\tsusa\OneDrive - Automanix\그림\AMX.jpg
[11:42:31.396] [T1] tiles | phase0 C:\Users\tsusa\OneDrive - Automanix\그림\ARS-로고디자인_원본파일.png
[11:42:31.397] [T1] tiles | phase0 C:\Users\tsusa\OneDrive - Automanix\그림\DALL·E 2024-07-22 16.05.33 - Simplified version of a logo for 'Automotive Research Solution' with the main elements being 'ARS' in a bold font and a sleek, modern car silhouette. .webp
[11:42:31.398] [T1] tiles | phase0 C:\Users\tsusa\OneDrive - Automanix\그림\KakaoTalk_20200117_092011491.png
[11:42:31.399] [T1] tiles | phase0 C:\Users\tsusa\OneDrive - Automanix\그림\KakaoTalk_20240703_110337676.jpg
[11:42:31.400] [T1] tiles | phase0 C:\Users\tsusa\OneDrive - Automanix\그림\pexels-pixabay-37347.jpg
[11:42:31.401] [T1] tiles | phase0 C:\Users\tsusa\OneDrive - Automanix\그림\pexels-polina-zimmerman-3778619.jpg
[11:42:31.406] [T1] list | phase0 C:\Users\tsusa\OneDrive - Automanix\그림\Feedback
[11:42:31.408] [T1] list | phase0 C:\Users\tsusa\OneDrive - Automanix\그림\Saved Pictures
[11:42:31.411] [T1] list | phase0 C:\Users\tsusa\OneDrive - Automanix\그림\Scan
[11:42:31.413] [T1] list | phase0 C:\Users\tsusa\OneDrive - Automanix\그림\Screenshots
[11:42:31.416] [T1] list | phase0 C:\Users\tsusa\OneDrive - Automanix\그림\Zwift
[11:42:31.418] [T1] list | phase0 C:\Users\tsusa\OneDrive - Automanix\그림\바탕화면
[11:42:31.421] [T1] list | phase0 C:\Users\tsusa\OneDrive - Automanix\그림\스캔
[11:42:31.423] [T1] list | phase0 C:\Users\tsusa\OneDrive - Automanix\그림\스크린샷
[11:42:31.426] [T1] list | phase0 C:\Users\tsusa\OneDrive - Automanix\그림\카메라 앨범
[11:42:31.428] [T1] list | phase0 C:\Users\tsusa\OneDrive - Automanix\그림\220731 강화도.mp4_005246116.jpeg
[11:42:31.431] [T1] list | phase0 C:\Users\tsusa\OneDrive - Automanix\그림\220731 강화도.mp4_005246116.jpg
[11:42:31.434] [T1] list | phase0 C:\Users\tsusa\OneDrive - Automanix\그림\220731 강화도.mp4_005246116.png
[11:42:31.436] [T1] list | phase0 C:\Users\tsusa\OneDrive - Automanix\그림\AMX.jpg
[11:42:31.439] [T1] list | phase0 C:\Users\tsusa\OneDrive - Automanix\그림\ARS-로고디자인_원본파일.png
[11:42:31.442] [T1] list | phase0 C:\Users\tsusa\OneDrive - Automanix\그림\DALL·E 2024-07-22 16.05.33 - Simplified version of a logo for 'Automotive Research Solution' with the main elements being 'ARS' in a bold font and a sleek, modern car silhouette. .webp
[11:42:31.444] [T1] list | phase0 C:\Users\tsusa\OneDrive - Automanix\그림\KakaoTalk_20200117_092011491.png
[11:42:31.447] [T1] list | phase0 C:\Users\tsusa\OneDrive - Automanix\그림\KakaoTalk_20240703_110337676.jpg
[11:42:31.449] [T1] list | phase0 C:\Users\tsusa\OneDrive - Automanix\그림\pexels-pixabay-37347.jpg
[11:42:31.452] [T1] list | phase0 C:\Users\tsusa\OneDrive - Automanix\그림\pexels-polina-zimmerman-3778619.jpg
[11:42:31.454] [T1] list | phase0 C:\Users\tsusa\OneDrive - Automanix\그림\PXL_20220709_232639106_2.jpg
[11:42:31.457] [T1] list | phase0 C:\Users\tsusa\OneDrive - Automanix\그림\PXL_20220714_125035942_2.jpg
[11:42:31.460] [T1] list | phase0 C:\Users\tsusa\OneDrive - Automanix\그림\PXL_20220714_125148380_2.jpg
[11:42:31.462] [T1] list | phase0 C:\Users\tsusa\OneDrive - Automanix\그림\PXL_20220719_121308973_2.jpg
[11:42:31.465] [T1] list | phase0 C:\Users\tsusa\OneDrive - Automanix\그림\PXL_20220726_125747369_2.jpg
[11:42:31.467] [T1] list | phase0 C:\Users\tsusa\OneDrive - Automanix\그림\PXL_20220804_125449327_2.jpg
[11:42:31.470] [T1] list | phase0 C:\Users\tsusa\OneDrive - Automanix\그림\PXL_20220812_121956977_2.jpg
[11:42:31.472] [T1] list | phase0 C:\Users\tsusa\OneDrive - Automanix\그림\PXL_20220813_214558393_2.jpg
[11:42:31.475] [T1] list | phase0 C:\Users\tsusa\OneDrive - Automanix\그림\PXL_20220817_112931072_2.jpg
[11:42:31.478] [T1] list | phase0 C:\Users\tsusa\OneDrive - Automanix\그림\PXL_20220824_112948946_2.jpg
[11:42:31.480] [T1] list | phase0 C:\Users\tsusa\OneDrive - Automanix\그림\PXL_20220827_001839431_2.jpg
[11:42:31.602] [T1] tiles | fill cached C:\Users\tsusa\OneDrive - Automanix\그림\220731 강화도.mp4_005246116.jpeg
[11:42:31.651] [T1] tiles | fill cached C:\Users\tsusa\OneDrive - Automanix\그림\220731 강화도.mp4_005246116.jpg
[11:42:31.652] [T1] tiles | fill cached C:\Users\tsusa\OneDrive - Automanix\그림\220731 강화도.mp4_005246116.png
[11:42:31.652] [T1] tiles | fill cached C:\Users\tsusa\OneDrive - Automanix\그림\AMX.jpg
[11:42:31.653] [T1] tiles | fill cached C:\Users\tsusa\OneDrive - Automanix\그림\ARS-로고디자인_원본파일.png
[11:42:31.653] [T1] tiles | fill cached C:\Users\tsusa\OneDrive - Automanix\그림\DALL·E 2024-07-22 16.05.33 - Simplified version of a logo for 'Automotive Research Solution' with the main elements being 'ARS' in a bold font and a sleek, modern car silhouette. .webp
[11:42:31.654] [T1] tiles | fill cached C:\Users\tsusa\OneDrive - Automanix\그림\KakaoTalk_20200117_092011491.png
[11:42:31.654] [T1] tiles | fill cached C:\Users\tsusa\OneDrive - Automanix\그림\KakaoTalk_20240703_110337676.jpg
[11:42:31.655] [T1] tiles | fill cached C:\Users\tsusa\OneDrive - Automanix\그림\pexels-pixabay-37347.jpg
[11:42:31.658] [T1] tiles | fill cached C:\Users\tsusa\OneDrive - Automanix\그림\pexels-polina-zimmerman-3778619.jpg
[11:42:31.701] [T1] list | phase0 C:\Users\tsusa\OneDrive - Automanix\그림\PXL_20220827_230734531_2.jpg
[11:42:31.704] [T1] list | phase0 C:\Users\tsusa\OneDrive - Automanix\그림\PXL_20220831_130316984_2.jpg
[11:42:31.769] [T1] list | phase0 C:\Users\tsusa\OneDrive - Automanix\그림\PXL_20220902_215631957_3.jpg
[11:42:31.772] [T1] list | phase0 C:\Users\tsusa\OneDrive - Automanix\그림\PXL_20220903_010322367_2.jpg
[11:42:31.775] [T1] list | phase0 C:\Users\tsusa\OneDrive - Automanix\그림\PXL_20220920_125143842.MOTION-02.ORIGINAL_2.jpg
[11:42:31.789] [T1] tiles | cached done C:\Users\tsusa\OneDrive - Automanix\그림\AMX.jpg
[11:42:31.790] [T1] tiles | cached done C:\Users\tsusa\OneDrive - Automanix\그림\KakaoTalk_20200117_092011491.png
[11:42:31.790] [T1] tiles | cached done C:\Users\tsusa\OneDrive - Automanix\그림\ARS-로고디자인_원본파일.png
[11:42:31.791] [T1] tiles | cached done C:\Users\tsusa\OneDrive - Automanix\그림\220731 강화도.mp4_005246116.jpeg
[11:42:31.791] [T1] tiles | cached done C:\Users\tsusa\OneDrive - Automanix\그림\pexels-polina-zimmerman-3778619.jpg
[11:42:31.791] [T1] tiles | cached done C:\Users\tsusa\OneDrive - Automanix\그림\220731 강화도.mp4_005246116.jpg
[11:42:31.791] [T1] tiles | cached done C:\Users\tsusa\OneDrive - Automanix\그림\DALL·E 2024-07-22 16.05.33 - Simplified version of a logo for 'Automotive Research Solution' with the main elements being 'ARS' in a bold font and a sleek, modern car silhouette. .webp
[11:42:31.791] [T1] tiles | cached done C:\Users\tsusa\OneDrive - Automanix\그림\pexels-pixabay-37347.jpg
[11:42:31.791] [T1] tiles | cached done C:\Users\tsusa\OneDrive - Automanix\그림\220731 강화도.mp4_005246116.png
[11:42:31.792] [T1] tiles | cached done C:\Users\tsusa\OneDrive - Automanix\그림\KakaoTalk_20240703_110337676.jpg
[11:42:31.828] [T1] list | phase0 C:\Users\tsusa\OneDrive - Automanix\그림\PXL_20221101_105955590_2.jpg
[11:42:31.830] [T1] list | phase0 C:\Users\tsusa\OneDrive - Automanix\그림\PXL_20230212_024010110.jpg
[11:42:31.894] [T1] list | phase0 C:\Users\tsusa\OneDrive - Automanix\그림\PXL_20230212_025601437_2.jpg
[11:42:31.897] [T1] list | phase0 C:\Users\tsusa\OneDrive - Automanix\그림\PXL_20230422_230822530~2.jpg
[11:42:31.899] [T1] list | phase0 C:\Users\tsusa\OneDrive - Automanix\그림\아우디 현가장치 관련 리콜.png
[11:42:31.924] [T1] list | phase0 C:\Users\tsusa\OneDrive - Automanix\그림\오토매닉스 대표이미지.png
[11:42:31.927] [T1] list | phase0 C:\Users\tsusa\OneDrive - Automanix\그림\오토매닉스 로고.png
[11:42:31.954] [T1] list | phase0 C:\Users\tsusa\OneDrive - Automanix\그림\오토매닉스 로고이미지.png
[11:42:31.957] [T1] list | phase0 C:\Users\tsusa\OneDrive - Automanix\그림\오토매닉스_약도.png
[11:42:31.960] [T1] list | phase0 C:\Users\tsusa\OneDrive - Automanix\그림\오토매닉스_인감_배경제거.png
[11:42:31.984] [T1] tiles | phase0 C:\Users\tsusa\OneDrive - Automanix\그림\PXL_20220709_232639106_2.jpg
[11:42:31.985] [T1] tiles | phase0 C:\Users\tsusa\OneDrive - Automanix\그림\PXL_20220714_125035942_2.jpg
[11:42:31.986] [T1] tiles | phase0 C:\Users\tsusa\OneDrive - Automanix\그림\PXL_20220714_125148380_2.jpg
[11:42:31.988] [T1] tiles | phase0 C:\Users\tsusa\OneDrive - Automanix\그림\PXL_20220719_121308973_2.jpg
[11:42:31.994] [T1] tiles | fill cached C:\Users\tsusa\OneDrive - Automanix\그림\PXL_20220709_232639106_2.jpg
[11:42:31.995] [T1] tiles | fill cached C:\Users\tsusa\OneDrive - Automanix\그림\PXL_20220714_125035942_2.jpg
[11:42:31.996] [T1] tiles | fill cached C:\Users\tsusa\OneDrive - Automanix\그림\PXL_20220714_125148380_2.jpg
[11:42:31.997] [T1] tiles | fill cached C:\Users\tsusa\OneDrive - Automanix\그림\PXL_20220719_121308973_2.jpg
[11:42:32.000] [T1] list | phase0 C:\Users\tsusa\OneDrive - Automanix\그림\코인챗 로고 long 188_79.png
[11:42:32.004] [T1] list | phase0 C:\Users\tsusa\OneDrive - Automanix\그림\코인챗 로고 square 148_148.png
[11:42:32.029] [T1] tiles | cached done C:\Users\tsusa\OneDrive - Automanix\그림\PXL_20220714_125035942_2.jpg
[11:42:32.030] [T1] tiles | cached done C:\Users\tsusa\OneDrive - Automanix\그림\PXL_20220719_121308973_2.jpg
[11:42:32.030] [T1] tiles | cached done C:\Users\tsusa\OneDrive - Automanix\그림\PXL_20220714_125148380_2.jpg
[11:42:32.039] [T1] tiles | cached done C:\Users\tsusa\OneDrive - Automanix\그림\PXL_20220709_232639106_2.jpg
[11:42:32.046] [T1] list | phase0 C:\Users\tsusa\OneDrive - Automanix\그림\코인챗_211012_아이폰XS_2대_중고구매.png
[11:42:32.049] [T1] list | phase0 C:\Users\tsusa\OneDrive - Automanix\그림\코인챗_사무실.jpg
[11:42:32.052] [T1] list | phase0 C:\Users\tsusa\OneDrive - Automanix\그림\코인챗_회의실.jpg
[11:42:32.075] [T1] tiles | phase0 C:\Users\tsusa\OneDrive - Automanix\그림\PXL_20220726_125747369_2.jpg
[11:42:32.077] [T1] tiles | phase0 C:\Users\tsusa\OneDrive - Automanix\그림\PXL_20220804_125449327_2.jpg
[11:42:32.078] [T1] tiles | phase0 C:\Users\tsusa\OneDrive - Automanix\그림\PXL_20220812_121956977_2.jpg
[11:42:32.079] [T1] tiles | phase0 C:\Users\tsusa\OneDrive - Automanix\그림\PXL_20220813_214558393_2.jpg
[11:42:32.086] [T1] tiles | fill cached C:\Users\tsusa\OneDrive - Automanix\그림\PXL_20220726_125747369_2.jpg
[11:42:32.086] [T1] tiles | fill cached C:\Users\tsusa\OneDrive - Automanix\그림\PXL_20220804_125449327_2.jpg
[11:42:32.087] [T1] tiles | fill cached C:\Users\tsusa\OneDrive - Automanix\그림\PXL_20220812_121956977_2.jpg
[11:42:32.088] [T1] tiles | fill cached C:\Users\tsusa\OneDrive - Automanix\그림\PXL_20220813_214558393_2.jpg
[11:42:32.092] [T1] list | phase0 C:\Users\tsusa\OneDrive - Automanix\그림\포가차.jpg
[11:42:32.095] [T1] list | phase0 C:\Users\tsusa\OneDrive - Automanix\그림\화면 캡처 2020-11-26 162745.png
[11:42:32.148] [T1] tiles | cached done C:\Users\tsusa\OneDrive - Automanix\그림\PXL_20220726_125747369_2.jpg
[11:42:32.148] [T1] tiles | cached done C:\Users\tsusa\OneDrive - Automanix\그림\PXL_20220804_125449327_2.jpg
[11:42:32.149] [T1] tiles | cached done C:\Users\tsusa\OneDrive - Automanix\그림\PXL_20220813_214558393_2.jpg
[11:42:32.149] [T1] tiles | cached done C:\Users\tsusa\OneDrive - Automanix\그림\PXL_20220812_121956977_2.jpg
[11:42:32.173] [T1] list | phase0 C:\Users\tsusa\OneDrive - Automanix\그림\화면 캡처 2022-06-21 003453.png
[11:42:32.176] [T1] list | phase0 C:\Users\tsusa\OneDrive - Automanix\그림\화면 캡처 2022-08-01 115837.jpg
[11:42:32.179] [T1] list | phase0 C:\Users\tsusa\OneDrive - Automanix\그림\화면 캡처 2022-08-01 115837.png
[11:42:32.207] [T1] tiles | phase0 C:\Users\tsusa\OneDrive - Automanix\그림\PXL_20220817_112931072_2.jpg
[11:42:32.209] [T1] tiles | phase0 C:\Users\tsusa\OneDrive - Automanix\그림\PXL_20220824_112948946_2.jpg
[11:42:32.210] [T1] tiles | phase0 C:\Users\tsusa\OneDrive - Automanix\그림\PXL_20220827_001839431_2.jpg
[11:42:32.211] [T1] tiles | phase0 C:\Users\tsusa\OneDrive - Automanix\그림\PXL_20220827_230734531_2.jpg
[11:42:32.219] [T1] tiles | fill cached C:\Users\tsusa\OneDrive - Automanix\그림\PXL_20220817_112931072_2.jpg
[11:42:32.219] [T1] tiles | fill cached C:\Users\tsusa\OneDrive - Automanix\그림\PXL_20220824_112948946_2.jpg
[11:42:32.220] [T1] tiles | fill cached C:\Users\tsusa\OneDrive - Automanix\그림\PXL_20220827_001839431_2.jpg
[11:42:32.220] [T1] tiles | fill cached C:\Users\tsusa\OneDrive - Automanix\그림\PXL_20220827_230734531_2.jpg
[11:42:32.239] [T1] tiles | cached done C:\Users\tsusa\OneDrive - Automanix\그림\PXL_20220824_112948946_2.jpg
[11:42:32.242] [T1] tiles | cached done C:\Users\tsusa\OneDrive - Automanix\그림\PXL_20220827_230734531_2.jpg
[11:42:32.247] [T1] tiles | cached done C:\Users\tsusa\OneDrive - Automanix\그림\PXL_20220817_112931072_2.jpg
[11:42:32.248] [T1] tiles | cached done C:\Users\tsusa\OneDrive - Automanix\그림\PXL_20220827_001839431_2.jpg
[11:42:32.300] [T1] list | phase0 C:\Users\tsusa\OneDrive - Automanix\그림\화면 캡처 2022-08-07 171622.png
[11:42:32.303] [T1] list | phase0 C:\Users\tsusa\OneDrive - Automanix\그림\화면 캡처 2022-09-29 233922.png
[11:42:32.367] [T1] list | phase0 C:\Users\tsusa\OneDrive - Automanix\그림\화면 캡처 2022-10-18 181358.png
[11:42:32.369] [T1] list | phase0 C:\Users\tsusa\OneDrive - Automanix\그림\화면 캡처 2022-10-21 005745.png
[11:42:32.401] [T1] tiles | phase0 C:\Users\tsusa\OneDrive - Automanix\그림\PXL_20220831_130316984_2.jpg
[11:42:32.402] [T1] tiles | phase0 C:\Users\tsusa\OneDrive - Automanix\그림\PXL_20220902_215631957_3.jpg
[11:42:32.403] [T1] tiles | phase0 C:\Users\tsusa\OneDrive - Automanix\그림\PXL_20220903_010322367_2.jpg
[11:42:32.404] [T1] tiles | phase0 C:\Users\tsusa\OneDrive - Automanix\그림\PXL_20220920_125143842.MOTION-02.ORIGINAL_2.jpg
[11:42:32.420] [T1] tiles | fill cached C:\Users\tsusa\OneDrive - Automanix\그림\PXL_20220831_130316984_2.jpg
[11:42:32.421] [T1] tiles | fill cached C:\Users\tsusa\OneDrive - Automanix\그림\PXL_20220902_215631957_3.jpg
[11:42:32.422] [T1] tiles | fill cached C:\Users\tsusa\OneDrive - Automanix\그림\PXL_20220903_010322367_2.jpg
[11:42:32.423] [T1] tiles | fill cached C:\Users\tsusa\OneDrive - Automanix\그림\PXL_20220920_125143842.MOTION-02.ORIGINAL_2.jpg
[11:42:32.438] [T1] tiles | cached done C:\Users\tsusa\OneDrive - Automanix\그림\PXL_20220903_010322367_2.jpg
[11:42:32.444] [T1] tiles | cached done C:\Users\tsusa\OneDrive - Automanix\그림\PXL_20220831_130316984_2.jpg
[11:42:32.445] [T1] tiles | cached done C:\Users\tsusa\OneDrive - Automanix\그림\PXL_20220920_125143842.MOTION-02.ORIGINAL_2.jpg
[11:42:32.445] [T1] tiles | cached done C:\Users\tsusa\OneDrive - Automanix\그림\PXL_20220902_215631957_3.jpg
[11:42:32.522] [T1] tiles | phase0 C:\Users\tsusa\OneDrive - Automanix\그림\PXL_20221101_105955590_2.jpg
[11:42:32.524] [T1] tiles | phase0 C:\Users\tsusa\OneDrive - Automanix\그림\PXL_20230212_024010110.jpg
[11:42:32.525] [T1] tiles | phase0 C:\Users\tsusa\OneDrive - Automanix\그림\PXL_20230212_025601437_2.jpg
[11:42:32.526] [T1] tiles | phase0 C:\Users\tsusa\OneDrive - Automanix\그림\PXL_20230422_230822530~2.jpg
[11:42:32.534] [T1] tiles | fill cached C:\Users\tsusa\OneDrive - Automanix\그림\PXL_20221101_105955590_2.jpg
[11:42:32.534] [T1] tiles | fill cached C:\Users\tsusa\OneDrive - Automanix\그림\PXL_20230212_024010110.jpg
[11:42:32.535] [T1] tiles | fill cached C:\Users\tsusa\OneDrive - Automanix\그림\PXL_20230212_025601437_2.jpg
[11:42:32.535] [T1] tiles | fill cached C:\Users\tsusa\OneDrive - Automanix\그림\PXL_20230422_230822530~2.jpg
[11:42:32.550] [T1] tiles | cached done C:\Users\tsusa\OneDrive - Automanix\그림\PXL_20230212_024010110.jpg
[11:42:32.550] [T1] tiles | cached done C:\Users\tsusa\OneDrive - Automanix\그림\PXL_20221101_105955590_2.jpg
[11:42:32.558] [T1] tiles | cached done C:\Users\tsusa\OneDrive - Automanix\그림\PXL_20230212_025601437_2.jpg
[11:42:32.560] [T1] tiles | cached done C:\Users\tsusa\OneDrive - Automanix\그림\PXL_20230422_230822530~2.jpg
[11:42:32.735] [T1] tiles | phase0 C:\Users\tsusa\OneDrive - Automanix\그림\아우디 현가장치 관련 리콜.png
[11:42:32.736] [T1] tiles | phase0 C:\Users\tsusa\OneDrive - Automanix\그림\오토매닉스 대표이미지.png
[11:42:32.737] [T1] tiles | phase0 C:\Users\tsusa\OneDrive - Automanix\그림\오토매닉스 로고.png
[11:42:32.738] [T1] tiles | phase0 C:\Users\tsusa\OneDrive - Automanix\그림\오토매닉스 로고이미지.png
[11:42:32.746] [T1] tiles | fill cached C:\Users\tsusa\OneDrive - Automanix\그림\아우디 현가장치 관련 리콜.png
[11:42:32.746] [T1] tiles | fill cached C:\Users\tsusa\OneDrive - Automanix\그림\오토매닉스 대표이미지.png
[11:42:32.747] [T1] tiles | fill cached C:\Users\tsusa\OneDrive - Automanix\그림\오토매닉스 로고.png
[11:42:32.748] [T1] tiles | fill cached C:\Users\tsusa\OneDrive - Automanix\그림\오토매닉스 로고이미지.png
[11:42:32.775] [T1] tiles | cached done C:\Users\tsusa\OneDrive - Automanix\그림\아우디 현가장치 관련 리콜.png
[11:42:32.778] [T1] tiles | cached done C:\Users\tsusa\OneDrive - Automanix\그림\오토매닉스 로고.png
[11:42:32.779] [T1] tiles | cached done C:\Users\tsusa\OneDrive - Automanix\그림\오토매닉스 로고이미지.png
[11:42:32.780] [T1] tiles | cached done C:\Users\tsusa\OneDrive - Automanix\그림\오토매닉스 대표이미지.png
[11:42:32.831] [T1] tiles | phase0 C:\Users\tsusa\OneDrive - Automanix\그림\오토매닉스_약도.png
[11:42:32.833] [T1] tiles | phase0 C:\Users\tsusa\OneDrive - Automanix\그림\오토매닉스_인감_배경제거.png
[11:42:32.834] [T1] tiles | phase0 C:\Users\tsusa\OneDrive - Automanix\그림\코인챗 로고 long 188_79.png
[11:42:32.835] [T1] tiles | phase0 C:\Users\tsusa\OneDrive - Automanix\그림\코인챗 로고 square 148_148.png
[11:42:32.843] [T1] tiles | fill cached C:\Users\tsusa\OneDrive - Automanix\그림\오토매닉스_약도.png
[11:42:32.843] [T1] tiles | fill cached C:\Users\tsusa\OneDrive - Automanix\그림\오토매닉스_인감_배경제거.png
[11:42:32.844] [T1] tiles | fill cached C:\Users\tsusa\OneDrive - Automanix\그림\코인챗 로고 long 188_79.png
[11:42:32.844] [T1] tiles | fill cached C:\Users\tsusa\OneDrive - Automanix\그림\코인챗 로고 square 148_148.png
[11:42:32.858] [T1] tiles | cached done C:\Users\tsusa\OneDrive - Automanix\그림\코인챗 로고 long 188_79.png
[11:42:32.858] [T1] tiles | cached done C:\Users\tsusa\OneDrive - Automanix\그림\오토매닉스_약도.png
[11:42:32.858] [T1] tiles | cached done C:\Users\tsusa\OneDrive - Automanix\그림\코인챗 로고 square 148_148.png
[11:42:32.858] [T1] tiles | cached done C:\Users\tsusa\OneDrive - Automanix\그림\오토매닉스_인감_배경제거.png
[11:42:32.874] [T1] tiles | phase0 C:\Users\tsusa\OneDrive - Automanix\그림\코인챗_211012_아이폰XS_2대_중고구매.png
[11:42:32.875] [T1] tiles | phase0 C:\Users\tsusa\OneDrive - Automanix\그림\코인챗_사무실.jpg
[11:42:32.876] [T1] tiles | phase0 C:\Users\tsusa\OneDrive - Automanix\그림\코인챗_회의실.jpg
[11:42:32.877] [T1] tiles | phase0 C:\Users\tsusa\OneDrive - Automanix\그림\포가차.jpg
[11:42:32.885] [T1] tiles | fill cached C:\Users\tsusa\OneDrive - Automanix\그림\코인챗_211012_아이폰XS_2대_중고구매.png
[11:42:32.886] [T1] tiles | fill cached C:\Users\tsusa\OneDrive - Automanix\그림\코인챗_사무실.jpg
[11:42:32.886] [T1] tiles | fill cached C:\Users\tsusa\OneDrive - Automanix\그림\코인챗_회의실.jpg
[11:42:32.887] [T1] tiles | fill cached C:\Users\tsusa\OneDrive - Automanix\그림\포가차.jpg
[11:42:32.898] [T1] tiles | cached done C:\Users\tsusa\OneDrive - Automanix\그림\코인챗_사무실.jpg
[11:42:32.902] [T1] tiles | cached done C:\Users\tsusa\OneDrive - Automanix\그림\코인챗_211012_아이폰XS_2대_중고구매.png
[11:42:32.903] [T1] tiles | cached done C:\Users\tsusa\OneDrive - Automanix\그림\코인챗_회의실.jpg
[11:42:32.907] [T1] tiles | cached done C:\Users\tsusa\OneDrive - Automanix\그림\포가차.jpg
[11:42:32.910] [T1] tiles | phase0 C:\Users\tsusa\OneDrive - Automanix\그림\화면 캡처 2020-11-26 162745.png
[11:42:32.911] [T1] tiles | phase0 C:\Users\tsusa\OneDrive - Automanix\그림\화면 캡처 2022-06-21 003453.png
[11:42:32.912] [T1] tiles | phase0 C:\Users\tsusa\OneDrive - Automanix\그림\화면 캡처 2022-08-01 115837.jpg
[11:42:32.913] [T1] tiles | phase0 C:\Users\tsusa\OneDrive - Automanix\그림\화면 캡처 2022-08-01 115837.png
[11:42:32.914] [T1] tiles | fill cached C:\Users\tsusa\OneDrive - Automanix\그림\화면 캡처 2020-11-26 162745.png
[11:42:32.915] [T1] tiles | fill cached C:\Users\tsusa\OneDrive - Automanix\그림\화면 캡처 2022-06-21 003453.png
[11:42:32.915] [T1] tiles | fill cached C:\Users\tsusa\OneDrive - Automanix\그림\화면 캡처 2022-08-01 115837.jpg
[11:42:32.915] [T1] tiles | fill cached C:\Users\tsusa\OneDrive - Automanix\그림\화면 캡처 2022-08-01 115837.png
[11:42:32.926] [T1] tiles | cached done C:\Users\tsusa\OneDrive - Automanix\그림\화면 캡처 2020-11-26 162745.png
[11:42:32.933] [T1] tiles | cached done C:\Users\tsusa\OneDrive - Automanix\그림\화면 캡처 2022-06-21 003453.png
[11:42:32.933] [T1] tiles | cached done C:\Users\tsusa\OneDrive - Automanix\그림\화면 캡처 2022-08-01 115837.png
[11:42:32.935] [T1] tiles | phase0 C:\Users\tsusa\OneDrive - Automanix\그림\화면 캡처 2022-08-07 171622.png
[11:42:32.936] [T1] tiles | phase0 C:\Users\tsusa\OneDrive - Automanix\그림\화면 캡처 2022-09-29 233922.png
[11:42:32.937] [T1] tiles | phase0 C:\Users\tsusa\OneDrive - Automanix\그림\화면 캡처 2022-10-18 181358.png
[11:42:32.938] [T1] tiles | phase0 C:\Users\tsusa\OneDrive - Automanix\그림\화면 캡처 2022-10-21 005745.png
[11:42:32.941] [T1] tiles | cached done C:\Users\tsusa\OneDrive - Automanix\그림\화면 캡처 2022-08-01 115837.jpg
[11:42:32.946] [T1] tiles | fill cached C:\Users\tsusa\OneDrive - Automanix\그림\화면 캡처 2022-08-07 171622.png
[11:42:32.946] [T1] tiles | fill cached C:\Users\tsusa\OneDrive - Automanix\그림\화면 캡처 2022-09-29 233922.png
[11:42:32.947] [T1] tiles | fill cached C:\Users\tsusa\OneDrive - Automanix\그림\화면 캡처 2022-10-18 181358.png
[11:42:32.948] [T1] tiles | fill cached C:\Users\tsusa\OneDrive - Automanix\그림\화면 캡처 2022-10-21 005745.png
[11:42:32.960] [T1] tiles | cached done C:\Users\tsusa\OneDrive - Automanix\그림\화면 캡처 2022-09-29 233922.png
[11:42:32.965] [T1] tiles | cached done C:\Users\tsusa\OneDrive - Automanix\그림\화면 캡처 2022-10-18 181358.png
[11:42:32.966] [T1] tiles | cached done C:\Users\tsusa\OneDrive - Automanix\그림\화면 캡처 2022-08-07 171622.png
[11:42:32.967] [T1] tiles | cached done C:\Users\tsusa\OneDrive - Automanix\그림\화면 캡처 2022-10-21 005745.png
[11:46:36.241] [T1] shell | window closed
[11:46:36.289] [T1] smtc | Detach
[11:46:36.449] [T11] exc | OperationCanceledException: The operation was canceled. @ at System.Threading.CancellationToken.ThrowOperationCanceledException()
[11:46:36.449] [T11] exc | OperationCanceledException: The operation was canceled. @ at System.Threading.SemaphoreSlim.Wait(Int32 millisecondsTimeout, CancellationToken cancellationToken)
[11:46:36.456] [T12] exc | OperationCanceledException: The operation was canceled. @ at System.Threading.CancellationToken.ThrowOperationCanceledException()
[11:46:36.457] [T12] exc | OperationCanceledException: The operation was canceled. @ at System.Threading.SemaphoreSlim.Wait(Int32 millisecondsTimeout, CancellationToken cancellationToken)
[12:01:17.208] [T1] trace | KOTU v0.345.0 · 2026-09-06 12:01:17 · pid 46580
[12:01:17.336] [T1] shell | ShowModule hardware path=(none)
[12:01:18.973] [T4] exc | ManagementException: 잘못된 클래스입니다.  @ at System.Management.ManagementException.ThrowWithExtendedInfo(ManagementStatus errorCode)
[12:01:19.100] [T4] exc | DllNotFoundException: Unable to load DLL 'atiadlxx.dll' or one of its dependencies: 지정된 모듈을 찾을 수 없습니다. (0x8007007E) @ at LibreHardwareMonitor.Interop.AtiAdlxx.ADL2_Main_Control_Create(ADL_Main_Memory_AllocDelegate callback, Int32 connectedAdapters, IntPtr& context)
[12:02:14.968] [T1] trace | KOTU v0.346.0 · 2026-09-06 12:02:14 · pid 7660
[12:02:15.138] [T1] shell | ShowModule hardware path=(none)
[12:02:17.099] [T4] exc | ManagementException: 잘못된 클래스입니다.  @ at System.Management.ManagementException.ThrowWithExtendedInfo(ManagementStatus errorCode)
[12:02:17.201] [T4] exc | DllNotFoundException: Unable to load DLL 'atiadlxx.dll' or one of its dependencies: 지정된 모듈을 찾을 수 없습니다. (0x8007007E) @ at LibreHardwareMonitor.Interop.AtiAdlxx.ADL2_Main_Control_Create(ADL_Main_Memory_AllocDelegate callback, Int32 connectedAdapters, IntPtr& context)
[12:03:28.501] [T1] shell | ShowModule allreadable path=(none)
[12:03:28.515] [T1] smtc | Attach (none)
[12:03:28.532] [T1] nav | NavigateToAsync C:\Users\tsusa\OneDrive - Automanix\그림 exts=48
[12:03:28.539] [T1] tiles | ShowLoading C:\Users\tsusa\OneDrive - Automanix\그림
[12:03:28.548] [T1] nav | scan done C:\Users\tsusa\OneDrive - Automanix\그림 count=64
[12:03:28.550] [T1] nav | RefreshView C:\Users\tsusa\OneDrive - Automanix\그림 count=64
[12:03:28.554] [T1] tiles | ShowEntries C:\Users\tsusa\OneDrive - Automanix\그림 count=64
[12:03:28.571] [T1] tiles | phase0 C:\Users\tsusa\OneDrive - Automanix\그림\240323 강가 별장
[12:03:28.585] [T1] list | phase0 C:\Users\tsusa\OneDrive - Automanix\그림\240323 강가 별장
[12:03:28.597] [T1] tiles | phase0 C:\Users\tsusa\OneDrive - Automanix\그림\Feedback
[12:03:28.598] [T1] tiles | phase0 C:\Users\tsusa\OneDrive - Automanix\그림\Saved Pictures
[12:03:28.599] [T1] tiles | phase0 C:\Users\tsusa\OneDrive - Automanix\그림\Scan
[12:03:28.600] [T1] tiles | phase0 C:\Users\tsusa\OneDrive - Automanix\그림\Screenshots
[12:03:28.601] [T1] tiles | phase0 C:\Users\tsusa\OneDrive - Automanix\그림\Zwift
[12:03:28.602] [T1] tiles | phase0 C:\Users\tsusa\OneDrive - Automanix\그림\바탕화면
[12:03:28.603] [T1] tiles | phase0 C:\Users\tsusa\OneDrive - Automanix\그림\스캔
[12:03:28.605] [T1] tiles | phase0 C:\Users\tsusa\OneDrive - Automanix\그림\스크린샷
[12:03:28.606] [T1] tiles | phase0 C:\Users\tsusa\OneDrive - Automanix\그림\카메라 앨범
[12:03:28.607] [T1] tiles | phase0 C:\Users\tsusa\OneDrive - Automanix\그림\220731 강화도.mp4_005246116.jpeg
[12:03:28.609] [T1] tiles | phase0 C:\Users\tsusa\OneDrive - Automanix\그림\220731 강화도.mp4_005246116.jpg
[12:03:28.611] [T1] tiles | phase0 C:\Users\tsusa\OneDrive - Automanix\그림\220731 강화도.mp4_005246116.png
[12:03:28.612] [T1] tiles | phase0 C:\Users\tsusa\OneDrive - Automanix\그림\AMX.jpg
[12:03:28.613] [T1] tiles | phase0 C:\Users\tsusa\OneDrive - Automanix\그림\ARS-로고디자인_원본파일.png
[12:03:28.614] [T1] tiles | phase0 C:\Users\tsusa\OneDrive - Automanix\그림\DALL·E 2024-07-22 16.05.33 - Simplified version of a logo for 'Automotive Research Solution' with the main elements being 'ARS' in a bold font and a sleek, modern car silhouette. .webp
[12:03:28.616] [T1] tiles | phase0 C:\Users\tsusa\OneDrive - Automanix\그림\KakaoTalk_20200117_092011491.png
[12:03:28.617] [T1] tiles | phase0 C:\Users\tsusa\OneDrive - Automanix\그림\KakaoTalk_20240703_110337676.jpg
[12:03:28.618] [T1] tiles | phase0 C:\Users\tsusa\OneDrive - Automanix\그림\pexels-pixabay-37347.jpg
[12:03:28.620] [T1] tiles | phase0 C:\Users\tsusa\OneDrive - Automanix\그림\pexels-polina-zimmerman-3778619.jpg
[12:03:28.626] [T1] list | phase0 C:\Users\tsusa\OneDrive - Automanix\그림\Feedback
[12:03:28.629] [T1] list | phase0 C:\Users\tsusa\OneDrive - Automanix\그림\Saved Pictures
[12:03:28.632] [T1] list | phase0 C:\Users\tsusa\OneDrive - Automanix\그림\Scan
[12:03:28.634] [T1] list | phase0 C:\Users\tsusa\OneDrive - Automanix\그림\Screenshots
[12:03:28.637] [T1] list | phase0 C:\Users\tsusa\OneDrive - Automanix\그림\Zwift
[12:03:28.640] [T1] list | phase0 C:\Users\tsusa\OneDrive - Automanix\그림\바탕화면
[12:03:28.643] [T1] list | phase0 C:\Users\tsusa\OneDrive - Automanix\그림\스캔
[12:03:28.645] [T1] list | phase0 C:\Users\tsusa\OneDrive - Automanix\그림\스크린샷
[12:03:28.648] [T1] list | phase0 C:\Users\tsusa\OneDrive - Automanix\그림\카메라 앨범
[12:03:28.651] [T1] list | phase0 C:\Users\tsusa\OneDrive - Automanix\그림\220731 강화도.mp4_005246116.jpeg
[12:03:28.653] [T1] list | phase0 C:\Users\tsusa\OneDrive - Automanix\그림\220731 강화도.mp4_005246116.jpg
[12:03:28.656] [T1] list | phase0 C:\Users\tsusa\OneDrive - Automanix\그림\220731 강화도.mp4_005246116.png
[12:03:28.659] [T1] list | phase0 C:\Users\tsusa\OneDrive - Automanix\그림\AMX.jpg
[12:03:28.661] [T1] list | phase0 C:\Users\tsusa\OneDrive - Automanix\그림\ARS-로고디자인_원본파일.png
[12:03:28.664] [T1] list | phase0 C:\Users\tsusa\OneDrive - Automanix\그림\DALL·E 2024-07-22 16.05.33 - Simplified version of a logo for 'Automotive Research Solution' with the main elements being 'ARS' in a bold font and a sleek, modern car silhouette. .webp
[12:03:28.667] [T1] list | phase0 C:\Users\tsusa\OneDrive - Automanix\그림\KakaoTalk_20200117_092011491.png
[12:03:28.670] [T1] list | phase0 C:\Users\tsusa\OneDrive - Automanix\그림\KakaoTalk_20240703_110337676.jpg
[12:03:28.679] [T1] list | phase0 C:\Users\tsusa\OneDrive - Automanix\그림\pexels-pixabay-37347.jpg
[12:03:28.682] [T1] list | phase0 C:\Users\tsusa\OneDrive - Automanix\그림\pexels-polina-zimmerman-3778619.jpg
[12:03:28.685] [T1] list | phase0 C:\Users\tsusa\OneDrive - Automanix\그림\PXL_20220709_232639106_2.jpg
[12:03:28.688] [T1] list | phase0 C:\Users\tsusa\OneDrive - Automanix\그림\PXL_20220714_125035942_2.jpg
[12:03:28.691] [T1] list | phase0 C:\Users\tsusa\OneDrive - Automanix\그림\PXL_20220714_125148380_2.jpg
[12:03:28.694] [T1] list | phase0 C:\Users\tsusa\OneDrive - Automanix\그림\PXL_20220719_121308973_2.jpg
[12:03:28.697] [T1] list | phase0 C:\Users\tsusa\OneDrive - Automanix\그림\PXL_20220726_125747369_2.jpg
[12:03:28.699] [T1] list | phase0 C:\Users\tsusa\OneDrive - Automanix\그림\PXL_20220804_125449327_2.jpg
[12:03:28.702] [T1] list | phase0 C:\Users\tsusa\OneDrive - Automanix\그림\PXL_20220812_121956977_2.jpg
[12:03:28.705] [T1] list | phase0 C:\Users\tsusa\OneDrive - Automanix\그림\PXL_20220813_214558393_2.jpg
[12:03:28.707] [T1] list | phase0 C:\Users\tsusa\OneDrive - Automanix\그림\PXL_20220817_112931072_2.jpg
[12:03:28.710] [T1] list | phase0 C:\Users\tsusa\OneDrive - Automanix\그림\PXL_20220824_112948946_2.jpg
[12:03:28.712] [T1] list | phase0 C:\Users\tsusa\OneDrive - Automanix\그림\PXL_20220827_001839431_2.jpg
[12:03:28.835] [T1] tiles | fill cached C:\Users\tsusa\OneDrive - Automanix\그림\220731 강화도.mp4_005246116.jpeg
[12:03:28.838] [T1] tiles | fill cached C:\Users\tsusa\OneDrive - Automanix\그림\220731 강화도.mp4_005246116.jpg
[12:03:28.839] [T1] tiles | fill cached C:\Users\tsusa\OneDrive - Automanix\그림\220731 강화도.mp4_005246116.png
[12:03:28.840] [T1] tiles | fill cached C:\Users\tsusa\OneDrive - Automanix\그림\AMX.jpg
[12:03:28.840] [T1] tiles | fill cached C:\Users\tsusa\OneDrive - Automanix\그림\ARS-로고디자인_원본파일.png
[12:03:28.841] [T1] tiles | fill cached C:\Users\tsusa\OneDrive - Automanix\그림\DALL·E 2024-07-22 16.05.33 - Simplified version of a logo for 'Automotive Research Solution' with the main elements being 'ARS' in a bold font and a sleek, modern car silhouette. .webp
[12:03:28.841] [T1] tiles | fill cached C:\Users\tsusa\OneDrive - Automanix\그림\KakaoTalk_20200117_092011491.png
[12:03:28.842] [T1] tiles | fill cached C:\Users\tsusa\OneDrive - Automanix\그림\KakaoTalk_20240703_110337676.jpg
[12:03:28.842] [T1] tiles | fill cached C:\Users\tsusa\OneDrive - Automanix\그림\pexels-pixabay-37347.jpg
[12:03:28.843] [T1] tiles | fill cached C:\Users\tsusa\OneDrive - Automanix\그림\pexels-polina-zimmerman-3778619.jpg
[12:03:28.901] [T1] list | phase0 C:\Users\tsusa\OneDrive - Automanix\그림\PXL_20220827_230734531_2.jpg
[12:03:28.905] [T1] list | phase0 C:\Users\tsusa\OneDrive - Automanix\그림\PXL_20220831_130316984_2.jpg
[12:03:28.962] [T1] tiles | cached done C:\Users\tsusa\OneDrive - Automanix\그림\KakaoTalk_20200117_092011491.png
[12:03:28.963] [T1] tiles | cached done C:\Users\tsusa\OneDrive - Automanix\그림\ARS-로고디자인_원본파일.png
[12:03:28.964] [T1] tiles | cached done C:\Users\tsusa\OneDrive - Automanix\그림\AMX.jpg
[12:03:28.964] [T1] tiles | cached done C:\Users\tsusa\OneDrive - Automanix\그림\220731 강화도.mp4_005246116.png
[12:03:28.964] [T1] tiles | cached done C:\Users\tsusa\OneDrive - Automanix\그림\pexels-polina-zimmerman-3778619.jpg
[12:03:28.964] [T1] tiles | cached done C:\Users\tsusa\OneDrive - Automanix\그림\220731 강화도.mp4_005246116.jpg
[12:03:28.965] [T1] tiles | cached done C:\Users\tsusa\OneDrive - Automanix\그림\220731 강화도.mp4_005246116.jpeg
[12:03:28.965] [T1] tiles | cached done C:\Users\tsusa\OneDrive - Automanix\그림\pexels-pixabay-37347.jpg
[12:03:28.965] [T1] tiles | cached done C:\Users\tsusa\OneDrive - Automanix\그림\DALL·E 2024-07-22 16.05.33 - Simplified version of a logo for 'Automotive Research Solution' with the main elements being 'ARS' in a bold font and a sleek, modern car silhouette. .webp
[12:03:28.965] [T1] tiles | cached done C:\Users\tsusa\OneDrive - Automanix\그림\KakaoTalk_20240703_110337676.jpg
[12:03:28.997] [T1] list | phase0 C:\Users\tsusa\OneDrive - Automanix\그림\PXL_20220902_215631957_3.jpg
[12:03:29.000] [T1] list | phase0 C:\Users\tsusa\OneDrive - Automanix\그림\PXL_20220903_010322367_2.jpg
[12:03:29.003] [T1] list | phase0 C:\Users\tsusa\OneDrive - Automanix\그림\PXL_20220920_125143842.MOTION-02.ORIGINAL_2.jpg
[12:03:29.027] [T1] list | phase0 C:\Users\tsusa\OneDrive - Automanix\그림\PXL_20221101_105955590_2.jpg
[12:03:29.030] [T1] list | phase0 C:\Users\tsusa\OneDrive - Automanix\그림\PXL_20230212_024010110.jpg
[12:03:29.093] [T1] list | phase0 C:\Users\tsusa\OneDrive - Automanix\그림\PXL_20230212_025601437_2.jpg
[12:03:29.096] [T1] list | phase0 C:\Users\tsusa\OneDrive - Automanix\그림\PXL_20230422_230822530~2.jpg
[12:03:29.098] [T1] list | phase0 C:\Users\tsusa\OneDrive - Automanix\그림\vlcsnap-2026-01-18-12h58m03s381.png
[12:03:29.099] [T1] detail | fetch Image C:\Users\tsusa\OneDrive - Automanix\그림\vlcsnap-2026-01-18-12h58m03s381.png
[12:03:29.124] [T1] list | phase0 C:\Users\tsusa\OneDrive - Automanix\그림\vlcsnap-2026-01-19-02h04m39s483.png
[12:03:29.125] [T1] detail | fetch Image C:\Users\tsusa\OneDrive - Automanix\그림\vlcsnap-2026-01-19-02h04m39s483.png
[12:03:29.128] [T1] list | phase0 C:\Users\tsusa\OneDrive - Automanix\그림\vlcsnap-2026-01-27-01h49m01s690.png
[12:03:29.128] [T1] detail | fetch Image C:\Users\tsusa\OneDrive - Automanix\그림\vlcsnap-2026-01-27-01h49m01s690.png
[12:03:29.133] [T1] detail | done C:\Users\tsusa\OneDrive - Automanix\그림\vlcsnap-2026-01-18-12h58m03s381.png
[12:03:29.136] [T1] detail | done C:\Users\tsusa\OneDrive - Automanix\그림\vlcsnap-2026-01-19-02h04m39s483.png
[12:03:29.142] [T1] detail | done C:\Users\tsusa\OneDrive - Automanix\그림\vlcsnap-2026-01-27-01h49m01s690.png
[12:03:29.154] [T1] list | phase0 C:\Users\tsusa\OneDrive - Automanix\그림\민초로부터 온 퇴장 통보.png
[12:03:29.154] [T1] detail | fetch Image C:\Users\tsusa\OneDrive - Automanix\그림\민초로부터 온 퇴장 통보.png
[12:03:29.157] [T1] list | phase0 C:\Users\tsusa\OneDrive - Automanix\그림\아우디 현가장치 관련 리콜.png
[12:03:29.161] [T1] list | phase0 C:\Users\tsusa\OneDrive - Automanix\그림\오토매닉스 대표이미지.png
[12:03:29.166] [T1] detail | done C:\Users\tsusa\OneDrive - Automanix\그림\민초로부터 온 퇴장 통보.png
[12:03:29.183] [T1] tiles | phase0 C:\Users\tsusa\OneDrive - Automanix\그림\PXL_20220709_232639106_2.jpg
[12:03:29.185] [T1] tiles | phase0 C:\Users\tsusa\OneDrive - Automanix\그림\PXL_20220714_125035942_2.jpg
[12:03:29.186] [T1] tiles | phase0 C:\Users\tsusa\OneDrive - Automanix\그림\PXL_20220714_125148380_2.jpg
[12:03:29.187] [T1] tiles | phase0 C:\Users\tsusa\OneDrive - Automanix\그림\PXL_20220719_121308973_2.jpg
[12:03:29.194] [T1] tiles | fill cached C:\Users\tsusa\OneDrive - Automanix\그림\PXL_20220709_232639106_2.jpg
[12:03:29.195] [T1] tiles | fill cached C:\Users\tsusa\OneDrive - Automanix\그림\PXL_20220714_125035942_2.jpg
[12:03:29.195] [T1] tiles | fill cached C:\Users\tsusa\OneDrive - Automanix\그림\PXL_20220714_125148380_2.jpg
[12:03:29.196] [T1] tiles | fill cached C:\Users\tsusa\OneDrive - Automanix\그림\PXL_20220719_121308973_2.jpg
[12:03:29.200] [T1] list | phase0 C:\Users\tsusa\OneDrive - Automanix\그림\오토매닉스 로고.png
[12:03:29.204] [T1] list | phase0 C:\Users\tsusa\OneDrive - Automanix\그림\오토매닉스 로고이미지.png
[12:03:29.234] [T1] tiles | cached done C:\Users\tsusa\OneDrive - Automanix\그림\PXL_20220714_125035942_2.jpg
[12:03:29.235] [T1] tiles | cached done C:\Users\tsusa\OneDrive - Automanix\그림\PXL_20220714_125148380_2.jpg
[12:03:29.235] [T1] tiles | cached done C:\Users\tsusa\OneDrive - Automanix\그림\PXL_20220719_121308973_2.jpg
[12:03:29.235] [T1] tiles | cached done C:\Users\tsusa\OneDrive - Automanix\그림\PXL_20220709_232639106_2.jpg
[12:03:29.239] [T1] list | phase0 C:\Users\tsusa\OneDrive - Automanix\그림\오토매닉스_약도.png
[12:03:29.242] [T1] list | phase0 C:\Users\tsusa\OneDrive - Automanix\그림\오토매닉스_인감_배경제거.png
[12:03:29.245] [T1] list | phase0 C:\Users\tsusa\OneDrive - Automanix\그림\코인챗 로고 long 188_79.png
[12:03:29.275] [T1] list | phase0 C:\Users\tsusa\OneDrive - Automanix\그림\코인챗 로고 square 148_148.png
[12:03:29.278] [T1] list | phase0 C:\Users\tsusa\OneDrive - Automanix\그림\코인챗_211012_아이폰XS_2대_중고구매.png
[12:03:29.313] [T1] list | phase0 C:\Users\tsusa\OneDrive - Automanix\그림\코인챗_사무실.jpg
[12:03:29.316] [T1] list | phase0 C:\Users\tsusa\OneDrive - Automanix\그림\코인챗_회의실.jpg
[12:03:29.319] [T1] list | phase0 C:\Users\tsusa\OneDrive - Automanix\그림\포가차.jpg
[12:03:29.343] [T1] list | phase0 C:\Users\tsusa\OneDrive - Automanix\그림\화면 캡처 2020-11-26 162745.png
[12:03:29.346] [T1] list | phase0 C:\Users\tsusa\OneDrive - Automanix\그림\화면 캡처 2022-06-21 003453.png
[12:03:29.378] [T1] list | phase0 C:\Users\tsusa\OneDrive - Automanix\그림\화면 캡처 2022-08-01 115837.jpg
[12:03:29.382] [T1] list | phase0 C:\Users\tsusa\OneDrive - Automanix\그림\화면 캡처 2022-08-01 115837.png
[12:03:29.385] [T1] list | phase0 C:\Users\tsusa\OneDrive - Automanix\그림\화면 캡처 2022-08-07 171622.png
[12:03:29.408] [T1] tiles | phase0 C:\Users\tsusa\OneDrive - Automanix\그림\PXL_20220726_125747369_2.jpg
[12:03:29.409] [T1] tiles | phase0 C:\Users\tsusa\OneDrive - Automanix\그림\PXL_20220804_125449327_2.jpg
[12:03:29.410] [T1] tiles | phase0 C:\Users\tsusa\OneDrive - Automanix\그림\PXL_20220812_121956977_2.jpg
[12:03:29.412] [T1] tiles | phase0 C:\Users\tsusa\OneDrive - Automanix\그림\PXL_20220813_214558393_2.jpg
[12:03:29.418] [T1] tiles | fill cached C:\Users\tsusa\OneDrive - Automanix\그림\PXL_20220726_125747369_2.jpg
[12:03:29.419] [T1] tiles | fill cached C:\Users\tsusa\OneDrive - Automanix\그림\PXL_20220804_125449327_2.jpg
[12:03:29.420] [T1] tiles | fill cached C:\Users\tsusa\OneDrive - Automanix\그림\PXL_20220812_121956977_2.jpg
[12:03:29.420] [T1] tiles | fill cached C:\Users\tsusa\OneDrive - Automanix\그림\PXL_20220813_214558393_2.jpg
[12:03:29.424] [T1] list | phase0 C:\Users\tsusa\OneDrive - Automanix\그림\화면 캡처 2022-09-29 233922.png
[12:03:29.427] [T1] list | phase0 C:\Users\tsusa\OneDrive - Automanix\그림\화면 캡처 2022-10-18 181358.png
[12:03:29.469] [T1] list | phase0 C:\Users\tsusa\OneDrive - Automanix\그림\화면 캡처 2022-10-21 005745.png
[12:03:29.475] [T1] tiles | cached done C:\Users\tsusa\OneDrive - Automanix\그림\PXL_20220726_125747369_2.jpg
[12:03:29.476] [T1] tiles | cached done C:\Users\tsusa\OneDrive - Automanix\그림\PXL_20220812_121956977_2.jpg
[12:03:29.477] [T1] tiles | cached done C:\Users\tsusa\OneDrive - Automanix\그림\PXL_20220813_214558393_2.jpg
[12:03:29.477] [T1] tiles | cached done C:\Users\tsusa\OneDrive - Automanix\그림\PXL_20220804_125449327_2.jpg
[12:03:29.692] [T1] tiles | phase0 C:\Users\tsusa\OneDrive - Automanix\그림\PXL_20220817_112931072_2.jpg
[12:03:29.693] [T1] tiles | phase0 C:\Users\tsusa\OneDrive - Automanix\그림\PXL_20220824_112948946_2.jpg
[12:03:29.695] [T1] tiles | phase0 C:\Users\tsusa\OneDrive - Automanix\그림\PXL_20220827_001839431_2.jpg
[12:03:29.696] [T1] tiles | phase0 C:\Users\tsusa\OneDrive - Automanix\그림\PXL_20220827_230734531_2.jpg
[12:03:29.703] [T1] tiles | fill cached C:\Users\tsusa\OneDrive - Automanix\그림\PXL_20220817_112931072_2.jpg
[12:03:29.704] [T1] tiles | fill cached C:\Users\tsusa\OneDrive - Automanix\그림\PXL_20220824_112948946_2.jpg
[12:03:29.704] [T1] tiles | fill cached C:\Users\tsusa\OneDrive - Automanix\그림\PXL_20220827_001839431_2.jpg
[12:03:29.706] [T1] tiles | fill cached C:\Users\tsusa\OneDrive - Automanix\그림\PXL_20220827_230734531_2.jpg
[12:03:29.723] [T1] tiles | cached done C:\Users\tsusa\OneDrive - Automanix\그림\PXL_20220817_112931072_2.jpg
[12:03:29.731] [T1] tiles | cached done C:\Users\tsusa\OneDrive - Automanix\그림\PXL_20220827_230734531_2.jpg
[12:03:29.732] [T1] tiles | cached done C:\Users\tsusa\OneDrive - Automanix\그림\PXL_20220824_112948946_2.jpg
[12:03:29.732] [T1] tiles | cached done C:\Users\tsusa\OneDrive - Automanix\그림\PXL_20220827_001839431_2.jpg
[12:03:29.849] [T1] tiles | phase0 C:\Users\tsusa\OneDrive - Automanix\그림\PXL_20220831_130316984_2.jpg
[12:03:29.851] [T1] tiles | phase0 C:\Users\tsusa\OneDrive - Automanix\그림\PXL_20220902_215631957_3.jpg
[12:03:29.853] [T1] tiles | phase0 C:\Users\tsusa\OneDrive - Automanix\그림\PXL_20220903_010322367_2.jpg
[12:03:29.854] [T1] tiles | phase0 C:\Users\tsusa\OneDrive - Automanix\그림\PXL_20220920_125143842.MOTION-02.ORIGINAL_2.jpg
[12:03:29.860] [T1] tiles | fill cached C:\Users\tsusa\OneDrive - Automanix\그림\PXL_20220831_130316984_2.jpg
[12:03:29.861] [T1] tiles | fill cached C:\Users\tsusa\OneDrive - Automanix\그림\PXL_20220902_215631957_3.jpg
[12:03:29.862] [T1] tiles | fill cached C:\Users\tsusa\OneDrive - Automanix\그림\PXL_20220903_010322367_2.jpg
[12:03:29.862] [T1] tiles | fill cached C:\Users\tsusa\OneDrive - Automanix\그림\PXL_20220920_125143842.MOTION-02.ORIGINAL_2.jpg
[12:03:29.890] [T1] tiles | cached done C:\Users\tsusa\OneDrive - Automanix\그림\PXL_20220903_010322367_2.jpg
[12:03:29.895] [T1] tiles | cached done C:\Users\tsusa\OneDrive - Automanix\그림\PXL_20220831_130316984_2.jpg
[12:03:29.896] [T1] tiles | cached done C:\Users\tsusa\OneDrive - Automanix\그림\PXL_20220920_125143842.MOTION-02.ORIGINAL_2.jpg
[12:03:29.898] [T1] tiles | cached done C:\Users\tsusa\OneDrive - Automanix\그림\PXL_20220902_215631957_3.jpg
[12:03:30.037] [T1] tiles | phase0 C:\Users\tsusa\OneDrive - Automanix\그림\PXL_20221101_105955590_2.jpg
[12:03:30.038] [T1] tiles | phase0 C:\Users\tsusa\OneDrive - Automanix\그림\PXL_20230212_024010110.jpg
[12:03:30.039] [T1] tiles | phase0 C:\Users\tsusa\OneDrive - Automanix\그림\PXL_20230212_025601437_2.jpg
[12:03:30.040] [T1] tiles | phase0 C:\Users\tsusa\OneDrive - Automanix\그림\PXL_20230422_230822530~2.jpg
[12:03:30.048] [T1] tiles | fill cached C:\Users\tsusa\OneDrive - Automanix\그림\PXL_20221101_105955590_2.jpg
[12:03:30.049] [T1] tiles | fill cached C:\Users\tsusa\OneDrive - Automanix\그림\PXL_20230212_024010110.jpg
[12:03:30.049] [T1] tiles | fill cached C:\Users\tsusa\OneDrive - Automanix\그림\PXL_20230212_025601437_2.jpg
[12:03:30.050] [T1] tiles | fill cached C:\Users\tsusa\OneDrive - Automanix\그림\PXL_20230422_230822530~2.jpg
[12:03:30.069] [T1] tiles | cached done C:\Users\tsusa\OneDrive - Automanix\그림\PXL_20230212_024010110.jpg
[12:03:30.070] [T1] tiles | cached done C:\Users\tsusa\OneDrive - Automanix\그림\PXL_20221101_105955590_2.jpg
[12:03:30.071] [T1] tiles | cached done C:\Users\tsusa\OneDrive - Automanix\그림\PXL_20230212_025601437_2.jpg
[12:03:30.071] [T1] tiles | cached done C:\Users\tsusa\OneDrive - Automanix\그림\PXL_20230422_230822530~2.jpg
[12:03:30.140] [T1] tiles | phase0 C:\Users\tsusa\OneDrive - Automanix\그림\vlcsnap-2026-01-18-12h58m03s381.png
[12:03:30.142] [T1] tiles | phase0 C:\Users\tsusa\OneDrive - Automanix\그림\vlcsnap-2026-01-19-02h04m39s483.png
[12:03:30.143] [T1] tiles | phase0 C:\Users\tsusa\OneDrive - Automanix\그림\vlcsnap-2026-01-27-01h49m01s690.png
[12:03:30.145] [T1] tiles | phase0 C:\Users\tsusa\OneDrive - Automanix\그림\민초로부터 온 퇴장 통보.png
[12:03:30.151] [T1] tiles | fill shell C:\Users\tsusa\OneDrive - Automanix\그림\vlcsnap-2026-01-18-12h58m03s381.png
[12:03:30.155] [T1] tiles | fill shell C:\Users\tsusa\OneDrive - Automanix\그림\vlcsnap-2026-01-19-02h04m39s483.png
[12:03:30.155] [T1] tiles | fill shell C:\Users\tsusa\OneDrive - Automanix\그림\vlcsnap-2026-01-27-01h49m01s690.png
[12:03:30.155] [T1] tiles | fill shell C:\Users\tsusa\OneDrive - Automanix\그림\민초로부터 온 퇴장 통보.png
[12:03:30.195] [T1] tiles | phase0 C:\Users\tsusa\OneDrive - Automanix\그림\아우디 현가장치 관련 리콜.png
[12:03:30.196] [T1] tiles | phase0 C:\Users\tsusa\OneDrive - Automanix\그림\오토매닉스 대표이미지.png
[12:03:30.197] [T1] tiles | phase0 C:\Users\tsusa\OneDrive - Automanix\그림\오토매닉스 로고.png
[12:03:30.198] [T1] tiles | phase0 C:\Users\tsusa\OneDrive - Automanix\그림\오토매닉스 로고이미지.png
[12:03:30.206] [T1] tiles | fill cached C:\Users\tsusa\OneDrive - Automanix\그림\아우디 현가장치 관련 리콜.png
[12:03:30.207] [T1] tiles | fill cached C:\Users\tsusa\OneDrive - Automanix\그림\오토매닉스 대표이미지.png
[12:03:30.207] [T1] tiles | fill cached C:\Users\tsusa\OneDrive - Automanix\그림\오토매닉스 로고.png
[12:03:30.208] [T1] tiles | fill cached C:\Users\tsusa\OneDrive - Automanix\그림\오토매닉스 로고이미지.png
[12:03:30.231] [T1] tiles | cached done C:\Users\tsusa\OneDrive - Automanix\그림\오토매닉스 로고.png
[12:03:30.232] [T43] exc | COMException:  @ at System.Runtime.ExceptionServices.ExceptionDispatchInfo.Throw()
[12:03:30.232] [T42] exc | COMException:  @ at System.Runtime.ExceptionServices.ExceptionDispatchInfo.Throw()
[12:03:30.233] [T1] exc | COMException:  @ at KOTU.App.Controls.ThumbnailExplorer.FetchTilePreview(String path, Boolean cachedOnly, Boolean wantAudioInfo)
[12:03:30.234] [T1] tiles | shell failed C:\Users\tsusa\OneDrive - Automanix\그림\vlcsnap-2026-01-19-02h04m39s483.png COMException: 
[12:03:30.234] [T1] exc | COMException:  @ at KOTU.App.Controls.ThumbnailExplorer.FetchTilePreview(String path, Boolean cachedOnly, Boolean wantAudioInfo)
[12:03:30.234] [T1] tiles | shell failed C:\Users\tsusa\OneDrive - Automanix\그림\vlcsnap-2026-01-18-12h58m03s381.png COMException: 
[12:03:30.265] [T1] tiles | cached done C:\Users\tsusa\OneDrive - Automanix\그림\오토매닉스 로고이미지.png
[12:03:30.265] [T1] tiles | cached done C:\Users\tsusa\OneDrive - Automanix\그림\아우디 현가장치 관련 리콜.png
[12:03:30.266] [T1] tiles | cached done C:\Users\tsusa\OneDrive - Automanix\그림\오토매닉스 대표이미지.png
[12:03:30.455] [T1] tiles | phase0 C:\Users\tsusa\OneDrive - Automanix\그림\오토매닉스_약도.png
[12:03:30.457] [T1] tiles | phase0 C:\Users\tsusa\OneDrive - Automanix\그림\오토매닉스_인감_배경제거.png
[12:03:30.458] [T1] tiles | phase0 C:\Users\tsusa\OneDrive - Automanix\그림\코인챗 로고 long 188_79.png
[12:03:30.459] [T1] tiles | phase0 C:\Users\tsusa\OneDrive - Automanix\그림\코인챗 로고 square 148_148.png
[12:03:30.460] [T1] tiles | fill cached C:\Users\tsusa\OneDrive - Automanix\그림\오토매닉스_약도.png
[12:03:30.461] [T1] tiles | fill cached C:\Users\tsusa\OneDrive - Automanix\그림\오토매닉스_인감_배경제거.png
[12:03:30.462] [T1] tiles | fill cached C:\Users\tsusa\OneDrive - Automanix\그림\코인챗 로고 long 188_79.png
[12:03:30.462] [T1] tiles | fill cached C:\Users\tsusa\OneDrive - Automanix\그림\코인챗 로고 square 148_148.png
[12:03:30.482] [T1] tiles | cached done C:\Users\tsusa\OneDrive - Automanix\그림\코인챗 로고 square 148_148.png
[12:03:30.483] [T1] tiles | cached done C:\Users\tsusa\OneDrive - Automanix\그림\코인챗 로고 long 188_79.png
[12:03:30.483] [T1] tiles | cached done C:\Users\tsusa\OneDrive - Automanix\그림\오토매닉스_인감_배경제거.png
[12:03:30.484] [T1] tiles | cached done C:\Users\tsusa\OneDrive - Automanix\그림\오토매닉스_약도.png
[12:03:30.521] [T1] tiles | recycle C:\Users\tsusa\OneDrive - Automanix\그림\Feedback
[12:03:30.522] [T1] tiles | phase0 C:\Users\tsusa\OneDrive - Automanix\그림\코인챗_211012_아이폰XS_2대_중고구매.png
[12:03:30.523] [T1] tiles | recycle C:\Users\tsusa\OneDrive - Automanix\그림\Saved Pictures
[12:03:30.523] [T1] tiles | phase0 C:\Users\tsusa\OneDrive - Automanix\그림\코인챗_사무실.jpg
[12:03:30.523] [T1] tiles | recycle C:\Users\tsusa\OneDrive - Automanix\그림\Scan
[12:03:30.524] [T1] tiles | phase0 C:\Users\tsusa\OneDrive - Automanix\그림\코인챗_회의실.jpg
[12:03:30.525] [T1] tiles | phase0 C:\Users\tsusa\OneDrive - Automanix\그림\포가차.jpg
[12:03:30.526] [T1] tiles | fill cached C:\Users\tsusa\OneDrive - Automanix\그림\코인챗_211012_아이폰XS_2대_중고구매.png
[12:03:30.527] [T1] tiles | fill cached C:\Users\tsusa\OneDrive - Automanix\그림\코인챗_사무실.jpg
[12:03:30.528] [T1] tiles | fill cached C:\Users\tsusa\OneDrive - Automanix\그림\코인챗_회의실.jpg
[12:03:30.528] [T1] tiles | fill cached C:\Users\tsusa\OneDrive - Automanix\그림\포가차.jpg
[12:03:30.552] [T1] tiles | cached done C:\Users\tsusa\OneDrive - Automanix\그림\코인챗_211012_아이폰XS_2대_중고구매.png
[12:03:30.554] [T1] tiles | cached done C:\Users\tsusa\OneDrive - Automanix\그림\코인챗_회의실.jpg
[12:03:30.555] [T1] tiles | cached done C:\Users\tsusa\OneDrive - Automanix\그림\코인챗_사무실.jpg
[12:03:30.555] [T1] tiles | cached done C:\Users\tsusa\OneDrive - Automanix\그림\포가차.jpg
[12:03:30.581] [T1] tiles | recycle C:\Users\tsusa\OneDrive - Automanix\그림\Screenshots
[12:03:30.582] [T1] tiles | phase0 C:\Users\tsusa\OneDrive - Automanix\그림\화면 캡처 2020-11-26 162745.png
[12:03:30.582] [T1] tiles | recycle C:\Users\tsusa\OneDrive - Automanix\그림\Zwift
[12:03:30.583] [T1] tiles | phase0 C:\Users\tsusa\OneDrive - Automanix\그림\화면 캡처 2022-06-21 003453.png
[12:03:30.583] [T1] tiles | recycle C:\Users\tsusa\OneDrive - Automanix\그림\바탕화면
[12:03:30.583] [T1] tiles | phase0 C:\Users\tsusa\OneDrive - Automanix\그림\화면 캡처 2022-08-01 115837.jpg
[12:03:30.584] [T1] tiles | recycle C:\Users\tsusa\OneDrive - Automanix\그림\스캔
[12:03:30.584] [T1] tiles | phase0 C:\Users\tsusa\OneDrive - Automanix\그림\화면 캡처 2022-08-01 115837.png
[12:03:30.585] [T1] tiles | fill cached C:\Users\tsusa\OneDrive - Automanix\그림\화면 캡처 2020-11-26 162745.png
[12:03:30.586] [T1] tiles | fill cached C:\Users\tsusa\OneDrive - Automanix\그림\화면 캡처 2022-06-21 003453.png
[12:03:30.586] [T1] tiles | fill cached C:\Users\tsusa\OneDrive - Automanix\그림\화면 캡처 2022-08-01 115837.jpg
[12:03:30.587] [T1] tiles | fill cached C:\Users\tsusa\OneDrive - Automanix\그림\화면 캡처 2022-08-01 115837.png
[12:03:30.599] [T1] tiles | cached done C:\Users\tsusa\OneDrive - Automanix\그림\화면 캡처 2020-11-26 162745.png
[12:03:30.605] [T1] tiles | cached done C:\Users\tsusa\OneDrive - Automanix\그림\화면 캡처 2022-08-01 115837.png
[12:03:30.608] [T1] tiles | cached done C:\Users\tsusa\OneDrive - Automanix\그림\화면 캡처 2022-06-21 003453.png
[12:03:30.608] [T1] tiles | cached done C:\Users\tsusa\OneDrive - Automanix\그림\화면 캡처 2022-08-01 115837.jpg
[12:03:30.636] [T1] tiles | recycle C:\Users\tsusa\OneDrive - Automanix\그림\스크린샷
[12:03:30.637] [T1] tiles | phase0 C:\Users\tsusa\OneDrive - Automanix\그림\화면 캡처 2022-08-07 171622.png
[12:03:30.637] [T1] tiles | recycle C:\Users\tsusa\OneDrive - Automanix\그림\카메라 앨범
[12:03:30.637] [T1] tiles | phase0 C:\Users\tsusa\OneDrive - Automanix\그림\화면 캡처 2022-09-29 233922.png
[12:03:30.638] [T1] tiles | recycle C:\Users\tsusa\OneDrive - Automanix\그림\220731 강화도.mp4_005246116.jpeg
[12:03:30.638] [T1] tiles | phase0 C:\Users\tsusa\OneDrive - Automanix\그림\화면 캡처 2022-10-18 181358.png
[12:03:30.638] [T1] tiles | recycle C:\Users\tsusa\OneDrive - Automanix\그림\220731 강화도.mp4_005246116.jpg
[12:03:30.638] [T1] tiles | phase0 C:\Users\tsusa\OneDrive - Automanix\그림\화면 캡처 2022-10-21 005745.png
[12:03:30.639] [T1] tiles | fill cached C:\Users\tsusa\OneDrive - Automanix\그림\화면 캡처 2022-08-07 171622.png
[12:03:30.640] [T1] tiles | fill cached C:\Users\tsusa\OneDrive - Automanix\그림\화면 캡처 2022-09-29 233922.png
[12:03:30.641] [T1] tiles | fill cached C:\Users\tsusa\OneDrive - Automanix\그림\화면 캡처 2022-10-18 181358.png
[12:03:30.641] [T1] tiles | fill cached C:\Users\tsusa\OneDrive - Automanix\그림\화면 캡처 2022-10-21 005745.png
[12:03:30.658] [T1] tiles | cached done C:\Users\tsusa\OneDrive - Automanix\그림\화면 캡처 2022-08-07 171622.png
[12:03:30.662] [T1] tiles | cached done C:\Users\tsusa\OneDrive - Automanix\그림\화면 캡처 2022-10-18 181358.png
[12:03:30.662] [T1] tiles | cached done C:\Users\tsusa\OneDrive - Automanix\그림\화면 캡처 2022-09-29 233922.png
[12:03:30.662] [T1] tiles | cached done C:\Users\tsusa\OneDrive - Automanix\그림\화면 캡처 2022-10-21 005745.png
[12:03:31.086] [T1] tiles | phase0 C:\Users\tsusa\OneDrive - Automanix\그림\220731 강화도.mp4_005246116.jpg
[12:03:31.088] [T1] tiles | phase0 C:\Users\tsusa\OneDrive - Automanix\그림\220731 강화도.mp4_005246116.jpeg
[12:03:31.089] [T1] tiles | phase0 C:\Users\tsusa\OneDrive - Automanix\그림\카메라 앨범
[12:03:31.090] [T1] tiles | phase0 C:\Users\tsusa\OneDrive - Automanix\그림\스크린샷
[12:03:31.097] [T1] tiles | fill cached C:\Users\tsusa\OneDrive - Automanix\그림\220731 강화도.mp4_005246116.jpg
[12:03:31.098] [T1] tiles | fill cached C:\Users\tsusa\OneDrive - Automanix\그림\220731 강화도.mp4_005246116.jpeg
[12:03:31.111] [T1] tiles | cached done C:\Users\tsusa\OneDrive - Automanix\그림\220731 강화도.mp4_005246116.jpg
[12:03:31.119] [T1] tiles | cached done C:\Users\tsusa\OneDrive - Automanix\그림\220731 강화도.mp4_005246116.jpeg
[12:03:31.141] [T1] tiles | phase0 C:\Users\tsusa\OneDrive - Automanix\그림\스캔
[12:03:31.143] [T1] tiles | phase0 C:\Users\tsusa\OneDrive - Automanix\그림\바탕화면
[12:03:31.144] [T1] tiles | phase0 C:\Users\tsusa\OneDrive - Automanix\그림\Zwift
[12:03:31.146] [T1] tiles | phase0 C:\Users\tsusa\OneDrive - Automanix\그림\Screenshots
[12:03:31.207] [T1] tiles | phase0 C:\Users\tsusa\OneDrive - Automanix\그림\Scan
[12:03:31.208] [T1] tiles | phase0 C:\Users\tsusa\OneDrive - Automanix\그림\Saved Pictures
[12:03:31.210] [T1] tiles | phase0 C:\Users\tsusa\OneDrive - Automanix\그림\Feedback
[12:05:02.402] [T1] nav | NavigateToAsync C:\Users\tsusa\OneDrive - Automanix\Zwift exts=48
[12:05:02.404] [T1] list | recycle C:\Users\tsusa\OneDrive - Automanix\그림\240323 강가 별장
[12:05:02.404] [T1] list | ForceFinish(recycle)
[12:05:02.404] [T1] list | recycle C:\Users\tsusa\OneDrive - Automanix\그림\Feedback
[12:05:02.404] [T1] list | ForceFinish(recycle)
[12:05:02.405] [T1] list | recycle C:\Users\tsusa\OneDrive - Automanix\그림\Saved Pictures
[12:05:02.405] [T1] list | ForceFinish(recycle)
[12:05:02.405] [T1] list | recycle C:\Users\tsusa\OneDrive - Automanix\그림\Scan
[12:05:02.405] [T1] list | ForceFinish(recycle)
[12:05:02.405] [T1] list | recycle C:\Users\tsusa\OneDrive - Automanix\그림\Screenshots
[12:05:02.405] [T1] list | ForceFinish(recycle)
[12:05:02.405] [T1] list | recycle C:\Users\tsusa\OneDrive - Automanix\그림\Zwift
[12:05:02.405] [T1] list | ForceFinish(recycle)
[12:05:02.405] [T1] list | recycle C:\Users\tsusa\OneDrive - Automanix\그림\바탕화면
[12:05:02.405] [T1] list | ForceFinish(recycle)
[12:05:02.405] [T1] list | recycle C:\Users\tsusa\OneDrive - Automanix\그림\스캔
[12:05:02.405] [T1] list | ForceFinish(recycle)
[12:05:02.405] [T1] list | recycle C:\Users\tsusa\OneDrive - Automanix\그림\스크린샷
[12:05:02.405] [T1] list | ForceFinish(recycle)
[12:05:02.405] [T1] list | recycle C:\Users\tsusa\OneDrive - Automanix\그림\카메라 앨범
[12:05:02.405] [T1] list | ForceFinish(recycle)
[12:05:02.405] [T1] list | recycle C:\Users\tsusa\OneDrive - Automanix\그림\220731 강화도.mp4_005246116.jpeg
[12:05:02.405] [T1] list | ForceFinish(recycle)
[12:05:02.405] [T1] list | recycle C:\Users\tsusa\OneDrive - Automanix\그림\220731 강화도.mp4_005246116.jpg
[12:05:02.405] [T1] list | ForceFinish(recycle)
[12:05:02.405] [T1] list | recycle C:\Users\tsusa\OneDrive - Automanix\그림\220731 강화도.mp4_005246116.png
[12:05:02.405] [T1] list | ForceFinish(recycle)
[12:05:02.405] [T1] list | recycle C:\Users\tsusa\OneDrive - Automanix\그림\AMX.jpg
[12:05:02.405] [T1] list | ForceFinish(recycle)
[12:05:02.405] [T1] list | recycle C:\Users\tsusa\OneDrive - Automanix\그림\ARS-로고디자인_원본파일.png
[12:05:02.405] [T1] list | ForceFinish(recycle)
[12:05:02.405] [T1] list | recycle C:\Users\tsusa\OneDrive - Automanix\그림\DALL·E 2024-07-22 16.05.33 - Simplified version of a logo for 'Automotive Research Solution' with the main elements being 'ARS' in a bold font and a sleek, modern car silhouette. .webp
[12:05:02.405] [T1] list | ForceFinish(recycle)
[12:05:02.405] [T1] list | recycle C:\Users\tsusa\OneDrive - Automanix\그림\KakaoTalk_20200117_092011491.png
[12:05:02.405] [T1] list | ForceFinish(recycle)
[12:05:02.405] [T1] list | recycle C:\Users\tsusa\OneDrive - Automanix\그림\KakaoTalk_20240703_110337676.jpg
[12:05:02.405] [T1] list | ForceFinish(recycle)
[12:05:02.405] [T1] list | recycle C:\Users\tsusa\OneDrive - Automanix\그림\pexels-pixabay-37347.jpg
[12:05:02.405] [T1] list | ForceFinish(recycle)
[12:05:02.405] [T1] list | recycle C:\Users\tsusa\OneDrive - Automanix\그림\pexels-polina-zimmerman-3778619.jpg
[12:05:02.405] [T1] list | ForceFinish(recycle)
[12:05:02.405] [T1] list | recycle C:\Users\tsusa\OneDrive - Automanix\그림\PXL_20220709_232639106_2.jpg
[12:05:02.405] [T1] list | ForceFinish(recycle)
[12:05:02.405] [T1] list | recycle C:\Users\tsusa\OneDrive - Automanix\그림\PXL_20220714_125035942_2.jpg
[12:05:02.405] [T1] list | ForceFinish(recycle)
[12:05:02.405] [T1] list | recycle C:\Users\tsusa\OneDrive - Automanix\그림\PXL_20220714_125148380_2.jpg
[12:05:02.405] [T1] list | ForceFinish(recycle)
[12:05:02.406] [T1] list | recycle C:\Users\tsusa\OneDrive - Automanix\그림\PXL_20220719_121308973_2.jpg
[12:05:02.406] [T1] list | ForceFinish(recycle)
[12:05:02.406] [T1] list | recycle C:\Users\tsusa\OneDrive - Automanix\그림\PXL_20220726_125747369_2.jpg
[12:05:02.406] [T1] list | ForceFinish(recycle)
[12:05:02.406] [T1] list | recycle C:\Users\tsusa\OneDrive - Automanix\그림\PXL_20220804_125449327_2.jpg
[12:05:02.406] [T1] list | ForceFinish(recycle)
[12:05:02.406] [T1] list | recycle C:\Users\tsusa\OneDrive - Automanix\그림\PXL_20220812_121956977_2.jpg
[12:05:02.406] [T1] list | ForceFinish(recycle)
[12:05:02.406] [T1] list | recycle C:\Users\tsusa\OneDrive - Automanix\그림\PXL_20220813_214558393_2.jpg
[12:05:02.406] [T1] list | ForceFinish(recycle)
[12:05:02.406] [T1] list | recycle C:\Users\tsusa\OneDrive - Automanix\그림\PXL_20220817_112931072_2.jpg
[12:05:02.406] [T1] list | ForceFinish(recycle)
[12:05:02.406] [T1] list | recycle C:\Users\tsusa\OneDrive - Automanix\그림\PXL_20220824_112948946_2.jpg
[12:05:02.406] [T1] list | ForceFinish(recycle)
[12:05:02.406] [T1] list | recycle C:\Users\tsusa\OneDrive - Automanix\그림\PXL_20220827_001839431_2.jpg
[12:05:02.406] [T1] list | ForceFinish(recycle)
[12:05:02.406] [T1] list | recycle C:\Users\tsusa\OneDrive - Automanix\그림\PXL_20220827_230734531_2.jpg
[12:05:02.406] [T1] list | ForceFinish(recycle)
[12:05:02.406] [T1] list | recycle C:\Users\tsusa\OneDrive - Automanix\그림\PXL_20220831_130316984_2.jpg
[12:05:02.406] [T1] list | ForceFinish(recycle)
[12:05:02.406] [T1] list | recycle C:\Users\tsusa\OneDrive - Automanix\그림\PXL_20220902_215631957_3.jpg
[12:05:02.406] [T1] list | ForceFinish(recycle)
[12:05:02.406] [T1] list | recycle C:\Users\tsusa\OneDrive - Automanix\그림\PXL_20220903_010322367_2.jpg
[12:05:02.406] [T1] list | ForceFinish(recycle)
[12:05:02.406] [T1] list | recycle C:\Users\tsusa\OneDrive - Automanix\그림\PXL_20220920_125143842.MOTION-02.ORIGINAL_2.jpg
[12:05:02.406] [T1] list | ForceFinish(recycle)
[12:05:02.406] [T1] list | recycle C:\Users\tsusa\OneDrive - Automanix\그림\PXL_20221101_105955590_2.jpg
[12:05:02.406] [T1] list | ForceFinish(recycle)
[12:05:02.406] [T1] list | recycle C:\Users\tsusa\OneDrive - Automanix\그림\PXL_20230212_024010110.jpg
[12:05:02.406] [T1] list | ForceFinish(recycle)
[12:05:02.406] [T1] list | recycle C:\Users\tsusa\OneDrive - Automanix\그림\PXL_20230212_025601437_2.jpg
[12:05:02.406] [T1] list | ForceFinish(recycle)
[12:05:02.406] [T1] list | recycle C:\Users\tsusa\OneDrive - Automanix\그림\PXL_20230422_230822530~2.jpg
[12:05:02.406] [T1] list | ForceFinish(recycle)
[12:05:02.406] [T1] list | recycle C:\Users\tsusa\OneDrive - Automanix\그림\vlcsnap-2026-01-18-12h58m03s381.png
[12:05:02.406] [T1] list | ForceFinish(recycle)
[12:05:02.406] [T1] list | recycle C:\Users\tsusa\OneDrive - Automanix\그림\vlcsnap-2026-01-19-02h04m39s483.png
[12:05:02.406] [T1] list | ForceFinish(recycle)
[12:05:02.406] [T1] list | recycle C:\Users\tsusa\OneDrive - Automanix\그림\vlcsnap-2026-01-27-01h49m01s690.png
[12:05:02.406] [T1] list | ForceFinish(recycle)
[12:05:02.406] [T1] list | recycle C:\Users\tsusa\OneDrive - Automanix\그림\민초로부터 온 퇴장 통보.png
[12:05:02.406] [T1] list | ForceFinish(recycle)
[12:05:02.406] [T1] list | recycle C:\Users\tsusa\OneDrive - Automanix\그림\아우디 현가장치 관련 리콜.png
[12:05:02.406] [T1] list | ForceFinish(recycle)
[12:05:02.406] [T1] list | recycle C:\Users\tsusa\OneDrive - Automanix\그림\오토매닉스 대표이미지.png
[12:05:02.406] [T1] list | ForceFinish(recycle)
[12:05:02.406] [T1] list | recycle C:\Users\tsusa\OneDrive - Automanix\그림\오토매닉스 로고.png
[12:05:02.406] [T1] list | ForceFinish(recycle)
[12:05:02.406] [T1] list | recycle C:\Users\tsusa\OneDrive - Automanix\그림\오토매닉스 로고이미지.png
[12:05:02.406] [T1] list | ForceFinish(recycle)
[12:05:02.406] [T1] list | recycle C:\Users\tsusa\OneDrive - Automanix\그림\오토매닉스_약도.png
[12:05:02.406] [T1] list | ForceFinish(recycle)
[12:05:02.406] [T1] list | recycle C:\Users\tsusa\OneDrive - Automanix\그림\오토매닉스_인감_배경제거.png
[12:05:02.406] [T1] list | ForceFinish(recycle)
[12:05:02.407] [T1] list | recycle C:\Users\tsusa\OneDrive - Automanix\그림\코인챗 로고 long 188_79.png
[12:05:02.407] [T1] list | ForceFinish(recycle)
[12:05:02.407] [T1] list | recycle C:\Users\tsusa\OneDrive - Automanix\그림\코인챗 로고 square 148_148.png
[12:05:02.407] [T1] list | ForceFinish(recycle)
[12:05:02.407] [T1] list | recycle C:\Users\tsusa\OneDrive - Automanix\그림\코인챗_211012_아이폰XS_2대_중고구매.png
[12:05:02.407] [T1] list | ForceFinish(recycle)
[12:05:02.407] [T1] list | recycle C:\Users\tsusa\OneDrive - Automanix\그림\코인챗_사무실.jpg
[12:05:02.407] [T1] list | ForceFinish(recycle)
[12:05:02.407] [T1] list | recycle C:\Users\tsusa\OneDrive - Automanix\그림\코인챗_회의실.jpg
[12:05:02.407] [T1] list | ForceFinish(recycle)
[12:05:02.407] [T1] list | recycle C:\Users\tsusa\OneDrive - Automanix\그림\포가차.jpg
[12:05:02.407] [T1] list | ForceFinish(recycle)
[12:05:02.407] [T1] list | recycle C:\Users\tsusa\OneDrive - Automanix\그림\화면 캡처 2020-11-26 162745.png
[12:05:02.407] [T1] list | ForceFinish(recycle)
[12:05:02.407] [T1] list | recycle C:\Users\tsusa\OneDrive - Automanix\그림\화면 캡처 2022-06-21 003453.png
[12:05:02.407] [T1] list | ForceFinish(recycle)
[12:05:02.407] [T1] list | recycle C:\Users\tsusa\OneDrive - Automanix\그림\화면 캡처 2022-08-01 115837.jpg
[12:05:02.407] [T1] list | ForceFinish(recycle)
[12:05:02.407] [T1] list | recycle C:\Users\tsusa\OneDrive - Automanix\그림\화면 캡처 2022-08-01 115837.png
[12:05:02.407] [T1] list | ForceFinish(recycle)
[12:05:02.407] [T1] list | recycle C:\Users\tsusa\OneDrive - Automanix\그림\화면 캡처 2022-08-07 171622.png
[12:05:02.407] [T1] list | ForceFinish(recycle)
[12:05:02.407] [T1] list | recycle C:\Users\tsusa\OneDrive - Automanix\그림\화면 캡처 2022-09-29 233922.png
[12:05:02.407] [T1] list | ForceFinish(recycle)
[12:05:02.407] [T1] list | recycle C:\Users\tsusa\OneDrive - Automanix\그림\화면 캡처 2022-10-18 181358.png
[12:05:02.407] [T1] list | ForceFinish(recycle)
[12:05:02.407] [T1] list | recycle C:\Users\tsusa\OneDrive - Automanix\그림\화면 캡처 2022-10-21 005745.png
[12:05:02.407] [T1] list | ForceFinish(recycle)
[12:05:02.407] [T1] tiles | ShowLoading C:\Users\tsusa\OneDrive - Automanix\Zwift
[12:05:02.407] [T1] tiles | recycle C:\Users\tsusa\OneDrive - Automanix\그림\240323 강가 별장
[12:05:02.408] [T1] tiles | recycle C:\Users\tsusa\OneDrive - Automanix\그림\Feedback
[12:05:02.408] [T1] tiles | recycle C:\Users\tsusa\OneDrive - Automanix\그림\Saved Pictures
[12:05:02.408] [T1] tiles | recycle C:\Users\tsusa\OneDrive - Automanix\그림\Scan
[12:05:02.408] [T1] tiles | recycle C:\Users\tsusa\OneDrive - Automanix\그림\Screenshots
[12:05:02.408] [T1] tiles | recycle C:\Users\tsusa\OneDrive - Automanix\그림\Zwift
[12:05:02.408] [T1] tiles | recycle C:\Users\tsusa\OneDrive - Automanix\그림\바탕화면
[12:05:02.408] [T1] tiles | recycle C:\Users\tsusa\OneDrive - Automanix\그림\스캔
[12:05:02.408] [T1] tiles | recycle C:\Users\tsusa\OneDrive - Automanix\그림\스크린샷
[12:05:02.408] [T1] tiles | recycle C:\Users\tsusa\OneDrive - Automanix\그림\카메라 앨범
[12:05:02.408] [T1] tiles | recycle C:\Users\tsusa\OneDrive - Automanix\그림\220731 강화도.mp4_005246116.jpeg
[12:05:02.408] [T1] tiles | recycle C:\Users\tsusa\OneDrive - Automanix\그림\220731 강화도.mp4_005246116.jpg
[12:05:02.409] [T1] tiles | recycle C:\Users\tsusa\OneDrive - Automanix\그림\220731 강화도.mp4_005246116.png
[12:05:02.424] [T1] tiles | recycle C:\Users\tsusa\OneDrive - Automanix\그림\AMX.jpg
[12:05:02.424] [T1] tiles | recycle C:\Users\tsusa\OneDrive - Automanix\그림\ARS-로고디자인_원본파일.png
[12:05:02.424] [T1] tiles | recycle C:\Users\tsusa\OneDrive - Automanix\그림\DALL·E 2024-07-22 16.05.33 - Simplified version of a logo for 'Automotive Research Solution' with the main elements being 'ARS' in a bold font and a sleek, modern car silhouette. .webp
[12:05:02.424] [T1] tiles | recycle C:\Users\tsusa\OneDrive - Automanix\그림\KakaoTalk_20200117_092011491.png
[12:05:02.424] [T1] tiles | recycle C:\Users\tsusa\OneDrive - Automanix\그림\KakaoTalk_20240703_110337676.jpg
[12:05:02.424] [T1] tiles | recycle C:\Users\tsusa\OneDrive - Automanix\그림\pexels-pixabay-37347.jpg
[12:05:02.425] [T1] tiles | recycle C:\Users\tsusa\OneDrive - Automanix\그림\pexels-polina-zimmerman-3778619.jpg
[12:05:02.425] [T1] tiles | recycle C:\Users\tsusa\OneDrive - Automanix\그림\PXL_20220709_232639106_2.jpg
[12:05:02.425] [T1] tiles | recycle C:\Users\tsusa\OneDrive - Automanix\그림\PXL_20220714_125035942_2.jpg
[12:05:02.425] [T1] tiles | recycle C:\Users\tsusa\OneDrive - Automanix\그림\PXL_20220714_125148380_2.jpg
[12:05:02.425] [T1] tiles | recycle C:\Users\tsusa\OneDrive - Automanix\그림\PXL_20220719_121308973_2.jpg
[12:05:02.425] [T1] tiles | recycle C:\Users\tsusa\OneDrive - Automanix\그림\PXL_20220726_125747369_2.jpg
[12:05:02.425] [T1] tiles | recycle C:\Users\tsusa\OneDrive - Automanix\그림\PXL_20220804_125449327_2.jpg
[12:05:02.425] [T1] tiles | recycle C:\Users\tsusa\OneDrive - Automanix\그림\PXL_20220812_121956977_2.jpg
[12:05:02.425] [T1] tiles | recycle C:\Users\tsusa\OneDrive - Automanix\그림\PXL_20220813_214558393_2.jpg
[12:05:02.425] [T1] tiles | recycle C:\Users\tsusa\OneDrive - Automanix\그림\PXL_20220817_112931072_2.jpg
[12:05:02.425] [T1] tiles | recycle C:\Users\tsusa\OneDrive - Automanix\그림\PXL_20220824_112948946_2.jpg
[12:05:02.425] [T1] tiles | recycle C:\Users\tsusa\OneDrive - Automanix\그림\PXL_20220827_001839431_2.jpg
[12:05:02.425] [T1] tiles | recycle C:\Users\tsusa\OneDrive - Automanix\그림\PXL_20220827_230734531_2.jpg
[12:05:02.425] [T1] tiles | recycle C:\Users\tsusa\OneDrive - Automanix\그림\PXL_20220831_130316984_2.jpg
[12:05:02.425] [T1] tiles | recycle C:\Users\tsusa\OneDrive - Automanix\그림\PXL_20220902_215631957_3.jpg
[12:05:02.425] [T1] tiles | recycle C:\Users\tsusa\OneDrive - Automanix\그림\PXL_20220903_010322367_2.jpg
[12:05:02.426] [T1] tiles | recycle C:\Users\tsusa\OneDrive - Automanix\그림\PXL_20220920_125143842.MOTION-02.ORIGINAL_2.jpg
[12:05:02.426] [T1] tiles | recycle C:\Users\tsusa\OneDrive - Automanix\그림\PXL_20221101_105955590_2.jpg
[12:05:02.426] [T1] tiles | recycle C:\Users\tsusa\OneDrive - Automanix\그림\PXL_20230212_024010110.jpg
[12:05:02.426] [T1] tiles | recycle C:\Users\tsusa\OneDrive - Automanix\그림\PXL_20230212_025601437_2.jpg
[12:05:02.426] [T1] tiles | recycle C:\Users\tsusa\OneDrive - Automanix\그림\PXL_20230422_230822530~2.jpg
[12:05:02.426] [T1] tiles | recycle C:\Users\tsusa\OneDrive - Automanix\그림\vlcsnap-2026-01-18-12h58m03s381.png
[12:05:02.426] [T1] tiles | recycle C:\Users\tsusa\OneDrive - Automanix\그림\vlcsnap-2026-01-19-02h04m39s483.png
[12:05:02.426] [T1] tiles | recycle C:\Users\tsusa\OneDrive - Automanix\그림\vlcsnap-2026-01-27-01h49m01s690.png
[12:05:02.426] [T1] tiles | recycle C:\Users\tsusa\OneDrive - Automanix\그림\민초로부터 온 퇴장 통보.png
[12:05:02.426] [T1] tiles | recycle C:\Users\tsusa\OneDrive - Automanix\그림\아우디 현가장치 관련 리콜.png
[12:05:02.426] [T1] tiles | recycle C:\Users\tsusa\OneDrive - Automanix\그림\오토매닉스 대표이미지.png
[12:05:02.426] [T1] tiles | recycle C:\Users\tsusa\OneDrive - Automanix\그림\오토매닉스 로고.png
[12:05:02.426] [T1] tiles | recycle C:\Users\tsusa\OneDrive - Automanix\그림\오토매닉스 로고이미지.png
[12:05:02.426] [T1] tiles | recycle C:\Users\tsusa\OneDrive - Automanix\그림\오토매닉스_약도.png
[12:05:02.426] [T1] tiles | recycle C:\Users\tsusa\OneDrive - Automanix\그림\오토매닉스_인감_배경제거.png
[12:05:02.426] [T1] tiles | recycle C:\Users\tsusa\OneDrive - Automanix\그림\코인챗 로고 long 188_79.png
[12:05:02.426] [T1] tiles | recycle C:\Users\tsusa\OneDrive - Automanix\그림\코인챗 로고 square 148_148.png
[12:05:02.426] [T1] tiles | recycle C:\Users\tsusa\OneDrive - Automanix\그림\코인챗_211012_아이폰XS_2대_중고구매.png
[12:05:02.426] [T1] tiles | recycle C:\Users\tsusa\OneDrive - Automanix\그림\코인챗_사무실.jpg
[12:05:02.426] [T1] tiles | recycle C:\Users\tsusa\OneDrive - Automanix\그림\코인챗_회의실.jpg
[12:05:02.427] [T1] tiles | recycle C:\Users\tsusa\OneDrive - Automanix\그림\포가차.jpg
[12:05:02.427] [T1] tiles | recycle C:\Users\tsusa\OneDrive - Automanix\그림\화면 캡처 2020-11-26 162745.png
[12:05:02.427] [T1] tiles | recycle C:\Users\tsusa\OneDrive - Automanix\그림\화면 캡처 2022-06-21 003453.png
[12:05:02.428] [T1] tiles | recycle C:\Users\tsusa\OneDrive - Automanix\그림\화면 캡처 2022-08-01 115837.jpg
[12:05:02.428] [T1] tiles | recycle C:\Users\tsusa\OneDrive - Automanix\그림\화면 캡처 2022-08-01 115837.png
[12:05:02.428] [T1] tiles | recycle C:\Users\tsusa\OneDrive - Automanix\그림\화면 캡처 2022-08-07 171622.png
[12:05:02.428] [T1] tiles | recycle C:\Users\tsusa\OneDrive - Automanix\그림\화면 캡처 2022-09-29 233922.png
[12:05:02.428] [T1] tiles | recycle C:\Users\tsusa\OneDrive - Automanix\그림\화면 캡처 2022-10-18 181358.png
[12:05:02.428] [T1] tiles | recycle C:\Users\tsusa\OneDrive - Automanix\그림\화면 캡처 2022-10-21 005745.png
[12:05:02.431] [T1] nav | scan done C:\Users\tsusa\OneDrive - Automanix\Zwift count=2
[12:05:02.431] [T1] nav | RefreshView C:\Users\tsusa\OneDrive - Automanix\Zwift count=2
[12:05:02.435] [T1] tiles | ShowEntries C:\Users\tsusa\OneDrive - Automanix\Zwift count=2
[12:05:02.437] [T1] tiles | phase0 C:\Users\tsusa\OneDrive - Automanix\Zwift\.sentry
[12:05:02.438] [T1] tiles | phase0 C:\Users\tsusa\OneDrive - Automanix\Zwift\Logs
[12:05:02.441] [T1] list | phase0 C:\Users\tsusa\OneDrive - Automanix\Zwift\.sentry
[12:05:02.443] [T1] list | phase0 C:\Users\tsusa\OneDrive - Automanix\Zwift\Logs
[12:05:03.579] [T1] nav | NavigateToAsync C:\Users\tsusa\OneDrive - Automanix\그림 exts=48
[12:05:03.579] [T1] list | recycle C:\Users\tsusa\OneDrive - Automanix\Zwift\.sentry
[12:05:03.579] [T1] list | ForceFinish(recycle)
[12:05:03.579] [T1] list | recycle C:\Users\tsusa\OneDrive - Automanix\Zwift\Logs
[12:05:03.579] [T1] list | ForceFinish(recycle)
[12:05:03.580] [T1] tiles | ShowLoading C:\Users\tsusa\OneDrive - Automanix\그림
[12:05:03.580] [T1] tiles | recycle C:\Users\tsusa\OneDrive - Automanix\Zwift\.sentry
[12:05:03.580] [T1] tiles | recycle C:\Users\tsusa\OneDrive - Automanix\Zwift\Logs
[12:05:03.581] [T1] nav | scan done C:\Users\tsusa\OneDrive - Automanix\그림 count=64
[12:05:03.581] [T1] nav | RefreshView C:\Users\tsusa\OneDrive - Automanix\그림 count=64
[12:05:03.582] [T1] tiles | ShowEntries C:\Users\tsusa\OneDrive - Automanix\그림 count=64
[12:05:03.583] [T1] tiles | phase0 C:\Users\tsusa\OneDrive - Automanix\그림\240323 강가 별장
[12:05:03.584] [T1] tiles | phase0 C:\Users\tsusa\OneDrive - Automanix\그림\Feedback
[12:05:03.585] [T1] tiles | phase0 C:\Users\tsusa\OneDrive - Automanix\그림\Saved Pictures
[12:05:03.586] [T1] tiles | phase0 C:\Users\tsusa\OneDrive - Automanix\그림\Scan
[12:05:03.587] [T1] tiles | phase0 C:\Users\tsusa\OneDrive - Automanix\그림\Screenshots
[12:05:03.589] [T1] tiles | phase0 C:\Users\tsusa\OneDrive - Automanix\그림\Zwift
[12:05:03.590] [T1] tiles | phase0 C:\Users\tsusa\OneDrive - Automanix\그림\바탕화면
[12:05:03.590] [T1] tiles | phase0 C:\Users\tsusa\OneDrive - Automanix\그림\스캔
[12:05:03.592] [T1] tiles | phase0 C:\Users\tsusa\OneDrive - Automanix\그림\스크린샷
[12:05:03.593] [T1] tiles | phase0 C:\Users\tsusa\OneDrive - Automanix\그림\카메라 앨범
[12:05:03.594] [T1] tiles | phase0 C:\Users\tsusa\OneDrive - Automanix\그림\220731 강화도.mp4_005246116.jpeg
[12:05:03.595] [T1] tiles | phase0 C:\Users\tsusa\OneDrive - Automanix\그림\220731 강화도.mp4_005246116.jpg
[12:05:03.595] [T1] tiles | phase0 C:\Users\tsusa\OneDrive - Automanix\그림\220731 강화도.mp4_005246116.png
[12:05:03.596] [T1] tiles | phase0 C:\Users\tsusa\OneDrive - Automanix\그림\AMX.jpg
[12:05:03.598] [T1] tiles | phase0 C:\Users\tsusa\OneDrive - Automanix\그림\ARS-로고디자인_원본파일.png
[12:05:03.599] [T1] tiles | phase0 C:\Users\tsusa\OneDrive - Automanix\그림\DALL·E 2024-07-22 16.05.33 - Simplified version of a logo for 'Automotive Research Solution' with the main elements being 'ARS' in a bold font and a sleek, modern car silhouette. .webp
[12:05:03.600] [T1] tiles | phase0 C:\Users\tsusa\OneDrive - Automanix\그림\KakaoTalk_20200117_092011491.png
[12:05:03.601] [T1] tiles | phase0 C:\Users\tsusa\OneDrive - Automanix\그림\KakaoTalk_20240703_110337676.jpg
[12:05:03.601] [T1] tiles | phase0 C:\Users\tsusa\OneDrive - Automanix\그림\pexels-pixabay-37347.jpg
[12:05:03.602] [T1] tiles | phase0 C:\Users\tsusa\OneDrive - Automanix\그림\pexels-polina-zimmerman-3778619.jpg
[12:05:03.605] [T1] list | phase0 C:\Users\tsusa\OneDrive - Automanix\그림\240323 강가 별장
[12:05:03.607] [T1] list | phase0 C:\Users\tsusa\OneDrive - Automanix\그림\Feedback
[12:05:03.609] [T1] list | phase0 C:\Users\tsusa\OneDrive - Automanix\그림\Saved Pictures
[12:05:03.611] [T1] list | phase0 C:\Users\tsusa\OneDrive - Automanix\그림\Scan
[12:05:03.613] [T1] list | phase0 C:\Users\tsusa\OneDrive - Automanix\그림\Screenshots
[12:05:03.616] [T1] list | phase0 C:\Users\tsusa\OneDrive - Automanix\그림\Zwift
[12:05:03.618] [T1] list | phase0 C:\Users\tsusa\OneDrive - Automanix\그림\바탕화면
[12:05:03.620] [T1] list | phase0 C:\Users\tsusa\OneDrive - Automanix\그림\스캔
[12:05:03.622] [T1] list | phase0 C:\Users\tsusa\OneDrive - Automanix\그림\스크린샷
[12:05:03.624] [T1] list | phase0 C:\Users\tsusa\OneDrive - Automanix\그림\카메라 앨범
[12:05:03.626] [T1] list | phase0 C:\Users\tsusa\OneDrive - Automanix\그림\220731 강화도.mp4_005246116.jpeg
[12:05:03.628] [T1] list | phase0 C:\Users\tsusa\OneDrive - Automanix\그림\220731 강화도.mp4_005246116.jpg
[12:05:03.630] [T1] list | phase0 C:\Users\tsusa\OneDrive - Automanix\그림\220731 강화도.mp4_005246116.png
[12:05:03.632] [T1] list | phase0 C:\Users\tsusa\OneDrive - Automanix\그림\AMX.jpg
[12:05:03.635] [T1] list | phase0 C:\Users\tsusa\OneDrive - Automanix\그림\ARS-로고디자인_원본파일.png
[12:05:03.637] [T1] list | phase0 C:\Users\tsusa\OneDrive - Automanix\그림\DALL·E 2024-07-22 16.05.33 - Simplified version of a logo for 'Automotive Research Solution' with the main elements being 'ARS' in a bold font and a sleek, modern car silhouette. .webp
[12:05:03.639] [T1] list | phase0 C:\Users\tsusa\OneDrive - Automanix\그림\KakaoTalk_20200117_092011491.png
[12:05:03.642] [T1] list | phase0 C:\Users\tsusa\OneDrive - Automanix\그림\KakaoTalk_20240703_110337676.jpg
[12:05:03.644] [T1] list | phase0 C:\Users\tsusa\OneDrive - Automanix\그림\pexels-pixabay-37347.jpg
[12:05:03.646] [T1] list | phase0 C:\Users\tsusa\OneDrive - Automanix\그림\pexels-polina-zimmerman-3778619.jpg
[12:05:03.648] [T1] list | phase0 C:\Users\tsusa\OneDrive - Automanix\그림\PXL_20220709_232639106_2.jpg
[12:05:03.650] [T1] list | phase0 C:\Users\tsusa\OneDrive - Automanix\그림\PXL_20220714_125035942_2.jpg
[12:05:03.653] [T1] list | phase0 C:\Users\tsusa\OneDrive - Automanix\그림\PXL_20220714_125148380_2.jpg
[12:05:03.655] [T1] list | phase0 C:\Users\tsusa\OneDrive - Automanix\그림\PXL_20220719_121308973_2.jpg
[12:05:03.657] [T1] list | phase0 C:\Users\tsusa\OneDrive - Automanix\그림\PXL_20220726_125747369_2.jpg
[12:05:03.659] [T1] list | phase0 C:\Users\tsusa\OneDrive - Automanix\그림\PXL_20220804_125449327_2.jpg
[12:05:03.661] [T1] list | phase0 C:\Users\tsusa\OneDrive - Automanix\그림\PXL_20220812_121956977_2.jpg
[12:05:03.664] [T1] list | phase0 C:\Users\tsusa\OneDrive - Automanix\그림\PXL_20220813_214558393_2.jpg
[12:05:03.666] [T1] list | phase0 C:\Users\tsusa\OneDrive - Automanix\그림\PXL_20220817_112931072_2.jpg
[12:05:03.669] [T1] list | phase0 C:\Users\tsusa\OneDrive - Automanix\그림\PXL_20220824_112948946_2.jpg
[12:05:03.671] [T1] list | phase0 C:\Users\tsusa\OneDrive - Automanix\그림\PXL_20220827_001839431_2.jpg
[12:05:03.710] [T1] tiles | fill cached C:\Users\tsusa\OneDrive - Automanix\그림\220731 강화도.mp4_005246116.jpeg
[12:05:03.712] [T1] tiles | fill cached C:\Users\tsusa\OneDrive - Automanix\그림\220731 강화도.mp4_005246116.jpg
[12:05:03.713] [T1] tiles | fill cached C:\Users\tsusa\OneDrive - Automanix\그림\220731 강화도.mp4_005246116.png
[12:05:03.713] [T1] tiles | fill cached C:\Users\tsusa\OneDrive - Automanix\그림\AMX.jpg
[12:05:03.714] [T1] tiles | fill cached C:\Users\tsusa\OneDrive - Automanix\그림\ARS-로고디자인_원본파일.png
[12:05:03.714] [T1] tiles | fill cached C:\Users\tsusa\OneDrive - Automanix\그림\DALL·E 2024-07-22 16.05.33 - Simplified version of a logo for 'Automotive Research Solution' with the main elements being 'ARS' in a bold font and a sleek, modern car silhouette. .webp
[12:05:03.714] [T1] tiles | fill cached C:\Users\tsusa\OneDrive - Automanix\그림\KakaoTalk_20200117_092011491.png
[12:05:03.715] [T1] tiles | fill cached C:\Users\tsusa\OneDrive - Automanix\그림\KakaoTalk_20240703_110337676.jpg
[12:05:03.715] [T1] tiles | fill cached C:\Users\tsusa\OneDrive - Automanix\그림\pexels-pixabay-37347.jpg
[12:05:03.716] [T1] tiles | fill cached C:\Users\tsusa\OneDrive - Automanix\그림\pexels-polina-zimmerman-3778619.jpg
[12:05:03.768] [T1] tiles | cached done C:\Users\tsusa\OneDrive - Automanix\그림\KakaoTalk_20200117_092011491.png
[12:05:03.770] [T1] tiles | phase0 C:\Users\tsusa\OneDrive - Automanix\그림\PXL_20220709_232639106_2.jpg
[12:05:03.771] [T1] tiles | phase0 C:\Users\tsusa\OneDrive - Automanix\그림\PXL_20220714_125035942_2.jpg
[12:05:03.773] [T1] tiles | phase0 C:\Users\tsusa\OneDrive - Automanix\그림\PXL_20220714_125148380_2.jpg
[12:05:03.775] [T1] tiles | phase0 C:\Users\tsusa\OneDrive - Automanix\그림\PXL_20220719_121308973_2.jpg
[12:05:03.776] [T1] tiles | cached done C:\Users\tsusa\OneDrive - Automanix\그림\AMX.jpg
[12:05:03.777] [T1] tiles | cached done C:\Users\tsusa\OneDrive - Automanix\그림\ARS-로고디자인_원본파일.png
[12:05:03.777] [T1] tiles | cached done C:\Users\tsusa\OneDrive - Automanix\그림\DALL·E 2024-07-22 16.05.33 - Simplified version of a logo for 'Automotive Research Solution' with the main elements being 'ARS' in a bold font and a sleek, modern car silhouette. .webp
[12:05:03.778] [T1] tiles | cached done C:\Users\tsusa\OneDrive - Automanix\그림\220731 강화도.mp4_005246116.png
[12:05:03.778] [T1] tiles | cached done C:\Users\tsusa\OneDrive - Automanix\그림\pexels-polina-zimmerman-3778619.jpg
[12:05:03.778] [T1] tiles | cached done C:\Users\tsusa\OneDrive - Automanix\그림\220731 강화도.mp4_005246116.jpeg
[12:05:03.778] [T1] tiles | cached done C:\Users\tsusa\OneDrive - Automanix\그림\220731 강화도.mp4_005246116.jpg
[12:05:03.780] [T1] tiles | fill cached C:\Users\tsusa\OneDrive - Automanix\그림\PXL_20220709_232639106_2.jpg
[12:05:03.781] [T1] tiles | fill cached C:\Users\tsusa\OneDrive - Automanix\그림\PXL_20220714_125035942_2.jpg
[12:05:03.782] [T1] tiles | fill cached C:\Users\tsusa\OneDrive - Automanix\그림\PXL_20220714_125148380_2.jpg
[12:05:03.783] [T1] tiles | fill cached C:\Users\tsusa\OneDrive - Automanix\그림\PXL_20220719_121308973_2.jpg
[12:05:03.799] [T1] tiles | cached done C:\Users\tsusa\OneDrive - Automanix\그림\pexels-pixabay-37347.jpg
[12:05:03.800] [T1] tiles | cached done C:\Users\tsusa\OneDrive - Automanix\그림\KakaoTalk_20240703_110337676.jpg
[12:05:03.813] [T1] tiles | cached done C:\Users\tsusa\OneDrive - Automanix\그림\PXL_20220714_125035942_2.jpg
[12:05:03.814] [T1] tiles | cached done C:\Users\tsusa\OneDrive - Automanix\그림\PXL_20220719_121308973_2.jpg
[12:05:03.814] [T1] tiles | cached done C:\Users\tsusa\OneDrive - Automanix\그림\PXL_20220709_232639106_2.jpg
[12:05:03.815] [T1] tiles | cached done C:\Users\tsusa\OneDrive - Automanix\그림\PXL_20220714_125148380_2.jpg
[12:05:03.819] [T1] list | phase0 C:\Users\tsusa\OneDrive - Automanix\그림\PXL_20220827_230734531_2.jpg
[12:05:03.822] [T1] list | phase0 C:\Users\tsusa\OneDrive - Automanix\그림\PXL_20220831_130316984_2.jpg
[12:05:03.855] [T1] list | phase0 C:\Users\tsusa\OneDrive - Automanix\그림\PXL_20220902_215631957_3.jpg
[12:05:03.858] [T1] list | phase0 C:\Users\tsusa\OneDrive - Automanix\그림\PXL_20220903_010322367_2.jpg
[12:05:03.862] [T1] list | phase0 C:\Users\tsusa\OneDrive - Automanix\그림\PXL_20220920_125143842.MOTION-02.ORIGINAL_2.jpg
[12:05:03.879] [T1] list | phase0 C:\Users\tsusa\OneDrive - Automanix\그림\PXL_20221101_105955590_2.jpg
[12:05:03.883] [T1] list | phase0 C:\Users\tsusa\OneDrive - Automanix\그림\PXL_20230212_024010110.jpg
[12:05:03.920] [T1] tiles | phase0 C:\Users\tsusa\OneDrive - Automanix\그림\PXL_20220726_125747369_2.jpg
[12:05:03.922] [T1] tiles | phase0 C:\Users\tsusa\OneDrive - Automanix\그림\PXL_20220804_125449327_2.jpg
[12:05:03.923] [T1] tiles | phase0 C:\Users\tsusa\OneDrive - Automanix\그림\PXL_20220812_121956977_2.jpg
[12:05:03.924] [T1] tiles | phase0 C:\Users\tsusa\OneDrive - Automanix\그림\PXL_20220813_214558393_2.jpg
[12:05:03.931] [T1] tiles | fill cached C:\Users\tsusa\OneDrive - Automanix\그림\PXL_20220726_125747369_2.jpg
[12:05:03.932] [T1] tiles | fill cached C:\Users\tsusa\OneDrive - Automanix\그림\PXL_20220804_125449327_2.jpg
[12:05:03.932] [T1] tiles | fill cached C:\Users\tsusa\OneDrive - Automanix\그림\PXL_20220812_121956977_2.jpg
[12:05:03.933] [T1] tiles | fill cached C:\Users\tsusa\OneDrive - Automanix\그림\PXL_20220813_214558393_2.jpg
[12:05:03.946] [T1] list | phase0 C:\Users\tsusa\OneDrive - Automanix\그림\PXL_20230212_025601437_2.jpg
[12:05:03.950] [T1] list | phase0 C:\Users\tsusa\OneDrive - Automanix\그림\PXL_20230422_230822530~2.jpg
[12:05:03.952] [T1] list | phase0 C:\Users\tsusa\OneDrive - Automanix\그림\vlcsnap-2026-01-18-12h58m03s381.png
[12:05:03.952] [T1] detail | fetch Image C:\Users\tsusa\OneDrive - Automanix\그림\vlcsnap-2026-01-18-12h58m03s381.png
[12:05:04.000] [T1] tiles | cached done C:\Users\tsusa\OneDrive - Automanix\그림\PXL_20220813_214558393_2.jpg
[12:05:04.001] [T1] tiles | cached done C:\Users\tsusa\OneDrive - Automanix\그림\PXL_20220812_121956977_2.jpg
[12:05:04.001] [T1] tiles | cached done C:\Users\tsusa\OneDrive - Automanix\그림\PXL_20220726_125747369_2.jpg
[12:05:04.001] [T1] tiles | cached done C:\Users\tsusa\OneDrive - Automanix\그림\PXL_20220804_125449327_2.jpg
[12:05:04.005] [T1] tiles | phase0 C:\Users\tsusa\OneDrive - Automanix\그림\PXL_20220817_112931072_2.jpg
[12:05:04.006] [T1] tiles | phase0 C:\Users\tsusa\OneDrive - Automanix\그림\PXL_20220824_112948946_2.jpg
[12:05:04.007] [T1] tiles | phase0 C:\Users\tsusa\OneDrive - Automanix\그림\PXL_20220827_001839431_2.jpg
[12:05:04.008] [T1] tiles | phase0 C:\Users\tsusa\OneDrive - Automanix\그림\PXL_20220827_230734531_2.jpg
[12:05:04.016] [T1] tiles | fill cached C:\Users\tsusa\OneDrive - Automanix\그림\PXL_20220817_112931072_2.jpg
[12:05:04.017] [T1] tiles | fill cached C:\Users\tsusa\OneDrive - Automanix\그림\PXL_20220824_112948946_2.jpg
[12:05:04.018] [T1] tiles | fill cached C:\Users\tsusa\OneDrive - Automanix\그림\PXL_20220827_001839431_2.jpg
[12:05:04.018] [T1] tiles | fill cached C:\Users\tsusa\OneDrive - Automanix\그림\PXL_20220827_230734531_2.jpg
[12:05:04.023] [T1] list | phase0 C:\Users\tsusa\OneDrive - Automanix\그림\vlcsnap-2026-01-19-02h04m39s483.png
[12:05:04.023] [T1] detail | fetch Image C:\Users\tsusa\OneDrive - Automanix\그림\vlcsnap-2026-01-19-02h04m39s483.png
[12:05:04.026] [T1] list | phase0 C:\Users\tsusa\OneDrive - Automanix\그림\vlcsnap-2026-01-27-01h49m01s690.png
[12:05:04.026] [T1] detail | fetch Image C:\Users\tsusa\OneDrive - Automanix\그림\vlcsnap-2026-01-27-01h49m01s690.png
[12:05:04.046] [T1] list | phase0 C:\Users\tsusa\OneDrive - Automanix\그림\민초로부터 온 퇴장 통보.png
[12:05:04.046] [T1] detail | fetch Image C:\Users\tsusa\OneDrive - Automanix\그림\민초로부터 온 퇴장 통보.png
[12:05:04.049] [T1] list | phase0 C:\Users\tsusa\OneDrive - Automanix\그림\아우디 현가장치 관련 리콜.png
[12:05:04.053] [T1] list | phase0 C:\Users\tsusa\OneDrive - Automanix\그림\오토매닉스 대표이미지.png
[12:05:04.064] [T1] tiles | cached done C:\Users\tsusa\OneDrive - Automanix\그림\PXL_20220827_230734531_2.jpg
[12:05:04.065] [T1] tiles | cached done C:\Users\tsusa\OneDrive - Automanix\그림\PXL_20220817_112931072_2.jpg
[12:05:04.065] [T1] tiles | cached done C:\Users\tsusa\OneDrive - Automanix\그림\PXL_20220824_112948946_2.jpg
[12:05:04.065] [T1] tiles | cached done C:\Users\tsusa\OneDrive - Automanix\그림\PXL_20220827_001839431_2.jpg
[12:05:04.074] [T1] list | phase0 C:\Users\tsusa\OneDrive - Automanix\그림\오토매닉스 로고.png
[12:05:04.077] [T1] list | phase0 C:\Users\tsusa\OneDrive - Automanix\그림\오토매닉스 로고이미지.png
[12:05:04.097] [T1] list | phase0 C:\Users\tsusa\OneDrive - Automanix\그림\오토매닉스_약도.png
[12:05:04.104] [T1] list | phase0 C:\Users\tsusa\OneDrive - Automanix\그림\오토매닉스_인감_배경제거.png
[12:05:04.107] [T1] list | phase0 C:\Users\tsusa\OneDrive - Automanix\그림\코인챗 로고 long 188_79.png
[12:05:04.122] [T1] list | phase0 C:\Users\tsusa\OneDrive - Automanix\그림\코인챗 로고 square 148_148.png
[12:05:04.125] [T1] list | phase0 C:\Users\tsusa\OneDrive - Automanix\그림\코인챗_211012_아이폰XS_2대_중고구매.png
[12:05:04.132] [T1] tiles | phase0 C:\Users\tsusa\OneDrive - Automanix\그림\PXL_20220831_130316984_2.jpg
[12:05:04.134] [T1] tiles | phase0 C:\Users\tsusa\OneDrive - Automanix\그림\PXL_20220902_215631957_3.jpg
[12:05:04.135] [T1] tiles | phase0 C:\Users\tsusa\OneDrive - Automanix\그림\PXL_20220903_010322367_2.jpg
[12:05:04.136] [T1] tiles | phase0 C:\Users\tsusa\OneDrive - Automanix\그림\PXL_20220920_125143842.MOTION-02.ORIGINAL_2.jpg
[12:05:04.143] [T1] tiles | fill cached C:\Users\tsusa\OneDrive - Automanix\그림\PXL_20220831_130316984_2.jpg
[12:05:04.144] [T1] tiles | fill cached C:\Users\tsusa\OneDrive - Automanix\그림\PXL_20220902_215631957_3.jpg
[12:05:04.144] [T1] tiles | fill cached C:\Users\tsusa\OneDrive - Automanix\그림\PXL_20220903_010322367_2.jpg
[12:05:04.145] [T1] tiles | fill cached C:\Users\tsusa\OneDrive - Automanix\그림\PXL_20220920_125143842.MOTION-02.ORIGINAL_2.jpg
[12:05:04.148] [T1] list | phase0 C:\Users\tsusa\OneDrive - Automanix\그림\코인챗_사무실.jpg
[12:05:04.152] [T1] list | phase0 C:\Users\tsusa\OneDrive - Automanix\그림\코인챗_회의실.jpg
[12:05:04.154] [T1] list | phase0 C:\Users\tsusa\OneDrive - Automanix\그림\포가차.jpg
[12:05:04.214] [T1] list | phase0 C:\Users\tsusa\OneDrive - Automanix\그림\화면 캡처 2020-11-26 162745.png
[12:05:04.217] [T1] list | phase0 C:\Users\tsusa\OneDrive - Automanix\그림\화면 캡처 2022-06-21 003453.png
[12:05:04.222] [T1] tiles | cached done C:\Users\tsusa\OneDrive - Automanix\그림\PXL_20220831_130316984_2.jpg
[12:05:04.223] [T1] tiles | cached done C:\Users\tsusa\OneDrive - Automanix\그림\PXL_20220903_010322367_2.jpg
[12:05:04.224] [T1] tiles | cached done C:\Users\tsusa\OneDrive - Automanix\그림\PXL_20220902_215631957_3.jpg
[12:05:04.224] [T1] tiles | cached done C:\Users\tsusa\OneDrive - Automanix\그림\PXL_20220920_125143842.MOTION-02.ORIGINAL_2.jpg
[12:05:04.251] [T1] list | phase0 C:\Users\tsusa\OneDrive - Automanix\그림\화면 캡처 2022-08-01 115837.jpg
[12:05:04.253] [T1] list | phase0 C:\Users\tsusa\OneDrive - Automanix\그림\화면 캡처 2022-08-01 115837.png
[12:05:04.256] [T1] list | phase0 C:\Users\tsusa\OneDrive - Automanix\그림\화면 캡처 2022-08-07 171622.png
[12:05:04.272] [T1] list | phase0 C:\Users\tsusa\OneDrive - Automanix\그림\화면 캡처 2022-09-29 233922.png
[12:05:04.275] [T1] list | phase0 C:\Users\tsusa\OneDrive - Automanix\그림\화면 캡처 2022-10-18 181358.png
[12:05:04.291] [T1] list | phase0 C:\Users\tsusa\OneDrive - Automanix\그림\화면 캡처 2022-10-21 005745.png
[12:05:04.295] [T1] tiles | phase0 C:\Users\tsusa\OneDrive - Automanix\그림\PXL_20221101_105955590_2.jpg
[12:05:04.296] [T1] tiles | phase0 C:\Users\tsusa\OneDrive - Automanix\그림\PXL_20230212_024010110.jpg
[12:05:04.297] [T1] tiles | phase0 C:\Users\tsusa\OneDrive - Automanix\그림\PXL_20230212_025601437_2.jpg
[12:05:04.298] [T1] tiles | phase0 C:\Users\tsusa\OneDrive - Automanix\그림\PXL_20230422_230822530~2.jpg
[12:05:04.306] [T1] tiles | fill cached C:\Users\tsusa\OneDrive - Automanix\그림\PXL_20221101_105955590_2.jpg
[12:05:04.307] [T1] tiles | fill cached C:\Users\tsusa\OneDrive - Automanix\그림\PXL_20230212_024010110.jpg
[12:05:04.307] [T1] tiles | fill cached C:\Users\tsusa\OneDrive - Automanix\그림\PXL_20230212_025601437_2.jpg
[12:05:04.308] [T1] tiles | fill cached C:\Users\tsusa\OneDrive - Automanix\그림\PXL_20230422_230822530~2.jpg
[12:05:04.319] [T1] tiles | cached done C:\Users\tsusa\OneDrive - Automanix\그림\PXL_20221101_105955590_2.jpg
[12:05:04.322] [T1] tiles | cached done C:\Users\tsusa\OneDrive - Automanix\그림\PXL_20230212_024010110.jpg
[12:05:04.322] [T1] tiles | cached done C:\Users\tsusa\OneDrive - Automanix\그림\PXL_20230212_025601437_2.jpg
[12:05:04.322] [T1] tiles | cached done C:\Users\tsusa\OneDrive - Automanix\그림\PXL_20230422_230822530~2.jpg
[12:05:04.337] [T1] tiles | phase0 C:\Users\tsusa\OneDrive - Automanix\그림\vlcsnap-2026-01-18-12h58m03s381.png
[12:05:04.338] [T1] tiles | phase0 C:\Users\tsusa\OneDrive - Automanix\그림\vlcsnap-2026-01-19-02h04m39s483.png
[12:05:04.339] [T1] tiles | phase0 C:\Users\tsusa\OneDrive - Automanix\그림\vlcsnap-2026-01-27-01h49m01s690.png
[12:05:04.340] [T1] tiles | phase0 C:\Users\tsusa\OneDrive - Automanix\그림\민초로부터 온 퇴장 통보.png
[12:05:04.343] [T1] tiles | fill shell C:\Users\tsusa\OneDrive - Automanix\그림\vlcsnap-2026-01-18-12h58m03s381.png
[12:05:04.343] [T1] tiles | fill shell C:\Users\tsusa\OneDrive - Automanix\그림\vlcsnap-2026-01-19-02h04m39s483.png
[12:05:04.343] [T1] tiles | fill shell C:\Users\tsusa\OneDrive - Automanix\그림\vlcsnap-2026-01-27-01h49m01s690.png
[12:05:04.343] [T1] tiles | fill shell C:\Users\tsusa\OneDrive - Automanix\그림\민초로부터 온 퇴장 통보.png
[12:05:04.362] [T1] tiles | shell done C:\Users\tsusa\OneDrive - Automanix\그림\vlcsnap-2026-01-27-01h49m01s690.png
[12:05:04.362] [T1] tiles | shell done C:\Users\tsusa\OneDrive - Automanix\그림\vlcsnap-2026-01-19-02h04m39s483.png
[12:05:04.363] [T1] tiles | shell done C:\Users\tsusa\OneDrive - Automanix\그림\vlcsnap-2026-01-18-12h58m03s381.png
[12:05:04.372] [T1] tiles | shell done C:\Users\tsusa\OneDrive - Automanix\그림\민초로부터 온 퇴장 통보.png
[12:05:04.629] [T1] tiles | phase0 C:\Users\tsusa\OneDrive - Automanix\그림\아우디 현가장치 관련 리콜.png
[12:05:04.630] [T1] tiles | phase0 C:\Users\tsusa\OneDrive - Automanix\그림\오토매닉스 대표이미지.png
[12:05:04.631] [T1] tiles | phase0 C:\Users\tsusa\OneDrive - Automanix\그림\오토매닉스 로고.png
[12:05:04.632] [T1] tiles | phase0 C:\Users\tsusa\OneDrive - Automanix\그림\오토매닉스 로고이미지.png
[12:05:04.633] [T1] tiles | fill cached C:\Users\tsusa\OneDrive - Automanix\그림\아우디 현가장치 관련 리콜.png
[12:05:04.634] [T1] tiles | fill cached C:\Users\tsusa\OneDrive - Automanix\그림\오토매닉스 대표이미지.png
[12:05:04.634] [T1] tiles | fill cached C:\Users\tsusa\OneDrive - Automanix\그림\오토매닉스 로고.png
[12:05:04.635] [T1] tiles | fill cached C:\Users\tsusa\OneDrive - Automanix\그림\오토매닉스 로고이미지.png
[12:05:04.661] [T1] tiles | cached done C:\Users\tsusa\OneDrive - Automanix\그림\오토매닉스 로고.png
[12:05:04.663] [T1] tiles | cached done C:\Users\tsusa\OneDrive - Automanix\그림\오토매닉스 로고이미지.png
[12:05:04.664] [T1] tiles | cached done C:\Users\tsusa\OneDrive - Automanix\그림\오토매닉스 대표이미지.png
[12:05:04.667] [T1] tiles | cached done C:\Users\tsusa\OneDrive - Automanix\그림\아우디 현가장치 관련 리콜.png
[12:05:04.755] [T1] tiles | recycle C:\Users\tsusa\OneDrive - Automanix\그림\240323 강가 별장
[12:05:04.755] [T1] tiles | phase0 C:\Users\tsusa\OneDrive - Automanix\그림\오토매닉스_약도.png
[12:05:04.756] [T1] tiles | recycle C:\Users\tsusa\OneDrive - Automanix\그림\Feedback
[12:05:04.756] [T1] tiles | phase0 C:\Users\tsusa\OneDrive - Automanix\그림\오토매닉스_인감_배경제거.png
[12:05:04.756] [T1] tiles | recycle C:\Users\tsusa\OneDrive - Automanix\그림\Saved Pictures
[12:05:04.757] [T1] tiles | phase0 C:\Users\tsusa\OneDrive - Automanix\그림\코인챗 로고 long 188_79.png
[12:05:04.757] [T1] tiles | recycle C:\Users\tsusa\OneDrive - Automanix\그림\Scan
[12:05:04.757] [T1] tiles | phase0 C:\Users\tsusa\OneDrive - Automanix\그림\코인챗 로고 square 148_148.png
[12:05:04.758] [T1] tiles | fill cached C:\Users\tsusa\OneDrive - Automanix\그림\오토매닉스_약도.png
[12:05:04.759] [T1] tiles | fill cached C:\Users\tsusa\OneDrive - Automanix\그림\오토매닉스_인감_배경제거.png
[12:05:04.759] [T1] tiles | fill cached C:\Users\tsusa\OneDrive - Automanix\그림\코인챗 로고 long 188_79.png
[12:05:04.759] [T1] tiles | fill cached C:\Users\tsusa\OneDrive - Automanix\그림\코인챗 로고 square 148_148.png
[12:05:04.769] [T1] tiles | cached done C:\Users\tsusa\OneDrive - Automanix\그림\코인챗 로고 long 188_79.png
[12:05:04.770] [T1] tiles | cached done C:\Users\tsusa\OneDrive - Automanix\그림\코인챗 로고 square 148_148.png
[12:05:04.771] [T1] tiles | cached done C:\Users\tsusa\OneDrive - Automanix\그림\오토매닉스_인감_배경제거.png
[12:05:04.771] [T1] tiles | cached done C:\Users\tsusa\OneDrive - Automanix\그림\오토매닉스_약도.png
[12:05:04.949] [T1] tiles | recycle C:\Users\tsusa\OneDrive - Automanix\그림\Screenshots
[12:05:04.949] [T1] tiles | phase0 C:\Users\tsusa\OneDrive - Automanix\그림\코인챗_211012_아이폰XS_2대_중고구매.png
[12:05:04.949] [T1] tiles | recycle C:\Users\tsusa\OneDrive - Automanix\그림\Zwift
[12:05:04.950] [T1] tiles | phase0 C:\Users\tsusa\OneDrive - Automanix\그림\코인챗_사무실.jpg
[12:05:04.950] [T1] tiles | recycle C:\Users\tsusa\OneDrive - Automanix\그림\바탕화면
[12:05:04.950] [T1] tiles | phase0 C:\Users\tsusa\OneDrive - Automanix\그림\코인챗_회의실.jpg
[12:05:04.951] [T1] tiles | recycle C:\Users\tsusa\OneDrive - Automanix\그림\스캔
[12:05:04.951] [T1] tiles | phase0 C:\Users\tsusa\OneDrive - Automanix\그림\포가차.jpg
[12:05:04.952] [T1] tiles | fill cached C:\Users\tsusa\OneDrive - Automanix\그림\코인챗_211012_아이폰XS_2대_중고구매.png
[12:05:04.952] [T1] tiles | fill cached C:\Users\tsusa\OneDrive - Automanix\그림\코인챗_사무실.jpg
[12:05:04.953] [T1] tiles | fill cached C:\Users\tsusa\OneDrive - Automanix\그림\코인챗_회의실.jpg
[12:05:04.953] [T1] tiles | fill cached C:\Users\tsusa\OneDrive - Automanix\그림\포가차.jpg
[12:05:04.965] [T1] tiles | cached done C:\Users\tsusa\OneDrive - Automanix\그림\코인챗_211012_아이폰XS_2대_중고구매.png
[12:05:04.968] [T1] tiles | cached done C:\Users\tsusa\OneDrive - Automanix\그림\코인챗_사무실.jpg
[12:05:04.969] [T1] tiles | cached done C:\Users\tsusa\OneDrive - Automanix\그림\코인챗_회의실.jpg
[12:05:04.970] [T1] tiles | cached done C:\Users\tsusa\OneDrive - Automanix\그림\포가차.jpg
[12:05:05.119] [T1] tiles | phase0 C:\Users\tsusa\OneDrive - Automanix\그림\화면 캡처 2020-11-26 162745.png
[12:05:05.121] [T1] tiles | phase0 C:\Users\tsusa\OneDrive - Automanix\그림\화면 캡처 2022-06-21 003453.png
[12:05:05.121] [T1] tiles | phase0 C:\Users\tsusa\OneDrive - Automanix\그림\화면 캡처 2022-08-01 115837.jpg
[12:05:05.122] [T1] tiles | phase0 C:\Users\tsusa\OneDrive - Automanix\그림\화면 캡처 2022-08-01 115837.png
[12:05:05.123] [T1] tiles | fill cached C:\Users\tsusa\OneDrive - Automanix\그림\화면 캡처 2020-11-26 162745.png
[12:05:05.124] [T1] tiles | fill cached C:\Users\tsusa\OneDrive - Automanix\그림\화면 캡처 2022-06-21 003453.png
[12:05:05.124] [T1] tiles | fill cached C:\Users\tsusa\OneDrive - Automanix\그림\화면 캡처 2022-08-01 115837.jpg
[12:05:05.125] [T1] tiles | fill cached C:\Users\tsusa\OneDrive - Automanix\그림\화면 캡처 2022-08-01 115837.png
[12:05:05.135] [T1] tiles | cached done C:\Users\tsusa\OneDrive - Automanix\그림\화면 캡처 2020-11-26 162745.png
[12:05:05.139] [T1] tiles | cached done C:\Users\tsusa\OneDrive - Automanix\그림\화면 캡처 2022-08-01 115837.png
[12:05:05.139] [T1] tiles | cached done C:\Users\tsusa\OneDrive - Automanix\그림\화면 캡처 2022-06-21 003453.png
[12:05:05.139] [T1] tiles | cached done C:\Users\tsusa\OneDrive - Automanix\그림\화면 캡처 2022-08-01 115837.jpg
[12:05:05.221] [T1] tiles | recycle C:\Users\tsusa\OneDrive - Automanix\그림\스크린샷
[12:05:05.222] [T1] tiles | phase0 C:\Users\tsusa\OneDrive - Automanix\그림\화면 캡처 2022-08-07 171622.png
[12:05:05.222] [T1] tiles | recycle C:\Users\tsusa\OneDrive - Automanix\그림\카메라 앨범
[12:05:05.223] [T1] tiles | phase0 C:\Users\tsusa\OneDrive - Automanix\그림\화면 캡처 2022-09-29 233922.png
[12:05:05.223] [T1] tiles | recycle C:\Users\tsusa\OneDrive - Automanix\그림\220731 강화도.mp4_005246116.jpeg
[12:05:05.224] [T1] tiles | phase0 C:\Users\tsusa\OneDrive - Automanix\그림\화면 캡처 2022-10-18 181358.png
[12:05:05.224] [T1] tiles | recycle C:\Users\tsusa\OneDrive - Automanix\그림\220731 강화도.mp4_005246116.jpg
[12:05:05.224] [T1] tiles | phase0 C:\Users\tsusa\OneDrive - Automanix\그림\화면 캡처 2022-10-21 005745.png
[12:05:05.225] [T1] tiles | fill cached C:\Users\tsusa\OneDrive - Automanix\그림\화면 캡처 2022-08-07 171622.png
[12:05:05.225] [T1] tiles | fill cached C:\Users\tsusa\OneDrive - Automanix\그림\화면 캡처 2022-09-29 233922.png
[12:05:05.226] [T1] tiles | fill cached C:\Users\tsusa\OneDrive - Automanix\그림\화면 캡처 2022-10-18 181358.png
[12:05:05.226] [T1] tiles | fill cached C:\Users\tsusa\OneDrive - Automanix\그림\화면 캡처 2022-10-21 005745.png
[12:05:05.239] [T1] tiles | cached done C:\Users\tsusa\OneDrive - Automanix\그림\화면 캡처 2022-10-18 181358.png
[12:05:05.239] [T1] tiles | cached done C:\Users\tsusa\OneDrive - Automanix\그림\화면 캡처 2022-09-29 233922.png
[12:05:05.239] [T1] tiles | cached done C:\Users\tsusa\OneDrive - Automanix\그림\화면 캡처 2022-08-07 171622.png
[12:05:05.241] [T1] tiles | cached done C:\Users\tsusa\OneDrive - Automanix\그림\화면 캡처 2022-10-21 005745.png
[12:05:05.453] [T1] tiles | phase0 C:\Users\tsusa\OneDrive - Automanix\그림\220731 강화도.mp4_005246116.jpg
[12:05:05.454] [T1] tiles | phase0 C:\Users\tsusa\OneDrive - Automanix\그림\220731 강화도.mp4_005246116.jpeg
[12:05:05.458] [T1] tiles | phase0 C:\Users\tsusa\OneDrive - Automanix\그림\카메라 앨범
[12:05:05.459] [T1] tiles | phase0 C:\Users\tsusa\OneDrive - Automanix\그림\스크린샷
[12:05:05.464] [T1] tiles | fill cached C:\Users\tsusa\OneDrive - Automanix\그림\220731 강화도.mp4_005246116.jpg
[12:05:05.464] [T1] tiles | fill cached C:\Users\tsusa\OneDrive - Automanix\그림\220731 강화도.mp4_005246116.jpeg
[12:05:05.475] [T1] tiles | cached done C:\Users\tsusa\OneDrive - Automanix\그림\220731 강화도.mp4_005246116.jpg
[12:05:05.475] [T1] tiles | cached done C:\Users\tsusa\OneDrive - Automanix\그림\220731 강화도.mp4_005246116.jpeg
[12:05:05.495] [T1] tiles | phase0 C:\Users\tsusa\OneDrive - Automanix\그림\스캔
[12:05:05.496] [T1] tiles | phase0 C:\Users\tsusa\OneDrive - Automanix\그림\바탕화면
[12:05:05.497] [T1] tiles | phase0 C:\Users\tsusa\OneDrive - Automanix\그림\Zwift
[12:05:05.498] [T1] tiles | phase0 C:\Users\tsusa\OneDrive - Automanix\그림\Screenshots
[12:05:05.841] [T1] tiles | phase0 C:\Users\tsusa\OneDrive - Automanix\그림\Scan
[12:05:05.842] [T1] tiles | phase0 C:\Users\tsusa\OneDrive - Automanix\그림\Saved Pictures
[12:05:05.844] [T1] tiles | phase0 C:\Users\tsusa\OneDrive - Automanix\그림\Feedback
[12:05:05.845] [T1] tiles | phase0 C:\Users\tsusa\OneDrive - Automanix\그림\240323 강가 별장
[16:16:55.486] [T1] nav | NavigateToAsync C:\Users\tsusa\OneDrive - Automanix\그림 exts=48
[16:16:55.487] [T1] nav | scan done C:\Users\tsusa\OneDrive - Automanix\그림 count=60
[16:16:55.487] [T1] nav | RefreshView C:\Users\tsusa\OneDrive - Automanix\그림 count=60
[16:16:55.487] [T1] list | recycle C:\Users\tsusa\OneDrive - Automanix\그림\240323 강가 별장
[16:16:55.487] [T1] list | ForceFinish(recycle)
[16:16:55.488] [T1] list | recycle C:\Users\tsusa\OneDrive - Automanix\그림\Feedback
[16:16:55.488] [T1] list | ForceFinish(recycle)
[16:16:55.488] [T1] list | recycle C:\Users\tsusa\OneDrive - Automanix\그림\Saved Pictures
[16:16:55.488] [T1] list | ForceFinish(recycle)
[16:16:55.488] [T1] list | recycle C:\Users\tsusa\OneDrive - Automanix\그림\Scan
[16:16:55.488] [T1] list | ForceFinish(recycle)
[16:16:55.488] [T1] list | recycle C:\Users\tsusa\OneDrive - Automanix\그림\Screenshots
[16:16:55.488] [T1] list | ForceFinish(recycle)
[16:16:55.488] [T1] list | recycle C:\Users\tsusa\OneDrive - Automanix\그림\Zwift
[16:16:55.488] [T1] list | ForceFinish(recycle)
[16:16:55.488] [T1] list | recycle C:\Users\tsusa\OneDrive - Automanix\그림\바탕화면
[16:16:55.488] [T1] list | ForceFinish(recycle)
[16:16:55.488] [T1] list | recycle C:\Users\tsusa\OneDrive - Automanix\그림\스캔
[16:16:55.488] [T1] list | ForceFinish(recycle)
[16:16:55.488] [T1] list | recycle C:\Users\tsusa\OneDrive - Automanix\그림\스크린샷
[16:16:55.488] [T1] list | ForceFinish(recycle)
[16:16:55.488] [T1] list | recycle C:\Users\tsusa\OneDrive - Automanix\그림\카메라 앨범
[16:16:55.488] [T1] list | ForceFinish(recycle)
[16:16:55.488] [T1] list | recycle C:\Users\tsusa\OneDrive - Automanix\그림\220731 강화도.mp4_005246116.jpeg
[16:16:55.488] [T1] list | ForceFinish(recycle)
[16:16:55.488] [T1] list | recycle C:\Users\tsusa\OneDrive - Automanix\그림\220731 강화도.mp4_005246116.jpg
[16:16:55.488] [T1] list | ForceFinish(recycle)
[16:16:55.488] [T1] list | recycle C:\Users\tsusa\OneDrive - Automanix\그림\220731 강화도.mp4_005246116.png
[16:16:55.488] [T1] list | ForceFinish(recycle)
[16:16:55.488] [T1] list | recycle C:\Users\tsusa\OneDrive - Automanix\그림\AMX.jpg
[16:16:55.488] [T1] list | ForceFinish(recycle)
[16:16:55.488] [T1] list | recycle C:\Users\tsusa\OneDrive - Automanix\그림\ARS-로고디자인_원본파일.png
[16:16:55.488] [T1] list | ForceFinish(recycle)
[16:16:55.488] [T1] list | recycle C:\Users\tsusa\OneDrive - Automanix\그림\DALL·E 2024-07-22 16.05.33 - Simplified version of a logo for 'Automotive Research Solution' with the main elements being 'ARS' in a bold font and a sleek, modern car silhouette. .webp
[16:16:55.488] [T1] list | ForceFinish(recycle)
[16:16:55.488] [T1] list | recycle C:\Users\tsusa\OneDrive - Automanix\그림\KakaoTalk_20200117_092011491.png
[16:16:55.488] [T1] list | ForceFinish(recycle)
[16:16:55.488] [T1] list | recycle C:\Users\tsusa\OneDrive - Automanix\그림\KakaoTalk_20240703_110337676.jpg
[16:16:55.488] [T1] list | ForceFinish(recycle)
[16:16:55.488] [T1] list | recycle C:\Users\tsusa\OneDrive - Automanix\그림\pexels-pixabay-37347.jpg
[16:16:55.488] [T1] list | ForceFinish(recycle)
[16:16:55.488] [T1] list | recycle C:\Users\tsusa\OneDrive - Automanix\그림\pexels-polina-zimmerman-3778619.jpg
[16:16:55.488] [T1] list | ForceFinish(recycle)
[16:16:55.488] [T1] list | recycle C:\Users\tsusa\OneDrive - Automanix\그림\PXL_20220709_232639106_2.jpg
[16:16:55.488] [T1] list | ForceFinish(recycle)
[16:16:55.488] [T1] list | recycle C:\Users\tsusa\OneDrive - Automanix\그림\PXL_20220714_125035942_2.jpg
[16:16:55.488] [T1] list | ForceFinish(recycle)
[16:16:55.488] [T1] list | recycle C:\Users\tsusa\OneDrive - Automanix\그림\PXL_20220714_125148380_2.jpg
[16:16:55.488] [T1] list | ForceFinish(recycle)
[16:16:55.488] [T1] list | recycle C:\Users\tsusa\OneDrive - Automanix\그림\PXL_20220719_121308973_2.jpg
[16:16:55.488] [T1] list | ForceFinish(recycle)
[16:16:55.488] [T1] list | recycle C:\Users\tsusa\OneDrive - Automanix\그림\PXL_20220726_125747369_2.jpg
[16:16:55.488] [T1] list | ForceFinish(recycle)
[16:16:55.488] [T1] list | recycle C:\Users\tsusa\OneDrive - Automanix\그림\PXL_20220804_125449327_2.jpg
[16:16:55.488] [T1] list | ForceFinish(recycle)
[16:16:55.488] [T1] list | recycle C:\Users\tsusa\OneDrive - Automanix\그림\PXL_20220812_121956977_2.jpg
[16:16:55.488] [T1] list | ForceFinish(recycle)
[16:16:55.488] [T1] list | recycle C:\Users\tsusa\OneDrive - Automanix\그림\PXL_20220813_214558393_2.jpg
[16:16:55.488] [T1] list | ForceFinish(recycle)
[16:16:55.488] [T1] list | recycle C:\Users\tsusa\OneDrive - Automanix\그림\PXL_20220817_112931072_2.jpg
[16:16:55.488] [T1] list | ForceFinish(recycle)
[16:16:55.488] [T1] list | recycle C:\Users\tsusa\OneDrive - Automanix\그림\PXL_20220824_112948946_2.jpg
[16:16:55.488] [T1] list | ForceFinish(recycle)
[16:16:55.488] [T1] list | recycle C:\Users\tsusa\OneDrive - Automanix\그림\PXL_20220827_001839431_2.jpg
[16:16:55.488] [T1] list | ForceFinish(recycle)
[16:16:55.488] [T1] list | recycle C:\Users\tsusa\OneDrive - Automanix\그림\PXL_20220827_230734531_2.jpg
[16:16:55.488] [T1] list | ForceFinish(recycle)
[16:16:55.488] [T1] list | recycle C:\Users\tsusa\OneDrive - Automanix\그림\PXL_20220831_130316984_2.jpg
[16:16:55.488] [T1] list | ForceFinish(recycle)
[16:16:55.488] [T1] list | recycle C:\Users\tsusa\OneDrive - Automanix\그림\PXL_20220902_215631957_3.jpg
[16:16:55.488] [T1] list | ForceFinish(recycle)
[16:16:55.488] [T1] list | recycle C:\Users\tsusa\OneDrive - Automanix\그림\PXL_20220903_010322367_2.jpg
[16:16:55.488] [T1] list | ForceFinish(recycle)
[16:16:55.488] [T1] list | recycle C:\Users\tsusa\OneDrive - Automanix\그림\PXL_20220920_125143842.MOTION-02.ORIGINAL_2.jpg
[16:16:55.488] [T1] list | ForceFinish(recycle)
[16:16:55.488] [T1] list | recycle C:\Users\tsusa\OneDrive - Automanix\그림\PXL_20221101_105955590_2.jpg
[16:16:55.488] [T1] list | ForceFinish(recycle)
[16:16:55.488] [T1] list | recycle C:\Users\tsusa\OneDrive - Automanix\그림\PXL_20230212_024010110.jpg
[16:16:55.488] [T1] list | ForceFinish(recycle)
[16:16:55.488] [T1] list | recycle C:\Users\tsusa\OneDrive - Automanix\그림\PXL_20230212_025601437_2.jpg
[16:16:55.488] [T1] list | ForceFinish(recycle)
[16:16:55.488] [T1] list | recycle C:\Users\tsusa\OneDrive - Automanix\그림\PXL_20230422_230822530~2.jpg
[16:16:55.488] [T1] list | ForceFinish(recycle)
[16:16:55.488] [T1] list | recycle C:\Users\tsusa\OneDrive - Automanix\그림\vlcsnap-2026-01-18-12h58m03s381.png
[16:16:55.488] [T1] list | ForceFinish(recycle)
[16:16:55.488] [T1] list | recycle C:\Users\tsusa\OneDrive - Automanix\그림\vlcsnap-2026-01-19-02h04m39s483.png
[16:16:55.488] [T1] list | ForceFinish(recycle)
[16:16:55.488] [T1] list | recycle C:\Users\tsusa\OneDrive - Automanix\그림\vlcsnap-2026-01-27-01h49m01s690.png
[16:16:55.488] [T1] list | ForceFinish(recycle)
[16:16:55.489] [T1] list | recycle C:\Users\tsusa\OneDrive - Automanix\그림\민초로부터 온 퇴장 통보.png
[16:16:55.489] [T1] list | ForceFinish(recycle)
[16:16:55.489] [T1] list | recycle C:\Users\tsusa\OneDrive - Automanix\그림\아우디 현가장치 관련 리콜.png
[16:16:55.489] [T1] list | ForceFinish(recycle)
[16:16:55.489] [T1] list | recycle C:\Users\tsusa\OneDrive - Automanix\그림\오토매닉스 대표이미지.png
[16:16:55.489] [T1] list | ForceFinish(recycle)
[16:16:55.489] [T1] list | recycle C:\Users\tsusa\OneDrive - Automanix\그림\오토매닉스 로고.png
[16:16:55.489] [T1] list | ForceFinish(recycle)
[16:16:55.489] [T1] list | recycle C:\Users\tsusa\OneDrive - Automanix\그림\오토매닉스 로고이미지.png
[16:16:55.489] [T1] list | ForceFinish(recycle)
[16:16:55.489] [T1] list | recycle C:\Users\tsusa\OneDrive - Automanix\그림\오토매닉스_약도.png
[16:16:55.489] [T1] list | ForceFinish(recycle)
[16:16:55.489] [T1] list | recycle C:\Users\tsusa\OneDrive - Automanix\그림\오토매닉스_인감_배경제거.png
[16:16:55.489] [T1] list | ForceFinish(recycle)
[16:16:55.489] [T1] list | recycle C:\Users\tsusa\OneDrive - Automanix\그림\코인챗 로고 long 188_79.png
[16:16:55.489] [T1] list | ForceFinish(recycle)
[16:16:55.489] [T1] list | recycle C:\Users\tsusa\OneDrive - Automanix\그림\코인챗 로고 square 148_148.png
[16:16:55.489] [T1] list | ForceFinish(recycle)
[16:16:55.489] [T1] list | recycle C:\Users\tsusa\OneDrive - Automanix\그림\코인챗_211012_아이폰XS_2대_중고구매.png
[16:16:55.489] [T1] list | ForceFinish(recycle)
[16:16:55.489] [T1] list | recycle C:\Users\tsusa\OneDrive - Automanix\그림\코인챗_사무실.jpg
[16:16:55.489] [T1] list | ForceFinish(recycle)
[16:16:55.489] [T1] list | recycle C:\Users\tsusa\OneDrive - Automanix\그림\코인챗_회의실.jpg
[16:16:55.489] [T1] list | ForceFinish(recycle)
[16:16:55.489] [T1] list | recycle C:\Users\tsusa\OneDrive - Automanix\그림\포가차.jpg
[16:16:55.489] [T1] list | ForceFinish(recycle)
[16:16:55.489] [T1] list | recycle C:\Users\tsusa\OneDrive - Automanix\그림\화면 캡처 2020-11-26 162745.png
[16:16:55.489] [T1] list | ForceFinish(recycle)
[16:16:55.489] [T1] list | recycle C:\Users\tsusa\OneDrive - Automanix\그림\화면 캡처 2022-06-21 003453.png
[16:16:55.489] [T1] list | ForceFinish(recycle)
[16:16:55.489] [T1] list | recycle C:\Users\tsusa\OneDrive - Automanix\그림\화면 캡처 2022-08-01 115837.jpg
[16:16:55.489] [T1] list | ForceFinish(recycle)
[16:16:55.489] [T1] list | recycle C:\Users\tsusa\OneDrive - Automanix\그림\화면 캡처 2022-08-01 115837.png
[16:16:55.489] [T1] list | ForceFinish(recycle)
[16:16:55.489] [T1] list | recycle C:\Users\tsusa\OneDrive - Automanix\그림\화면 캡처 2022-08-07 171622.png
[16:16:55.489] [T1] list | ForceFinish(recycle)
[16:16:55.489] [T1] list | recycle C:\Users\tsusa\OneDrive - Automanix\그림\화면 캡처 2022-09-29 233922.png
[16:16:55.489] [T1] list | ForceFinish(recycle)
[16:16:55.489] [T1] list | recycle C:\Users\tsusa\OneDrive - Automanix\그림\화면 캡처 2022-10-18 181358.png
[16:16:55.489] [T1] list | ForceFinish(recycle)
[16:16:55.489] [T1] list | recycle C:\Users\tsusa\OneDrive - Automanix\그림\화면 캡처 2022-10-21 005745.png
[16:16:55.489] [T1] list | ForceFinish(recycle)
[16:16:55.489] [T1] tiles | ShowEntries C:\Users\tsusa\OneDrive - Automanix\그림 count=60
[16:16:55.489] [T1] tiles | recycle C:\Users\tsusa\OneDrive - Automanix\그림\240323 강가 별장
[16:16:55.490] [T1] tiles | recycle C:\Users\tsusa\OneDrive - Automanix\그림\Feedback
[16:16:55.490] [T1] tiles | recycle C:\Users\tsusa\OneDrive - Automanix\그림\Saved Pictures
[16:16:55.490] [T1] tiles | recycle C:\Users\tsusa\OneDrive - Automanix\그림\Scan
[16:16:55.490] [T1] tiles | recycle C:\Users\tsusa\OneDrive - Automanix\그림\Screenshots
[16:16:55.490] [T1] tiles | recycle C:\Users\tsusa\OneDrive - Automanix\그림\Zwift
[16:16:55.490] [T1] tiles | recycle C:\Users\tsusa\OneDrive - Automanix\그림\바탕화면
[16:16:55.490] [T1] tiles | recycle C:\Users\tsusa\OneDrive - Automanix\그림\스캔
[16:16:55.490] [T1] tiles | recycle C:\Users\tsusa\OneDrive - Automanix\그림\스크린샷
[16:16:55.490] [T1] tiles | recycle C:\Users\tsusa\OneDrive - Automanix\그림\카메라 앨범
[16:16:55.490] [T1] tiles | recycle C:\Users\tsusa\OneDrive - Automanix\그림\220731 강화도.mp4_005246116.jpeg
[16:16:55.490] [T1] tiles | recycle C:\Users\tsusa\OneDrive - Automanix\그림\220731 강화도.mp4_005246116.jpg
[16:16:55.491] [T1] tiles | recycle C:\Users\tsusa\OneDrive - Automanix\그림\220731 강화도.mp4_005246116.png
[16:16:55.491] [T1] tiles | recycle C:\Users\tsusa\OneDrive - Automanix\그림\AMX.jpg
[16:16:55.491] [T1] tiles | recycle C:\Users\tsusa\OneDrive - Automanix\그림\ARS-로고디자인_원본파일.png
[16:16:55.491] [T1] tiles | recycle C:\Users\tsusa\OneDrive - Automanix\그림\DALL·E 2024-07-22 16.05.33 - Simplified version of a logo for 'Automotive Research Solution' with the main elements being 'ARS' in a bold font and a sleek, modern car silhouette. .webp
[16:16:55.491] [T1] tiles | recycle C:\Users\tsusa\OneDrive - Automanix\그림\KakaoTalk_20200117_092011491.png
[16:16:55.491] [T1] tiles | recycle C:\Users\tsusa\OneDrive - Automanix\그림\KakaoTalk_20240703_110337676.jpg
[16:16:55.491] [T1] tiles | recycle C:\Users\tsusa\OneDrive - Automanix\그림\pexels-pixabay-37347.jpg
[16:16:55.491] [T1] tiles | recycle C:\Users\tsusa\OneDrive - Automanix\그림\pexels-polina-zimmerman-3778619.jpg
[16:16:55.491] [T1] tiles | recycle C:\Users\tsusa\OneDrive - Automanix\그림\PXL_20220709_232639106_2.jpg
[16:16:55.491] [T1] tiles | recycle C:\Users\tsusa\OneDrive - Automanix\그림\PXL_20220714_125035942_2.jpg
[16:16:55.491] [T1] tiles | recycle C:\Users\tsusa\OneDrive - Automanix\그림\PXL_20220714_125148380_2.jpg
[16:16:55.491] [T1] tiles | recycle C:\Users\tsusa\OneDrive - Automanix\그림\PXL_20220719_121308973_2.jpg
[16:16:55.491] [T1] tiles | recycle C:\Users\tsusa\OneDrive - Automanix\그림\PXL_20220726_125747369_2.jpg
[16:16:55.492] [T1] tiles | recycle C:\Users\tsusa\OneDrive - Automanix\그림\PXL_20220804_125449327_2.jpg
[16:16:55.492] [T1] tiles | recycle C:\Users\tsusa\OneDrive - Automanix\그림\PXL_20220812_121956977_2.jpg
[16:16:55.492] [T1] tiles | recycle C:\Users\tsusa\OneDrive - Automanix\그림\PXL_20220813_214558393_2.jpg
[16:16:55.492] [T1] tiles | recycle C:\Users\tsusa\OneDrive - Automanix\그림\PXL_20220817_112931072_2.jpg
[16:16:55.492] [T1] tiles | recycle C:\Users\tsusa\OneDrive - Automanix\그림\PXL_20220824_112948946_2.jpg
[16:16:55.492] [T1] tiles | recycle C:\Users\tsusa\OneDrive - Automanix\그림\PXL_20220827_001839431_2.jpg
[16:16:55.492] [T1] tiles | recycle C:\Users\tsusa\OneDrive - Automanix\그림\PXL_20220827_230734531_2.jpg
[16:16:55.492] [T1] tiles | recycle C:\Users\tsusa\OneDrive - Automanix\그림\PXL_20220831_130316984_2.jpg
[16:16:55.492] [T1] tiles | recycle C:\Users\tsusa\OneDrive - Automanix\그림\PXL_20220902_215631957_3.jpg
[16:16:55.492] [T1] tiles | recycle C:\Users\tsusa\OneDrive - Automanix\그림\PXL_20220903_010322367_2.jpg
[16:16:55.492] [T1] tiles | recycle C:\Users\tsusa\OneDrive - Automanix\그림\PXL_20220920_125143842.MOTION-02.ORIGINAL_2.jpg
[16:16:55.492] [T1] tiles | recycle C:\Users\tsusa\OneDrive - Automanix\그림\PXL_20221101_105955590_2.jpg
[16:16:55.492] [T1] tiles | recycle C:\Users\tsusa\OneDrive - Automanix\그림\PXL_20230212_024010110.jpg
[16:16:55.492] [T1] tiles | recycle C:\Users\tsusa\OneDrive - Automanix\그림\PXL_20230212_025601437_2.jpg
[16:16:55.492] [T1] tiles | recycle C:\Users\tsusa\OneDrive - Automanix\그림\PXL_20230422_230822530~2.jpg
[16:16:55.492] [T1] tiles | recycle C:\Users\tsusa\OneDrive - Automanix\그림\vlcsnap-2026-01-18-12h58m03s381.png
[16:16:55.492] [T1] tiles | recycle C:\Users\tsusa\OneDrive - Automanix\그림\vlcsnap-2026-01-19-02h04m39s483.png
[16:16:55.493] [T1] tiles | recycle C:\Users\tsusa\OneDrive - Automanix\그림\vlcsnap-2026-01-27-01h49m01s690.png
[16:16:55.493] [T1] tiles | recycle C:\Users\tsusa\OneDrive - Automanix\그림\민초로부터 온 퇴장 통보.png
[16:16:55.493] [T1] tiles | recycle C:\Users\tsusa\OneDrive - Automanix\그림\아우디 현가장치 관련 리콜.png
[16:16:55.493] [T1] tiles | recycle C:\Users\tsusa\OneDrive - Automanix\그림\오토매닉스 대표이미지.png
[16:16:55.493] [T1] tiles | recycle C:\Users\tsusa\OneDrive - Automanix\그림\오토매닉스 로고.png
[16:16:55.493] [T1] tiles | recycle C:\Users\tsusa\OneDrive - Automanix\그림\오토매닉스 로고이미지.png
[16:16:55.493] [T1] tiles | recycle C:\Users\tsusa\OneDrive - Automanix\그림\오토매닉스_약도.png
[16:16:55.493] [T1] tiles | recycle C:\Users\tsusa\OneDrive - Automanix\그림\오토매닉스_인감_배경제거.png
[16:16:55.493] [T1] tiles | recycle C:\Users\tsusa\OneDrive - Automanix\그림\코인챗 로고 long 188_79.png
[16:16:55.493] [T1] tiles | recycle C:\Users\tsusa\OneDrive - Automanix\그림\코인챗 로고 square 148_148.png
[16:16:55.493] [T1] tiles | recycle C:\Users\tsusa\OneDrive - Automanix\그림\코인챗_211012_아이폰XS_2대_중고구매.png
[16:16:55.493] [T1] tiles | recycle C:\Users\tsusa\OneDrive - Automanix\그림\코인챗_사무실.jpg
[16:16:55.493] [T1] tiles | recycle C:\Users\tsusa\OneDrive - Automanix\그림\코인챗_회의실.jpg
[16:16:55.493] [T1] tiles | recycle C:\Users\tsusa\OneDrive - Automanix\그림\포가차.jpg
[16:16:55.493] [T1] tiles | recycle C:\Users\tsusa\OneDrive - Automanix\그림\화면 캡처 2020-11-26 162745.png
[16:16:55.494] [T1] tiles | recycle C:\Users\tsusa\OneDrive - Automanix\그림\화면 캡처 2022-06-21 003453.png
[16:16:55.494] [T1] tiles | recycle C:\Users\tsusa\OneDrive - Automanix\그림\화면 캡처 2022-08-01 115837.jpg
[16:16:55.494] [T1] tiles | recycle C:\Users\tsusa\OneDrive - Automanix\그림\화면 캡처 2022-08-01 115837.png
[16:16:55.494] [T1] tiles | recycle C:\Users\tsusa\OneDrive - Automanix\그림\화면 캡처 2022-08-07 171622.png
[16:16:55.494] [T1] tiles | recycle C:\Users\tsusa\OneDrive - Automanix\그림\화면 캡처 2022-09-29 233922.png
[16:16:55.495] [T1] tiles | recycle C:\Users\tsusa\OneDrive - Automanix\그림\화면 캡처 2022-10-18 181358.png
[16:16:55.495] [T1] tiles | recycle C:\Users\tsusa\OneDrive - Automanix\그림\화면 캡처 2022-10-21 005745.png
[16:16:55.496] [T1] tiles | phase0 C:\Users\tsusa\OneDrive - Automanix\그림\240323 강가 별장
[16:16:55.498] [T1] tiles | phase0 C:\Users\tsusa\OneDrive - Automanix\그림\Feedback
[16:16:55.499] [T1] tiles | phase0 C:\Users\tsusa\OneDrive - Automanix\그림\Saved Pictures
[16:16:55.501] [T1] tiles | phase0 C:\Users\tsusa\OneDrive - Automanix\그림\Scan
[16:16:55.502] [T1] tiles | phase0 C:\Users\tsusa\OneDrive - Automanix\그림\Screenshots
[16:16:55.503] [T1] tiles | phase0 C:\Users\tsusa\OneDrive - Automanix\그림\Zwift
[16:16:55.504] [T1] tiles | phase0 C:\Users\tsusa\OneDrive - Automanix\그림\바탕화면
[16:16:55.505] [T1] tiles | phase0 C:\Users\tsusa\OneDrive - Automanix\그림\스캔
[16:16:55.506] [T1] tiles | phase0 C:\Users\tsusa\OneDrive - Automanix\그림\스크린샷
[16:16:55.507] [T1] tiles | phase0 C:\Users\tsusa\OneDrive - Automanix\그림\카메라 앨범
[16:16:55.508] [T1] tiles | phase0 C:\Users\tsusa\OneDrive - Automanix\그림\220731 강화도.mp4_005246116.jpeg
[16:16:55.509] [T1] tiles | phase0 C:\Users\tsusa\OneDrive - Automanix\그림\220731 강화도.mp4_005246116.jpg
[16:16:55.510] [T1] tiles | phase0 C:\Users\tsusa\OneDrive - Automanix\그림\220731 강화도.mp4_005246116.png
[16:16:55.511] [T1] tiles | phase0 C:\Users\tsusa\OneDrive - Automanix\그림\AMX.jpg
[16:16:55.512] [T1] tiles | phase0 C:\Users\tsusa\OneDrive - Automanix\그림\ARS-로고디자인_원본파일.png
[16:16:55.513] [T1] tiles | phase0 C:\Users\tsusa\OneDrive - Automanix\그림\DALL·E 2024-07-22 16.05.33 - Simplified version of a logo for 'Automotive Research Solution' with the main elements being 'ARS' in a bold font and a sleek, modern car silhouette. .webp
[16:16:55.514] [T1] tiles | phase0 C:\Users\tsusa\OneDrive - Automanix\그림\KakaoTalk_20200117_092011491.png
[16:16:55.516] [T1] tiles | phase0 C:\Users\tsusa\OneDrive - Automanix\그림\KakaoTalk_20240703_110337676.jpg
[16:16:55.517] [T1] tiles | phase0 C:\Users\tsusa\OneDrive - Automanix\그림\pexels-pixabay-37347.jpg
[16:16:55.518] [T1] tiles | phase0 C:\Users\tsusa\OneDrive - Automanix\그림\pexels-polina-zimmerman-3778619.jpg
[16:16:55.524] [T1] list | phase0 C:\Users\tsusa\OneDrive - Automanix\그림\240323 강가 별장
[16:16:55.529] [T1] list | phase0 C:\Users\tsusa\OneDrive - Automanix\그림\Feedback
[16:16:55.531] [T1] list | phase0 C:\Users\tsusa\OneDrive - Automanix\그림\Saved Pictures
[16:16:55.534] [T1] list | phase0 C:\Users\tsusa\OneDrive - Automanix\그림\Scan
[16:16:55.536] [T1] list | phase0 C:\Users\tsusa\OneDrive - Automanix\그림\Screenshots
[16:16:55.538] [T1] list | phase0 C:\Users\tsusa\OneDrive - Automanix\그림\Zwift
[16:16:55.541] [T1] list | phase0 C:\Users\tsusa\OneDrive - Automanix\그림\바탕화면
[16:16:55.543] [T1] list | phase0 C:\Users\tsusa\OneDrive - Automanix\그림\스캔
[16:16:55.546] [T1] list | phase0 C:\Users\tsusa\OneDrive - Automanix\그림\스크린샷
[16:16:55.548] [T1] list | phase0 C:\Users\tsusa\OneDrive - Automanix\그림\카메라 앨범
[16:16:55.550] [T1] list | phase0 C:\Users\tsusa\OneDrive - Automanix\그림\220731 강화도.mp4_005246116.jpeg
[16:16:55.553] [T1] list | phase0 C:\Users\tsusa\OneDrive - Automanix\그림\220731 강화도.mp4_005246116.jpg
[16:16:55.555] [T1] list | phase0 C:\Users\tsusa\OneDrive - Automanix\그림\220731 강화도.mp4_005246116.png
[16:16:55.558] [T1] list | phase0 C:\Users\tsusa\OneDrive - Automanix\그림\AMX.jpg
[16:16:55.560] [T1] list | phase0 C:\Users\tsusa\OneDrive - Automanix\그림\ARS-로고디자인_원본파일.png
[16:16:55.578] [T1] list | phase0 C:\Users\tsusa\OneDrive - Automanix\그림\DALL·E 2024-07-22 16.05.33 - Simplified version of a logo for 'Automotive Research Solution' with the main elements being 'ARS' in a bold font and a sleek, modern car silhouette. .webp
[16:16:55.581] [T1] list | phase0 C:\Users\tsusa\OneDrive - Automanix\그림\KakaoTalk_20200117_092011491.png
[16:16:55.584] [T1] list | phase0 C:\Users\tsusa\OneDrive - Automanix\그림\KakaoTalk_20240703_110337676.jpg
[16:16:55.586] [T1] list | phase0 C:\Users\tsusa\OneDrive - Automanix\그림\pexels-pixabay-37347.jpg
[16:16:55.589] [T1] list | phase0 C:\Users\tsusa\OneDrive - Automanix\그림\pexels-polina-zimmerman-3778619.jpg
[16:16:55.591] [T1] list | phase0 C:\Users\tsusa\OneDrive - Automanix\그림\PXL_20220709_232639106_2.jpg
[16:16:55.595] [T1] list | phase0 C:\Users\tsusa\OneDrive - Automanix\그림\PXL_20220714_125035942_2.jpg
[16:16:55.598] [T1] list | phase0 C:\Users\tsusa\OneDrive - Automanix\그림\PXL_20220714_125148380_2.jpg
[16:16:55.600] [T1] list | phase0 C:\Users\tsusa\OneDrive - Automanix\그림\PXL_20220719_121308973_2.jpg
[16:16:55.604] [T1] list | phase0 C:\Users\tsusa\OneDrive - Automanix\그림\PXL_20220726_125747369_2.jpg
[16:16:55.607] [T1] list | phase0 C:\Users\tsusa\OneDrive - Automanix\그림\PXL_20220804_125449327_2.jpg
[16:16:55.610] [T1] list | phase0 C:\Users\tsusa\OneDrive - Automanix\그림\PXL_20220812_121956977_2.jpg
[16:16:55.613] [T1] list | phase0 C:\Users\tsusa\OneDrive - Automanix\그림\PXL_20220813_214558393_2.jpg
[16:16:55.616] [T1] list | phase0 C:\Users\tsusa\OneDrive - Automanix\그림\PXL_20220817_112931072_2.jpg
[16:16:55.618] [T1] list | phase0 C:\Users\tsusa\OneDrive - Automanix\그림\PXL_20220824_112948946_2.jpg
[16:16:55.621] [T1] list | phase0 C:\Users\tsusa\OneDrive - Automanix\그림\PXL_20220827_001839431_2.jpg
[16:16:55.760] [T1] tiles | fill cached C:\Users\tsusa\OneDrive - Automanix\그림\220731 강화도.mp4_005246116.jpeg
[16:16:55.763] [T1] tiles | fill cached C:\Users\tsusa\OneDrive - Automanix\그림\220731 강화도.mp4_005246116.jpg
[16:16:55.764] [T1] tiles | fill cached C:\Users\tsusa\OneDrive - Automanix\그림\220731 강화도.mp4_005246116.png
[16:16:55.765] [T1] tiles | fill cached C:\Users\tsusa\OneDrive - Automanix\그림\AMX.jpg
[16:16:55.766] [T1] tiles | fill cached C:\Users\tsusa\OneDrive - Automanix\그림\ARS-로고디자인_원본파일.png
[16:16:55.766] [T1] tiles | fill cached C:\Users\tsusa\OneDrive - Automanix\그림\DALL·E 2024-07-22 16.05.33 - Simplified version of a logo for 'Automotive Research Solution' with the main elements being 'ARS' in a bold font and a sleek, modern car silhouette. .webp
[16:16:55.767] [T1] tiles | fill cached C:\Users\tsusa\OneDrive - Automanix\그림\KakaoTalk_20200117_092011491.png
[16:16:55.768] [T1] tiles | fill cached C:\Users\tsusa\OneDrive - Automanix\그림\KakaoTalk_20240703_110337676.jpg
[16:16:55.768] [T1] tiles | fill cached C:\Users\tsusa\OneDrive - Automanix\그림\pexels-pixabay-37347.jpg
[16:16:55.769] [T1] tiles | fill cached C:\Users\tsusa\OneDrive - Automanix\그림\pexels-polina-zimmerman-3778619.jpg
[16:16:55.784] [T1] list | phase0 C:\Users\tsusa\OneDrive - Automanix\그림\PXL_20220827_230734531_2.jpg
[16:16:55.787] [T1] list | phase0 C:\Users\tsusa\OneDrive - Automanix\그림\PXL_20220831_130316984_2.jpg
[16:16:55.801] [T1] list | phase0 C:\Users\tsusa\OneDrive - Automanix\그림\PXL_20220902_215631957_3.jpg
[16:16:55.804] [T1] list | phase0 C:\Users\tsusa\OneDrive - Automanix\그림\PXL_20220903_010322367_2.jpg
[16:16:55.808] [T1] list | phase0 C:\Users\tsusa\OneDrive - Automanix\그림\PXL_20220920_125143842.MOTION-02.ORIGINAL_2.jpg
[16:16:55.818] [T1] tiles | phase0 C:\Users\tsusa\OneDrive - Automanix\그림\PXL_20220709_232639106_2.jpg
[16:16:55.819] [T1] tiles | phase0 C:\Users\tsusa\OneDrive - Automanix\그림\PXL_20220714_125035942_2.jpg
[16:16:55.821] [T1] tiles | phase0 C:\Users\tsusa\OneDrive - Automanix\그림\PXL_20220714_125148380_2.jpg
[16:16:55.822] [T1] tiles | phase0 C:\Users\tsusa\OneDrive - Automanix\그림\PXL_20220719_121308973_2.jpg
[16:16:55.825] [T1] list | phase0 C:\Users\tsusa\OneDrive - Automanix\그림\PXL_20221101_105955590_2.jpg
[16:16:55.829] [T1] list | phase0 C:\Users\tsusa\OneDrive - Automanix\그림\PXL_20230212_024010110.jpg
[16:16:55.841] [T1] tiles | fill cached C:\Users\tsusa\OneDrive - Automanix\그림\PXL_20220709_232639106_2.jpg
[16:16:55.842] [T1] tiles | fill cached C:\Users\tsusa\OneDrive - Automanix\그림\PXL_20220714_125035942_2.jpg
[16:16:55.843] [T1] tiles | fill cached C:\Users\tsusa\OneDrive - Automanix\그림\PXL_20220714_125148380_2.jpg
[16:16:55.844] [T1] tiles | fill cached C:\Users\tsusa\OneDrive - Automanix\그림\PXL_20220719_121308973_2.jpg
[16:16:55.849] [T1] list | phase0 C:\Users\tsusa\OneDrive - Automanix\그림\PXL_20230212_025601437_2.jpg
[16:16:55.853] [T1] list | phase0 C:\Users\tsusa\OneDrive - Automanix\그림\PXL_20230422_230822530~2.jpg
[16:16:55.857] [T1] list | phase0 C:\Users\tsusa\OneDrive - Automanix\그림\아우디 현가장치 관련 리콜.png
[16:16:55.877] [T1] list | phase0 C:\Users\tsusa\OneDrive - Automanix\그림\오토매닉스 대표이미지.png
[16:16:55.882] [T1] list | phase0 C:\Users\tsusa\OneDrive - Automanix\그림\오토매닉스 로고.png
[16:16:56.054] [T1] tiles | cached done C:\Users\tsusa\OneDrive - Automanix\그림\KakaoTalk_20200117_092011491.png
[16:16:56.054] [T1] tiles | cached done C:\Users\tsusa\OneDrive - Automanix\그림\AMX.jpg
[16:16:56.056] [T1] tiles | cached done C:\Users\tsusa\OneDrive - Automanix\그림\ARS-로고디자인_원본파일.png
[16:16:56.059] [T1] tiles | phase0 C:\Users\tsusa\OneDrive - Automanix\그림\PXL_20220726_125747369_2.jpg
[16:16:56.061] [T1] tiles | phase0 C:\Users\tsusa\OneDrive - Automanix\그림\PXL_20220804_125449327_2.jpg
[16:16:56.063] [T1] tiles | phase0 C:\Users\tsusa\OneDrive - Automanix\그림\PXL_20220812_121956977_2.jpg
[16:16:56.065] [T1] tiles | phase0 C:\Users\tsusa\OneDrive - Automanix\그림\PXL_20220813_214558393_2.jpg
[16:16:56.075] [T1] tiles | cached done C:\Users\tsusa\OneDrive - Automanix\그림\pexels-polina-zimmerman-3778619.jpg
[16:16:56.078] [T1] tiles | fill cached C:\Users\tsusa\OneDrive - Automanix\그림\PXL_20220726_125747369_2.jpg
[16:16:56.082] [T1] tiles | fill cached C:\Users\tsusa\OneDrive - Automanix\그림\PXL_20220804_125449327_2.jpg
[16:16:56.085] [T1] tiles | fill cached C:\Users\tsusa\OneDrive - Automanix\그림\PXL_20220812_121956977_2.jpg
[16:16:56.099] [T1] tiles | fill cached C:\Users\tsusa\OneDrive - Automanix\그림\PXL_20220813_214558393_2.jpg
[16:16:56.114] [T1] list | phase0 C:\Users\tsusa\OneDrive - Automanix\그림\오토매닉스 로고이미지.png
[16:16:56.118] [T1] list | phase0 C:\Users\tsusa\OneDrive - Automanix\그림\오토매닉스_약도.png
[16:16:56.122] [T1] list | phase0 C:\Users\tsusa\OneDrive - Automanix\그림\오토매닉스_인감_배경제거.png
[16:16:56.192] [T1] tiles | cached done C:\Users\tsusa\OneDrive - Automanix\그림\220731 강화도.mp4_005246116.png
[16:16:56.194] [T1] tiles | cached done C:\Users\tsusa\OneDrive - Automanix\그림\PXL_20220719_121308973_2.jpg
[16:16:56.195] [T1] tiles | cached done C:\Users\tsusa\OneDrive - Automanix\그림\PXL_20220714_125035942_2.jpg
[16:16:56.197] [T1] tiles | cached done C:\Users\tsusa\OneDrive - Automanix\그림\220731 강화도.mp4_005246116.jpg
[16:16:56.198] [T1] tiles | cached done C:\Users\tsusa\OneDrive - Automanix\그림\PXL_20220714_125148380_2.jpg
[16:16:56.198] [T1] tiles | cached done C:\Users\tsusa\OneDrive - Automanix\그림\220731 강화도.mp4_005246116.jpeg
[16:16:56.200] [T1] tiles | cached done C:\Users\tsusa\OneDrive - Automanix\그림\DALL·E 2024-07-22 16.05.33 - Simplified version of a logo for 'Automotive Research Solution' with the main elements being 'ARS' in a bold font and a sleek, modern car silhouette. .webp
[16:16:56.200] [T1] tiles | cached done C:\Users\tsusa\OneDrive - Automanix\그림\pexels-pixabay-37347.jpg
[16:16:56.201] [T1] tiles | cached done C:\Users\tsusa\OneDrive - Automanix\그림\KakaoTalk_20240703_110337676.jpg
[16:16:56.203] [T1] tiles | cached done C:\Users\tsusa\OneDrive - Automanix\그림\PXL_20220709_232639106_2.jpg
[16:16:56.226] [T1] tiles | cached done C:\Users\tsusa\OneDrive - Automanix\그림\PXL_20220813_214558393_2.jpg
[16:16:56.228] [T1] tiles | cached done C:\Users\tsusa\OneDrive - Automanix\그림\PXL_20220726_125747369_2.jpg
[16:16:56.229] [T1] tiles | cached done C:\Users\tsusa\OneDrive - Automanix\그림\PXL_20220804_125449327_2.jpg
[16:16:56.230] [T1] tiles | cached done C:\Users\tsusa\OneDrive - Automanix\그림\PXL_20220812_121956977_2.jpg
[16:16:56.239] [T1] list | phase0 C:\Users\tsusa\OneDrive - Automanix\그림\코인챗 로고 long 188_79.png
[16:16:56.249] [T1] list | phase0 C:\Users\tsusa\OneDrive - Automanix\그림\코인챗 로고 square 148_148.png
[16:16:56.293] [T1] list | phase0 C:\Users\tsusa\OneDrive - Automanix\그림\코인챗_211012_아이폰XS_2대_중고구매.png
[16:16:56.298] [T1] list | phase0 C:\Users\tsusa\OneDrive - Automanix\그림\코인챗_사무실.jpg
[16:16:56.302] [T1] list | phase0 C:\Users\tsusa\OneDrive - Automanix\그림\코인챗_회의실.jpg
[16:16:56.354] [T1] tiles | phase0 C:\Users\tsusa\OneDrive - Automanix\그림\PXL_20220817_112931072_2.jpg
[16:16:56.356] [T1] tiles | phase0 C:\Users\tsusa\OneDrive - Automanix\그림\PXL_20220824_112948946_2.jpg
[16:16:56.357] [T1] tiles | phase0 C:\Users\tsusa\OneDrive - Automanix\그림\PXL_20220827_001839431_2.jpg
[16:16:56.359] [T1] tiles | phase0 C:\Users\tsusa\OneDrive - Automanix\그림\PXL_20220827_230734531_2.jpg
[16:16:56.378] [T1] tiles | fill cached C:\Users\tsusa\OneDrive - Automanix\그림\PXL_20220817_112931072_2.jpg
[16:16:56.385] [T1] tiles | fill cached C:\Users\tsusa\OneDrive - Automanix\그림\PXL_20220824_112948946_2.jpg
[16:16:56.388] [T1] tiles | fill cached C:\Users\tsusa\OneDrive - Automanix\그림\PXL_20220827_001839431_2.jpg
[16:16:56.390] [T1] tiles | fill cached C:\Users\tsusa\OneDrive - Automanix\그림\PXL_20220827_230734531_2.jpg
[16:16:56.395] [T1] list | phase0 C:\Users\tsusa\OneDrive - Automanix\그림\포가차.jpg
[16:16:56.400] [T1] list | phase0 C:\Users\tsusa\OneDrive - Automanix\그림\화면 캡처 2020-11-26 162745.png
[16:16:56.433] [T1] list | phase0 C:\Users\tsusa\OneDrive - Automanix\그림\화면 캡처 2022-06-21 003453.png
[16:16:56.440] [T1] list | phase0 C:\Users\tsusa\OneDrive - Automanix\그림\화면 캡처 2022-08-01 115837.jpg
[16:16:56.447] [T1] list | phase0 C:\Users\tsusa\OneDrive - Automanix\그림\화면 캡처 2022-08-01 115837.png
[16:16:56.459] [T1] tiles | cached done C:\Users\tsusa\OneDrive - Automanix\그림\PXL_20220817_112931072_2.jpg
[16:16:56.465] [T1] tiles | cached done C:\Users\tsusa\OneDrive - Automanix\그림\PXL_20220827_230734531_2.jpg
[16:16:56.469] [T1] tiles | phase0 C:\Users\tsusa\OneDrive - Automanix\그림\PXL_20220831_130316984_2.jpg
[16:16:56.472] [T1] tiles | phase0 C:\Users\tsusa\OneDrive - Automanix\그림\PXL_20220902_215631957_3.jpg
[16:16:56.475] [T1] tiles | phase0 C:\Users\tsusa\OneDrive - Automanix\그림\PXL_20220903_010322367_2.jpg
[16:16:56.477] [T1] tiles | phase0 C:\Users\tsusa\OneDrive - Automanix\그림\PXL_20220920_125143842.MOTION-02.ORIGINAL_2.jpg
[16:16:56.479] [T1] tiles | cached done C:\Users\tsusa\OneDrive - Automanix\그림\PXL_20220824_112948946_2.jpg
[16:16:56.482] [T1] tiles | fill cached C:\Users\tsusa\OneDrive - Automanix\그림\PXL_20220831_130316984_2.jpg
[16:16:56.484] [T1] tiles | fill cached C:\Users\tsusa\OneDrive - Automanix\그림\PXL_20220902_215631957_3.jpg
[16:16:56.486] [T1] tiles | fill cached C:\Users\tsusa\OneDrive - Automanix\그림\PXL_20220903_010322367_2.jpg
[16:16:56.487] [T1] tiles | fill cached C:\Users\tsusa\OneDrive - Automanix\그림\PXL_20220920_125143842.MOTION-02.ORIGINAL_2.jpg
[16:16:56.492] [T1] list | phase0 C:\Users\tsusa\OneDrive - Automanix\그림\화면 캡처 2022-08-07 171622.png
[16:16:56.498] [T1] list | phase0 C:\Users\tsusa\OneDrive - Automanix\그림\화면 캡처 2022-09-29 233922.png
[16:16:56.520] [T1] tiles | cached done C:\Users\tsusa\OneDrive - Automanix\그림\PXL_20220827_001839431_2.jpg
[16:16:56.556] [T1] tiles | cached done C:\Users\tsusa\OneDrive - Automanix\그림\PXL_20220831_130316984_2.jpg
[16:16:56.559] [T1] tiles | cached done C:\Users\tsusa\OneDrive - Automanix\그림\PXL_20220903_010322367_2.jpg
[16:16:56.560] [T1] tiles | cached done C:\Users\tsusa\OneDrive - Automanix\그림\PXL_20220920_125143842.MOTION-02.ORIGINAL_2.jpg
[16:16:56.562] [T1] tiles | cached done C:\Users\tsusa\OneDrive - Automanix\그림\PXL_20220902_215631957_3.jpg
[16:16:56.564] [T1] tiles | phase0 C:\Users\tsusa\OneDrive - Automanix\그림\PXL_20221101_105955590_2.jpg
[16:16:56.566] [T1] tiles | phase0 C:\Users\tsusa\OneDrive - Automanix\그림\PXL_20230212_024010110.jpg
[16:16:56.567] [T1] tiles | phase0 C:\Users\tsusa\OneDrive - Automanix\그림\PXL_20230212_025601437_2.jpg
[16:16:56.569] [T1] tiles | phase0 C:\Users\tsusa\OneDrive - Automanix\그림\PXL_20230422_230822530~2.jpg
[16:16:56.572] [T1] tiles | fill cached C:\Users\tsusa\OneDrive - Automanix\그림\PXL_20221101_105955590_2.jpg
[16:16:56.573] [T1] tiles | fill cached C:\Users\tsusa\OneDrive - Automanix\그림\PXL_20230212_024010110.jpg
[16:16:56.574] [T1] tiles | fill cached C:\Users\tsusa\OneDrive - Automanix\그림\PXL_20230212_025601437_2.jpg
[16:16:56.575] [T1] tiles | fill cached C:\Users\tsusa\OneDrive - Automanix\그림\PXL_20230422_230822530~2.jpg
[16:16:56.582] [T1] list | phase0 C:\Users\tsusa\OneDrive - Automanix\그림\화면 캡처 2022-10-18 181358.png
[16:16:56.586] [T1] list | phase0 C:\Users\tsusa\OneDrive - Automanix\그림\화면 캡처 2022-10-21 005745.png
[16:16:56.648] [T1] tiles | cached done C:\Users\tsusa\OneDrive - Automanix\그림\PXL_20221101_105955590_2.jpg
[16:16:56.650] [T1] tiles | cached done C:\Users\tsusa\OneDrive - Automanix\그림\PXL_20230212_025601437_2.jpg
[16:16:56.651] [T1] tiles | cached done C:\Users\tsusa\OneDrive - Automanix\그림\PXL_20230212_024010110.jpg
[16:16:56.652] [T1] tiles | cached done C:\Users\tsusa\OneDrive - Automanix\그림\PXL_20230422_230822530~2.jpg
[16:16:56.664] [T1] tiles | phase0 C:\Users\tsusa\OneDrive - Automanix\그림\아우디 현가장치 관련 리콜.png
[16:16:56.666] [T1] tiles | phase0 C:\Users\tsusa\OneDrive - Automanix\그림\오토매닉스 대표이미지.png
[16:16:56.668] [T1] tiles | phase0 C:\Users\tsusa\OneDrive - Automanix\그림\오토매닉스 로고.png
[16:16:56.670] [T1] tiles | phase0 C:\Users\tsusa\OneDrive - Automanix\그림\오토매닉스 로고이미지.png
[16:16:56.681] [T1] tiles | fill cached C:\Users\tsusa\OneDrive - Automanix\그림\아우디 현가장치 관련 리콜.png
[16:16:56.682] [T1] tiles | fill cached C:\Users\tsusa\OneDrive - Automanix\그림\오토매닉스 대표이미지.png
[16:16:56.683] [T1] tiles | fill cached C:\Users\tsusa\OneDrive - Automanix\그림\오토매닉스 로고.png
[16:16:56.685] [T1] tiles | fill cached C:\Users\tsusa\OneDrive - Automanix\그림\오토매닉스 로고이미지.png
[16:16:56.743] [T1] tiles | cached done C:\Users\tsusa\OneDrive - Automanix\그림\아우디 현가장치 관련 리콜.png
[16:16:56.747] [T1] tiles | phase0 C:\Users\tsusa\OneDrive - Automanix\그림\오토매닉스_약도.png
[16:16:56.751] [T1] tiles | phase0 C:\Users\tsusa\OneDrive - Automanix\그림\오토매닉스_인감_배경제거.png
[16:16:56.755] [T1] tiles | phase0 C:\Users\tsusa\OneDrive - Automanix\그림\코인챗 로고 long 188_79.png
[16:16:56.759] [T1] tiles | phase0 C:\Users\tsusa\OneDrive - Automanix\그림\코인챗 로고 square 148_148.png
[16:16:56.764] [T1] tiles | fill cached C:\Users\tsusa\OneDrive - Automanix\그림\오토매닉스_약도.png
[16:16:56.766] [T1] tiles | fill cached C:\Users\tsusa\OneDrive - Automanix\그림\오토매닉스_인감_배경제거.png
[16:16:56.769] [T1] tiles | fill cached C:\Users\tsusa\OneDrive - Automanix\그림\코인챗 로고 long 188_79.png
[16:16:56.770] [T1] tiles | fill cached C:\Users\tsusa\OneDrive - Automanix\그림\코인챗 로고 square 148_148.png
[16:16:56.776] [T1] tiles | cached done C:\Users\tsusa\OneDrive - Automanix\그림\오토매닉스 로고.png
[16:16:56.779] [T1] tiles | cached done C:\Users\tsusa\OneDrive - Automanix\그림\오토매닉스 로고이미지.png
[16:16:56.780] [T1] tiles | cached done C:\Users\tsusa\OneDrive - Automanix\그림\오토매닉스 대표이미지.png
[16:16:56.799] [T1] tiles | phase0 C:\Users\tsusa\OneDrive - Automanix\그림\코인챗_211012_아이폰XS_2대_중고구매.png
[16:16:56.801] [T1] tiles | phase0 C:\Users\tsusa\OneDrive - Automanix\그림\코인챗_사무실.jpg
[16:16:56.803] [T1] tiles | phase0 C:\Users\tsusa\OneDrive - Automanix\그림\코인챗_회의실.jpg
[16:16:56.805] [T1] tiles | phase0 C:\Users\tsusa\OneDrive - Automanix\그림\포가차.jpg
[16:16:56.846] [T1] tiles | fill cached C:\Users\tsusa\OneDrive - Automanix\그림\코인챗_211012_아이폰XS_2대_중고구매.png
[16:16:56.848] [T1] tiles | fill cached C:\Users\tsusa\OneDrive - Automanix\그림\코인챗_사무실.jpg
[16:16:56.857] [T1] tiles | cached done C:\Users\tsusa\OneDrive - Automanix\그림\코인챗 로고 long 188_79.png
[16:16:56.861] [T1] tiles | cached done C:\Users\tsusa\OneDrive - Automanix\그림\오토매닉스_약도.png
[16:16:56.864] [T1] tiles | cached done C:\Users\tsusa\OneDrive - Automanix\그림\코인챗 로고 square 148_148.png
[16:16:56.865] [T1] tiles | cached done C:\Users\tsusa\OneDrive - Automanix\그림\오토매닉스_인감_배경제거.png
[16:16:56.865] [T1] tiles | cached done C:\Users\tsusa\OneDrive - Automanix\그림\코인챗_211012_아이폰XS_2대_중고구매.png
[16:16:56.871] [T1] tiles | cached done C:\Users\tsusa\OneDrive - Automanix\그림\코인챗_사무실.jpg
[16:16:56.876] [T1] tiles | fill cached C:\Users\tsusa\OneDrive - Automanix\그림\코인챗_회의실.jpg
[16:16:56.877] [T1] tiles | fill cached C:\Users\tsusa\OneDrive - Automanix\그림\포가차.jpg
[16:16:56.893] [T1] tiles | cached done C:\Users\tsusa\OneDrive - Automanix\그림\코인챗_회의실.jpg
[16:16:56.938] [T1] tiles | cached done C:\Users\tsusa\OneDrive - Automanix\그림\포가차.jpg
[16:16:56.943] [T1] tiles | phase0 C:\Users\tsusa\OneDrive - Automanix\그림\화면 캡처 2020-11-26 162745.png
[16:16:56.944] [T1] tiles | phase0 C:\Users\tsusa\OneDrive - Automanix\그림\화면 캡처 2022-06-21 003453.png
[16:16:56.946] [T1] tiles | phase0 C:\Users\tsusa\OneDrive - Automanix\그림\화면 캡처 2022-08-01 115837.jpg
[16:16:56.948] [T1] tiles | phase0 C:\Users\tsusa\OneDrive - Automanix\그림\화면 캡처 2022-08-01 115837.png
[16:16:56.949] [T1] tiles | fill cached C:\Users\tsusa\OneDrive - Automanix\그림\화면 캡처 2020-11-26 162745.png
[16:16:56.950] [T1] tiles | fill cached C:\Users\tsusa\OneDrive - Automanix\그림\화면 캡처 2022-06-21 003453.png
[16:16:56.952] [T1] tiles | fill cached C:\Users\tsusa\OneDrive - Automanix\그림\화면 캡처 2022-08-01 115837.jpg
[16:16:56.954] [T1] tiles | fill cached C:\Users\tsusa\OneDrive - Automanix\그림\화면 캡처 2022-08-01 115837.png
[16:16:56.988] [T1] tiles | cached done C:\Users\tsusa\OneDrive - Automanix\그림\화면 캡처 2020-11-26 162745.png
[16:16:56.989] [T1] tiles | cached done C:\Users\tsusa\OneDrive - Automanix\그림\화면 캡처 2022-06-21 003453.png
[16:16:56.989] [T1] tiles | cached done C:\Users\tsusa\OneDrive - Automanix\그림\화면 캡처 2022-08-01 115837.jpg
[16:16:56.991] [T1] tiles | cached done C:\Users\tsusa\OneDrive - Automanix\그림\화면 캡처 2022-08-01 115837.png
[16:16:56.998] [T1] tiles | phase0 C:\Users\tsusa\OneDrive - Automanix\그림\화면 캡처 2022-08-07 171622.png
[16:16:56.999] [T1] tiles | phase0 C:\Users\tsusa\OneDrive - Automanix\그림\화면 캡처 2022-09-29 233922.png
[16:16:57.000] [T1] tiles | phase0 C:\Users\tsusa\OneDrive - Automanix\그림\화면 캡처 2022-10-18 181358.png
[16:16:57.001] [T1] tiles | phase0 C:\Users\tsusa\OneDrive - Automanix\그림\화면 캡처 2022-10-21 005745.png
[16:16:57.002] [T1] tiles | fill cached C:\Users\tsusa\OneDrive - Automanix\그림\화면 캡처 2022-08-07 171622.png
[16:16:57.003] [T1] tiles | fill cached C:\Users\tsusa\OneDrive - Automanix\그림\화면 캡처 2022-09-29 233922.png
[16:16:57.004] [T1] tiles | fill cached C:\Users\tsusa\OneDrive - Automanix\그림\화면 캡처 2022-10-18 181358.png
[16:16:57.005] [T1] tiles | fill cached C:\Users\tsusa\OneDrive - Automanix\그림\화면 캡처 2022-10-21 005745.png
[16:16:57.026] [T1] tiles | cached done C:\Users\tsusa\OneDrive - Automanix\그림\화면 캡처 2022-08-07 171622.png
[16:16:57.028] [T1] tiles | cached done C:\Users\tsusa\OneDrive - Automanix\그림\화면 캡처 2022-09-29 233922.png
[16:16:57.029] [T1] tiles | cached done C:\Users\tsusa\OneDrive - Automanix\그림\화면 캡처 2022-10-18 181358.png
[16:16:57.029] [T1] tiles | cached done C:\Users\tsusa\OneDrive - Automanix\그림\화면 캡처 2022-10-21 005745.png
[16:17:00.183] [T1] nav | NavigateToAsync C:\Users\tsusa\OneDrive - Automanix\Zwift exts=48
[16:17:00.184] [T1] list | recycle C:\Users\tsusa\OneDrive - Automanix\그림\240323 강가 별장
[16:17:00.184] [T1] list | ForceFinish(recycle)
[16:17:00.184] [T1] list | recycle C:\Users\tsusa\OneDrive - Automanix\그림\Feedback
[16:17:00.184] [T1] list | ForceFinish(recycle)
[16:17:00.184] [T1] list | recycle C:\Users\tsusa\OneDrive - Automanix\그림\Saved Pictures
[16:17:00.184] [T1] list | ForceFinish(recycle)
[16:17:00.184] [T1] list | recycle C:\Users\tsusa\OneDrive - Automanix\그림\Scan
[16:17:00.184] [T1] list | ForceFinish(recycle)
[16:17:00.184] [T1] list | recycle C:\Users\tsusa\OneDrive - Automanix\그림\Screenshots
[16:17:00.184] [T1] list | ForceFinish(recycle)
[16:17:00.184] [T1] list | recycle C:\Users\tsusa\OneDrive - Automanix\그림\Zwift
[16:17:00.184] [T1] list | ForceFinish(recycle)
[16:17:00.184] [T1] list | recycle C:\Users\tsusa\OneDrive - Automanix\그림\바탕화면
[16:17:00.184] [T1] list | ForceFinish(recycle)
[16:17:00.184] [T1] list | recycle C:\Users\tsusa\OneDrive - Automanix\그림\스캔
[16:17:00.184] [T1] list | ForceFinish(recycle)
[16:17:00.184] [T1] list | recycle C:\Users\tsusa\OneDrive - Automanix\그림\스크린샷
[16:17:00.184] [T1] list | ForceFinish(recycle)
[16:17:00.184] [T1] list | recycle C:\Users\tsusa\OneDrive - Automanix\그림\카메라 앨범
[16:17:00.184] [T1] list | ForceFinish(recycle)
[16:17:00.184] [T1] list | recycle C:\Users\tsusa\OneDrive - Automanix\그림\220731 강화도.mp4_005246116.jpeg
[16:17:00.184] [T1] list | ForceFinish(recycle)
[16:17:00.184] [T1] list | recycle C:\Users\tsusa\OneDrive - Automanix\그림\220731 강화도.mp4_005246116.jpg
[16:17:00.184] [T1] list | ForceFinish(recycle)
[16:17:00.184] [T1] list | recycle C:\Users\tsusa\OneDrive - Automanix\그림\220731 강화도.mp4_005246116.png
[16:17:00.184] [T1] list | ForceFinish(recycle)
[16:17:00.184] [T1] list | recycle C:\Users\tsusa\OneDrive - Automanix\그림\AMX.jpg
[16:17:00.184] [T1] list | ForceFinish(recycle)
[16:17:00.184] [T1] list | recycle C:\Users\tsusa\OneDrive - Automanix\그림\ARS-로고디자인_원본파일.png
[16:17:00.184] [T1] list | ForceFinish(recycle)
[16:17:00.184] [T1] list | recycle C:\Users\tsusa\OneDrive - Automanix\그림\DALL·E 2024-07-22 16.05.33 - Simplified version of a logo for 'Automotive Research Solution' with the main elements being 'ARS' in a bold font and a sleek, modern car silhouette. .webp
[16:17:00.184] [T1] list | ForceFinish(recycle)
[16:17:00.184] [T1] list | recycle C:\Users\tsusa\OneDrive - Automanix\그림\KakaoTalk_20200117_092011491.png
[16:17:00.184] [T1] list | ForceFinish(recycle)
[16:17:00.185] [T1] list | recycle C:\Users\tsusa\OneDrive - Automanix\그림\KakaoTalk_20240703_110337676.jpg
[16:17:00.185] [T1] list | ForceFinish(recycle)
[16:17:00.185] [T1] list | recycle C:\Users\tsusa\OneDrive - Automanix\그림\pexels-pixabay-37347.jpg
[16:17:00.185] [T1] list | ForceFinish(recycle)
[16:17:00.185] [T1] list | recycle C:\Users\tsusa\OneDrive - Automanix\그림\pexels-polina-zimmerman-3778619.jpg
[16:17:00.185] [T1] list | ForceFinish(recycle)
[16:17:00.185] [T1] list | recycle C:\Users\tsusa\OneDrive - Automanix\그림\PXL_20220709_232639106_2.jpg
[16:17:00.185] [T1] list | ForceFinish(recycle)
[16:17:00.185] [T1] list | recycle C:\Users\tsusa\OneDrive - Automanix\그림\PXL_20220714_125035942_2.jpg
[16:17:00.185] [T1] list | ForceFinish(recycle)
[16:17:00.185] [T1] list | recycle C:\Users\tsusa\OneDrive - Automanix\그림\PXL_20220714_125148380_2.jpg
[16:17:00.185] [T1] list | ForceFinish(recycle)
[16:17:00.185] [T1] list | recycle C:\Users\tsusa\OneDrive - Automanix\그림\PXL_20220719_121308973_2.jpg
[16:17:00.185] [T1] list | ForceFinish(recycle)
[16:17:00.185] [T1] list | recycle C:\Users\tsusa\OneDrive - Automanix\그림\PXL_20220726_125747369_2.jpg
[16:17:00.185] [T1] list | ForceFinish(recycle)
[16:17:00.185] [T1] list | recycle C:\Users\tsusa\OneDrive - Automanix\그림\PXL_20220804_125449327_2.jpg
[16:17:00.185] [T1] list | ForceFinish(recycle)
[16:17:00.185] [T1] list | recycle C:\Users\tsusa\OneDrive - Automanix\그림\PXL_20220812_121956977_2.jpg
[16:17:00.185] [T1] list | ForceFinish(recycle)
[16:17:00.185] [T1] list | recycle C:\Users\tsusa\OneDrive - Automanix\그림\PXL_20220813_214558393_2.jpg
[16:17:00.185] [T1] list | ForceFinish(recycle)
[16:17:00.185] [T1] list | recycle C:\Users\tsusa\OneDrive - Automanix\그림\PXL_20220817_112931072_2.jpg
[16:17:00.185] [T1] list | ForceFinish(recycle)
[16:17:00.185] [T1] list | recycle C:\Users\tsusa\OneDrive - Automanix\그림\PXL_20220824_112948946_2.jpg
[16:17:00.185] [T1] list | ForceFinish(recycle)
[16:17:00.185] [T1] list | recycle C:\Users\tsusa\OneDrive - Automanix\그림\PXL_20220827_001839431_2.jpg
[16:17:00.185] [T1] list | ForceFinish(recycle)
[16:17:00.185] [T1] list | recycle C:\Users\tsusa\OneDrive - Automanix\그림\PXL_20220827_230734531_2.jpg
[16:17:00.185] [T1] list | ForceFinish(recycle)
[16:17:00.185] [T1] list | recycle C:\Users\tsusa\OneDrive - Automanix\그림\PXL_20220831_130316984_2.jpg
[16:17:00.185] [T1] list | ForceFinish(recycle)
[16:17:00.185] [T1] list | recycle C:\Users\tsusa\OneDrive - Automanix\그림\PXL_20220902_215631957_3.jpg
[16:17:00.185] [T1] list | ForceFinish(recycle)
[16:17:00.185] [T1] list | recycle C:\Users\tsusa\OneDrive - Automanix\그림\PXL_20220903_010322367_2.jpg
[16:17:00.185] [T1] list | ForceFinish(recycle)
[16:17:00.185] [T1] list | recycle C:\Users\tsusa\OneDrive - Automanix\그림\PXL_20220920_125143842.MOTION-02.ORIGINAL_2.jpg
[16:17:00.185] [T1] list | ForceFinish(recycle)
[16:17:00.185] [T1] list | recycle C:\Users\tsusa\OneDrive - Automanix\그림\PXL_20221101_105955590_2.jpg
[16:17:00.185] [T1] list | ForceFinish(recycle)
[16:17:00.185] [T1] list | recycle C:\Users\tsusa\OneDrive - Automanix\그림\PXL_20230212_024010110.jpg
[16:17:00.185] [T1] list | ForceFinish(recycle)
[16:17:00.185] [T1] list | recycle C:\Users\tsusa\OneDrive - Automanix\그림\PXL_20230212_025601437_2.jpg
[16:17:00.185] [T1] list | ForceFinish(recycle)
[16:17:00.185] [T1] list | recycle C:\Users\tsusa\OneDrive - Automanix\그림\PXL_20230422_230822530~2.jpg
[16:17:00.185] [T1] list | ForceFinish(recycle)
[16:17:00.185] [T1] list | recycle C:\Users\tsusa\OneDrive - Automanix\그림\아우디 현가장치 관련 리콜.png
[16:17:00.185] [T1] list | ForceFinish(recycle)
[16:17:00.185] [T1] list | recycle C:\Users\tsusa\OneDrive - Automanix\그림\오토매닉스 대표이미지.png
[16:17:00.185] [T1] list | ForceFinish(recycle)
[16:17:00.185] [T1] list | recycle C:\Users\tsusa\OneDrive - Automanix\그림\오토매닉스 로고.png
[16:17:00.185] [T1] list | ForceFinish(recycle)
[16:17:00.185] [T1] list | recycle C:\Users\tsusa\OneDrive - Automanix\그림\오토매닉스 로고이미지.png
[16:17:00.185] [T1] list | ForceFinish(recycle)
[16:17:00.185] [T1] list | recycle C:\Users\tsusa\OneDrive - Automanix\그림\오토매닉스_약도.png
[16:17:00.185] [T1] list | ForceFinish(recycle)
[16:17:00.185] [T1] list | recycle C:\Users\tsusa\OneDrive - Automanix\그림\오토매닉스_인감_배경제거.png
[16:17:00.185] [T1] list | ForceFinish(recycle)
[16:17:00.185] [T1] list | recycle C:\Users\tsusa\OneDrive - Automanix\그림\코인챗 로고 long 188_79.png
[16:17:00.186] [T1] list | ForceFinish(recycle)
[16:17:00.186] [T1] list | recycle C:\Users\tsusa\OneDrive - Automanix\그림\코인챗 로고 square 148_148.png
[16:17:00.186] [T1] list | ForceFinish(recycle)
[16:17:00.186] [T1] list | recycle C:\Users\tsusa\OneDrive - Automanix\그림\코인챗_211012_아이폰XS_2대_중고구매.png
[16:17:00.186] [T1] list | ForceFinish(recycle)
[16:17:00.186] [T1] list | recycle C:\Users\tsusa\OneDrive - Automanix\그림\코인챗_사무실.jpg
[16:17:00.186] [T1] list | ForceFinish(recycle)
[16:17:00.186] [T1] list | recycle C:\Users\tsusa\OneDrive - Automanix\그림\코인챗_회의실.jpg
[16:17:00.186] [T1] list | ForceFinish(recycle)
[16:17:00.186] [T1] list | recycle C:\Users\tsusa\OneDrive - Automanix\그림\포가차.jpg
[16:17:00.186] [T1] list | ForceFinish(recycle)
[16:17:00.186] [T1] list | recycle C:\Users\tsusa\OneDrive - Automanix\그림\화면 캡처 2020-11-26 162745.png
[16:17:00.186] [T1] list | ForceFinish(recycle)
[16:17:00.186] [T1] list | recycle C:\Users\tsusa\OneDrive - Automanix\그림\화면 캡처 2022-06-21 003453.png
[16:17:00.186] [T1] list | ForceFinish(recycle)
[16:17:00.186] [T1] list | recycle C:\Users\tsusa\OneDrive - Automanix\그림\화면 캡처 2022-08-01 115837.jpg
[16:17:00.186] [T1] list | ForceFinish(recycle)
[16:17:00.186] [T1] list | recycle C:\Users\tsusa\OneDrive - Automanix\그림\화면 캡처 2022-08-01 115837.png
[16:17:00.186] [T1] list | ForceFinish(recycle)
[16:17:00.186] [T1] list | recycle C:\Users\tsusa\OneDrive - Automanix\그림\화면 캡처 2022-08-07 171622.png
[16:17:00.186] [T1] list | ForceFinish(recycle)
[16:17:00.186] [T1] list | recycle C:\Users\tsusa\OneDrive - Automanix\그림\화면 캡처 2022-09-29 233922.png
[16:17:00.186] [T1] list | ForceFinish(recycle)
[16:17:00.186] [T1] list | recycle C:\Users\tsusa\OneDrive - Automanix\그림\화면 캡처 2022-10-18 181358.png
[16:17:00.186] [T1] list | ForceFinish(recycle)
[16:17:00.186] [T1] list | recycle C:\Users\tsusa\OneDrive - Automanix\그림\화면 캡처 2022-10-21 005745.png
[16:17:00.186] [T1] list | ForceFinish(recycle)
[16:17:00.186] [T1] tiles | ShowLoading C:\Users\tsusa\OneDrive - Automanix\Zwift
[16:17:00.186] [T1] tiles | recycle C:\Users\tsusa\OneDrive - Automanix\그림\240323 강가 별장
[16:17:00.187] [T1] tiles | recycle C:\Users\tsusa\OneDrive - Automanix\그림\Feedback
[16:17:00.187] [T1] tiles | recycle C:\Users\tsusa\OneDrive - Automanix\그림\Saved Pictures
[16:17:00.187] [T1] tiles | recycle C:\Users\tsusa\OneDrive - Automanix\그림\Scan
[16:17:00.187] [T1] tiles | recycle C:\Users\tsusa\OneDrive - Automanix\그림\Screenshots
[16:17:00.187] [T1] tiles | recycle C:\Users\tsusa\OneDrive - Automanix\그림\Zwift
[16:17:00.187] [T1] tiles | recycle C:\Users\tsusa\OneDrive - Automanix\그림\바탕화면
[16:17:00.187] [T1] tiles | recycle C:\Users\tsusa\OneDrive - Automanix\그림\스캔
[16:17:00.187] [T1] tiles | recycle C:\Users\tsusa\OneDrive - Automanix\그림\스크린샷
[16:17:00.187] [T1] tiles | recycle C:\Users\tsusa\OneDrive - Automanix\그림\카메라 앨범
[16:17:00.187] [T1] tiles | recycle C:\Users\tsusa\OneDrive - Automanix\그림\220731 강화도.mp4_005246116.jpeg
[16:17:00.188] [T1] tiles | recycle C:\Users\tsusa\OneDrive - Automanix\그림\220731 강화도.mp4_005246116.jpg
[16:17:00.188] [T1] tiles | recycle C:\Users\tsusa\OneDrive - Automanix\그림\220731 강화도.mp4_005246116.png
[16:17:00.188] [T1] tiles | recycle C:\Users\tsusa\OneDrive - Automanix\그림\AMX.jpg
[16:17:00.188] [T1] tiles | recycle C:\Users\tsusa\OneDrive - Automanix\그림\ARS-로고디자인_원본파일.png
[16:17:00.188] [T1] tiles | recycle C:\Users\tsusa\OneDrive - Automanix\그림\DALL·E 2024-07-22 16.05.33 - Simplified version of a logo for 'Automotive Research Solution' with the main elements being 'ARS' in a bold font and a sleek, modern car silhouette. .webp
[16:17:00.188] [T1] tiles | recycle C:\Users\tsusa\OneDrive - Automanix\그림\KakaoTalk_20200117_092011491.png
[16:17:00.188] [T1] tiles | recycle C:\Users\tsusa\OneDrive - Automanix\그림\KakaoTalk_20240703_110337676.jpg
[16:17:00.188] [T1] tiles | recycle C:\Users\tsusa\OneDrive - Automanix\그림\pexels-pixabay-37347.jpg
[16:17:00.188] [T1] tiles | recycle C:\Users\tsusa\OneDrive - Automanix\그림\pexels-polina-zimmerman-3778619.jpg
[16:17:00.188] [T1] tiles | recycle C:\Users\tsusa\OneDrive - Automanix\그림\PXL_20220709_232639106_2.jpg
[16:17:00.188] [T1] tiles | recycle C:\Users\tsusa\OneDrive - Automanix\그림\PXL_20220714_125035942_2.jpg
[16:17:00.188] [T1] tiles | recycle C:\Users\tsusa\OneDrive - Automanix\그림\PXL_20220714_125148380_2.jpg
[16:17:00.188] [T1] tiles | recycle C:\Users\tsusa\OneDrive - Automanix\그림\PXL_20220719_121308973_2.jpg
[16:17:00.188] [T1] tiles | recycle C:\Users\tsusa\OneDrive - Automanix\그림\PXL_20220726_125747369_2.jpg
[16:17:00.188] [T1] tiles | recycle C:\Users\tsusa\OneDrive - Automanix\그림\PXL_20220804_125449327_2.jpg
[16:17:00.189] [T1] tiles | recycle C:\Users\tsusa\OneDrive - Automanix\그림\PXL_20220812_121956977_2.jpg
[16:17:00.189] [T1] tiles | recycle C:\Users\tsusa\OneDrive - Automanix\그림\PXL_20220813_214558393_2.jpg
[16:17:00.189] [T1] tiles | recycle C:\Users\tsusa\OneDrive - Automanix\그림\PXL_20220817_112931072_2.jpg
[16:17:00.189] [T1] tiles | recycle C:\Users\tsusa\OneDrive - Automanix\그림\PXL_20220824_112948946_2.jpg
[16:17:00.189] [T1] tiles | recycle C:\Users\tsusa\OneDrive - Automanix\그림\PXL_20220827_001839431_2.jpg
[16:17:00.189] [T1] tiles | recycle C:\Users\tsusa\OneDrive - Automanix\그림\PXL_20220827_230734531_2.jpg
[16:17:00.189] [T1] tiles | recycle C:\Users\tsusa\OneDrive - Automanix\그림\PXL_20220831_130316984_2.jpg
[16:17:00.189] [T1] tiles | recycle C:\Users\tsusa\OneDrive - Automanix\그림\PXL_20220902_215631957_3.jpg
[16:17:00.189] [T1] tiles | recycle C:\Users\tsusa\OneDrive - Automanix\그림\PXL_20220903_010322367_2.jpg
[16:17:00.189] [T1] tiles | recycle C:\Users\tsusa\OneDrive - Automanix\그림\PXL_20220920_125143842.MOTION-02.ORIGINAL_2.jpg
[16:17:00.189] [T1] tiles | recycle C:\Users\tsusa\OneDrive - Automanix\그림\PXL_20221101_105955590_2.jpg
[16:17:00.189] [T1] tiles | recycle C:\Users\tsusa\OneDrive - Automanix\그림\PXL_20230212_024010110.jpg
[16:17:00.189] [T1] tiles | recycle C:\Users\tsusa\OneDrive - Automanix\그림\PXL_20230212_025601437_2.jpg
[16:17:00.189] [T1] tiles | recycle C:\Users\tsusa\OneDrive - Automanix\그림\PXL_20230422_230822530~2.jpg
[16:17:00.190] [T1] tiles | recycle C:\Users\tsusa\OneDrive - Automanix\그림\아우디 현가장치 관련 리콜.png
[16:17:00.190] [T1] tiles | recycle C:\Users\tsusa\OneDrive - Automanix\그림\오토매닉스 대표이미지.png
[16:17:00.190] [T1] tiles | recycle C:\Users\tsusa\OneDrive - Automanix\그림\오토매닉스 로고.png
[16:17:00.190] [T1] tiles | recycle C:\Users\tsusa\OneDrive - Automanix\그림\오토매닉스 로고이미지.png
[16:17:00.190] [T1] tiles | recycle C:\Users\tsusa\OneDrive - Automanix\그림\오토매닉스_약도.png
[16:17:00.190] [T1] tiles | recycle C:\Users\tsusa\OneDrive - Automanix\그림\오토매닉스_인감_배경제거.png
[16:17:00.190] [T1] tiles | recycle C:\Users\tsusa\OneDrive - Automanix\그림\코인챗 로고 long 188_79.png
[16:17:00.190] [T1] tiles | recycle C:\Users\tsusa\OneDrive - Automanix\그림\코인챗 로고 square 148_148.png
[16:17:00.190] [T1] tiles | recycle C:\Users\tsusa\OneDrive - Automanix\그림\코인챗_211012_아이폰XS_2대_중고구매.png
[16:17:00.190] [T1] tiles | recycle C:\Users\tsusa\OneDrive - Automanix\그림\코인챗_사무실.jpg
[16:17:00.190] [T1] tiles | recycle C:\Users\tsusa\OneDrive - Automanix\그림\코인챗_회의실.jpg
[16:17:00.190] [T1] tiles | recycle C:\Users\tsusa\OneDrive - Automanix\그림\포가차.jpg
[16:17:00.190] [T1] tiles | recycle C:\Users\tsusa\OneDrive - Automanix\그림\화면 캡처 2020-11-26 162745.png
[16:17:00.190] [T1] tiles | recycle C:\Users\tsusa\OneDrive - Automanix\그림\화면 캡처 2022-06-21 003453.png
[16:17:00.190] [T1] tiles | recycle C:\Users\tsusa\OneDrive - Automanix\그림\화면 캡처 2022-08-01 115837.jpg
[16:17:00.190] [T1] tiles | recycle C:\Users\tsusa\OneDrive - Automanix\그림\화면 캡처 2022-08-01 115837.png
[16:17:00.190] [T1] tiles | recycle C:\Users\tsusa\OneDrive - Automanix\그림\화면 캡처 2022-08-07 171622.png
[16:17:00.190] [T1] tiles | recycle C:\Users\tsusa\OneDrive - Automanix\그림\화면 캡처 2022-09-29 233922.png
[16:17:00.190] [T1] tiles | recycle C:\Users\tsusa\OneDrive - Automanix\그림\화면 캡처 2022-10-18 181358.png
[16:17:00.190] [T1] tiles | recycle C:\Users\tsusa\OneDrive - Automanix\그림\화면 캡처 2022-10-21 005745.png
[16:17:00.193] [T1] nav | scan done C:\Users\tsusa\OneDrive - Automanix\Zwift count=2
[16:17:00.193] [T1] nav | RefreshView C:\Users\tsusa\OneDrive - Automanix\Zwift count=2
[16:17:00.194] [T1] tiles | ShowEntries C:\Users\tsusa\OneDrive - Automanix\Zwift count=2
[16:17:00.195] [T1] tiles | phase0 C:\Users\tsusa\OneDrive - Automanix\Zwift\.sentry
[16:17:00.197] [T1] tiles | phase0 C:\Users\tsusa\OneDrive - Automanix\Zwift\Logs
[16:17:00.199] [T1] list | phase0 C:\Users\tsusa\OneDrive - Automanix\Zwift\.sentry
[16:17:00.202] [T1] list | phase0 C:\Users\tsusa\OneDrive - Automanix\Zwift\Logs
[16:17:08.073] [T5] exc | OperationCanceledException: The operation was canceled. @ at System.Threading.CancellationToken.ThrowOperationCanceledException()
[16:17:08.074] [T5] exc | OperationCanceledException: The operation was canceled. @ at System.Threading.SemaphoreSlim.Wait(Int32 millisecondsTimeout, CancellationToken cancellationToken)
[16:18:05.240] [T1] trace | KOTU v0.347.0 · 2026-09-06 16:18:05 · pid 6196
[16:18:05.426] [T1] shell | ShowModule hardware path=(none)
[16:18:07.454] [T4] exc | ManagementException: 잘못된 클래스입니다.  @ at System.Management.ManagementException.ThrowWithExtendedInfo(ManagementStatus errorCode)
[16:18:07.518] [T4] exc | DllNotFoundException: Unable to load DLL 'atiadlxx.dll' or one of its dependencies: 지정된 모듈을 찾을 수 없습니다. (0x8007007E) @ at LibreHardwareMonitor.Interop.AtiAdlxx.ADL2_Main_Control_Create(ADL_Main_Memory_AllocDelegate callback, Int32 connectedAdapters, IntPtr& context)
[16:18:33.724] [T1] shell | ShowModule allreadable path=(none)
[16:18:33.737] [T1] smtc | Attach (none)
[16:18:33.748] [T1] nav | NavigateToAsync C:\Users\tsusa\OneDrive - Automanix\Zwift exts=48
[16:18:33.753] [T1] tiles | ShowLoading C:\Users\tsusa\OneDrive - Automanix\Zwift
[16:18:33.759] [T1] nav | scan done C:\Users\tsusa\OneDrive - Automanix\Zwift count=2
[16:18:33.760] [T1] nav | RefreshView C:\Users\tsusa\OneDrive - Automanix\Zwift count=2
[16:18:33.763] [T1] tiles | ShowEntries C:\Users\tsusa\OneDrive - Automanix\Zwift count=2
[16:18:33.778] [T1] tiles | phase0 C:\Users\tsusa\OneDrive - Automanix\Zwift\.sentry
[16:18:33.791] [T1] list | phase0 C:\Users\tsusa\OneDrive - Automanix\Zwift\.sentry
[16:18:33.800] [T1] tiles | phase0 C:\Users\tsusa\OneDrive - Automanix\Zwift\Logs
[16:18:33.803] [T1] list | phase0 C:\Users\tsusa\OneDrive - Automanix\Zwift\Logs
[16:18:33.868] [T11] exc | OperationCanceledException: The operation was canceled. @ at System.Threading.CancellationToken.ThrowOperationCanceledException()
[16:18:33.869] [T11] exc | OperationCanceledException: The operation was canceled. @ at System.Threading.SemaphoreSlim.Wait(Int32 millisecondsTimeout, CancellationToken cancellationToken)
[16:18:39.057] [T1] nav | NavigateToAsync C:\Users\tsusa\OneDrive - Automanix exts=48
[16:18:39.057] [T1] list | recycle C:\Users\tsusa\OneDrive - Automanix\Zwift\.sentry
[16:18:39.058] [T1] list | ForceFinish(recycle)
[16:18:39.058] [T1] list | recycle C:\Users\tsusa\OneDrive - Automanix\Zwift\Logs
[16:18:39.058] [T1] list | ForceFinish(recycle)
[16:18:39.058] [T1] tiles | ShowLoading C:\Users\tsusa\OneDrive - Automanix
[16:18:39.058] [T1] tiles | recycle C:\Users\tsusa\OneDrive - Automanix\Zwift\.sentry
[16:18:39.059] [T1] tiles | recycle C:\Users\tsusa\OneDrive - Automanix\Zwift\Logs
[16:18:39.061] [T1] nav | scan done C:\Users\tsusa\OneDrive - Automanix count=25
[16:18:39.061] [T1] nav | RefreshView C:\Users\tsusa\OneDrive - Automanix count=25
[16:18:39.062] [T1] tiles | ShowEntries C:\Users\tsusa\OneDrive - Automanix count=25
[16:18:39.063] [T1] tiles | phase0 C:\Users\tsusa\OneDrive - Automanix\241127 sandisk 128 백업
[16:18:39.065] [T1] tiles | phase0 C:\Users\tsusa\OneDrive - Automanix\Fw_ Requested AMX Decks
[16:18:39.066] [T1] tiles | phase0 C:\Users\tsusa\OneDrive - Automanix\Microsoft Copilot 채팅 파일
[16:18:39.067] [T1] tiles | phase0 C:\Users\tsusa\OneDrive - Automanix\Microsoft Teams 채팅 파일
[16:18:39.068] [T1] tiles | phase0 C:\Users\tsusa\OneDrive - Automanix\Zwift
[16:18:39.069] [T1] tiles | phase0 C:\Users\tsusa\OneDrive - Automanix\그림
[16:18:39.070] [T1] tiles | phase0 C:\Users\tsusa\OneDrive - Automanix\기록
[16:18:39.070] [T1] tiles | phase0 C:\Users\tsusa\OneDrive - Automanix\모임
[16:18:39.071] [T1] tiles | phase0 C:\Users\tsusa\OneDrive - Automanix\문서
[16:18:39.072] [T1] tiles | phase0 C:\Users\tsusa\OneDrive - Automanix\바탕 화면
[16:18:39.074] [T1] tiles | phase0 C:\Users\tsusa\OneDrive - Automanix\스캔
[16:18:39.075] [T1] tiles | phase0 C:\Users\tsusa\OneDrive - Automanix\앱
[16:18:39.076] [T1] tiles | phase0 C:\Users\tsusa\OneDrive - Automanix\영상편집
[16:18:39.076] [T1] tiles | phase0 C:\Users\tsusa\OneDrive - Automanix\전자 필기장
[16:18:39.077] [T1] tiles | phase0 C:\Users\tsusa\OneDrive - Automanix\첨부 파일
[16:18:39.078] [T1] tiles | phase0 C:\Users\tsusa\OneDrive - Automanix\파이썬 앱
[16:18:39.079] [T1] tiles | phase0 C:\Users\tsusa\OneDrive - Automanix\bitstampUSD_1-min_data_2012-01-01_to_2020-04-22.csv.zip
[16:18:39.081] [T1] tiles | phase0 C:\Users\tsusa\OneDrive - Automanix\coinbaseUSD_1-min_data_2014-12-01_to_2019-01-09.csv.zip
[16:18:39.082] [T1] tiles | phase0 C:\Users\tsusa\OneDrive - Automanix\Fw_ Requested AMX Decks.zip
[16:18:39.083] [T1] tiles | phase0 C:\Users\tsusa\OneDrive - Automanix\vlcsnap-2026-01-18-12h58m03s381.png
[16:18:39.087] [T1] list | phase0 C:\Users\tsusa\OneDrive - Automanix\241127 sandisk 128 백업
[16:18:39.090] [T1] list | phase0 C:\Users\tsusa\OneDrive - Automanix\Fw_ Requested AMX Decks
[16:18:39.092] [T1] list | phase0 C:\Users\tsusa\OneDrive - Automanix\Microsoft Copilot 채팅 파일
[16:18:39.103] [T1] list | phase0 C:\Users\tsusa\OneDrive - Automanix\Microsoft Teams 채팅 파일
[16:18:39.106] [T1] list | phase0 C:\Users\tsusa\OneDrive - Automanix\Zwift
[16:18:39.108] [T1] list | phase0 C:\Users\tsusa\OneDrive - Automanix\그림
[16:18:39.111] [T1] list | phase0 C:\Users\tsusa\OneDrive - Automanix\기록
[16:18:39.113] [T1] list | phase0 C:\Users\tsusa\OneDrive - Automanix\모임
[16:18:39.115] [T1] list | phase0 C:\Users\tsusa\OneDrive - Automanix\문서
[16:18:39.117] [T1] list | phase0 C:\Users\tsusa\OneDrive - Automanix\바탕 화면
[16:18:39.119] [T1] list | phase0 C:\Users\tsusa\OneDrive - Automanix\스캔
[16:18:39.122] [T1] list | phase0 C:\Users\tsusa\OneDrive - Automanix\앱
[16:18:39.124] [T1] list | phase0 C:\Users\tsusa\OneDrive - Automanix\영상편집
[16:18:39.126] [T1] list | phase0 C:\Users\tsusa\OneDrive - Automanix\전자 필기장
[16:18:39.128] [T1] list | phase0 C:\Users\tsusa\OneDrive - Automanix\첨부 파일
[16:18:39.131] [T1] list | phase0 C:\Users\tsusa\OneDrive - Automanix\파이썬 앱
[16:18:39.133] [T1] list | phase0 C:\Users\tsusa\OneDrive - Automanix\bitstampUSD_1-min_data_2012-01-01_to_2020-04-22.csv.zip
[16:18:39.135] [T1] list | phase0 C:\Users\tsusa\OneDrive - Automanix\coinbaseUSD_1-min_data_2014-12-01_to_2019-01-09.csv.zip
[16:18:39.137] [T1] list | phase0 C:\Users\tsusa\OneDrive - Automanix\Fw_ Requested AMX Decks.zip
[16:18:39.140] [T1] list | phase0 C:\Users\tsusa\OneDrive - Automanix\vlcsnap-2026-01-18-12h58m03s381.png
[16:18:39.141] [T1] detail | fetch Image C:\Users\tsusa\OneDrive - Automanix\vlcsnap-2026-01-18-12h58m03s381.png
[16:18:39.145] [T1] list | phase0 C:\Users\tsusa\OneDrive - Automanix\vlcsnap-2026-01-18-12h58m03s381.zip
[16:18:39.145] [T1] detail | fetch Zip C:\Users\tsusa\OneDrive - Automanix\vlcsnap-2026-01-18-12h58m03s381.zip
[16:18:39.147] [T1] list | phase0 C:\Users\tsusa\OneDrive - Automanix\vlcsnap-2026-01-19-02h04m39s483.png
[16:18:39.147] [T1] detail | fetch Image C:\Users\tsusa\OneDrive - Automanix\vlcsnap-2026-01-19-02h04m39s483.png
[16:18:39.149] [T1] list | phase0 C:\Users\tsusa\OneDrive - Automanix\vlcsnap-2026-01-27-01h49m01s690.png
[16:18:39.149] [T1] detail | fetch Image C:\Users\tsusa\OneDrive - Automanix\vlcsnap-2026-01-27-01h49m01s690.png
[16:18:39.152] [T1] list | phase0 C:\Users\tsusa\OneDrive - Automanix\민초로부터 온 퇴장 통보.png
[16:18:39.152] [T1] detail | fetch Image C:\Users\tsusa\OneDrive - Automanix\민초로부터 온 퇴장 통보.png
[16:18:39.155] [T1] list | phase0 C:\Users\tsusa\OneDrive - Automanix\태원물산_남윤현_미팅_정보요약.pdf
[16:18:39.196] [T1] detail | done C:\Users\tsusa\OneDrive - Automanix\vlcsnap-2026-01-18-12h58m03s381.zip
[16:18:39.206] [T1] tiles | fill shell C:\Users\tsusa\OneDrive - Automanix\bitstampUSD_1-min_data_2012-01-01_to_2020-04-22.csv.zip
[16:18:39.212] [T1] tiles | fill shell C:\Users\tsusa\OneDrive - Automanix\coinbaseUSD_1-min_data_2014-12-01_to_2019-01-09.csv.zip
[16:18:39.212] [T1] tiles | fill shell C:\Users\tsusa\OneDrive - Automanix\Fw_ Requested AMX Decks.zip
[16:18:39.213] [T1] tiles | fill shell C:\Users\tsusa\OneDrive - Automanix\vlcsnap-2026-01-18-12h58m03s381.png
[16:18:39.268] [T1] tiles | phase0 C:\Users\tsusa\OneDrive - Automanix\vlcsnap-2026-01-18-12h58m03s381.zip
[16:18:39.269] [T1] tiles | phase0 C:\Users\tsusa\OneDrive - Automanix\vlcsnap-2026-01-19-02h04m39s483.png
[16:18:39.271] [T1] tiles | phase0 C:\Users\tsusa\OneDrive - Automanix\vlcsnap-2026-01-27-01h49m01s690.png
[16:18:39.273] [T1] tiles | phase0 C:\Users\tsusa\OneDrive - Automanix\민초로부터 온 퇴장 통보.png
[16:18:39.281] [T1] tiles | fill shell C:\Users\tsusa\OneDrive - Automanix\vlcsnap-2026-01-18-12h58m03s381.zip
[16:18:39.281] [T1] tiles | fill shell C:\Users\tsusa\OneDrive - Automanix\vlcsnap-2026-01-19-02h04m39s483.png
[16:18:39.282] [T1] tiles | fill shell C:\Users\tsusa\OneDrive - Automanix\vlcsnap-2026-01-27-01h49m01s690.png
[16:18:39.282] [T1] tiles | fill shell C:\Users\tsusa\OneDrive - Automanix\민초로부터 온 퇴장 통보.png
[16:18:39.299] [T1] detail | done C:\Users\tsusa\OneDrive - Automanix\vlcsnap-2026-01-18-12h58m03s381.png
[16:18:39.299] [T1] detail | done C:\Users\tsusa\OneDrive - Automanix\vlcsnap-2026-01-19-02h04m39s483.png
[16:18:39.317] [T1] detail | done C:\Users\tsusa\OneDrive - Automanix\민초로부터 온 퇴장 통보.png
[16:18:39.317] [T1] detail | done C:\Users\tsusa\OneDrive - Automanix\vlcsnap-2026-01-27-01h49m01s690.png
[16:18:39.365] [T7] exc | COMException:  @ at System.Runtime.ExceptionServices.ExceptionDispatchInfo.Throw()
[16:18:39.365] [T30] exc | COMException:  @ at System.Runtime.ExceptionServices.ExceptionDispatchInfo.Throw()
[16:18:39.367] [T1] exc | COMException:  @ at KOTU.App.Controls.ThumbnailExplorer.FetchTilePreview(String path, Boolean cachedOnly, Boolean wantAudioInfo)
[16:18:39.367] [T1] tiles | shell failed C:\Users\tsusa\OneDrive - Automanix\coinbaseUSD_1-min_data_2014-12-01_to_2019-01-09.csv.zip COMException: 
[16:18:39.369] [T1] exc | COMException:  @ at KOTU.App.Controls.ThumbnailExplorer.FetchTilePreview(String path, Boolean cachedOnly, Boolean wantAudioInfo)
[16:18:39.369] [T1] tiles | shell failed C:\Users\tsusa\OneDrive - Automanix\bitstampUSD_1-min_data_2012-01-01_to_2020-04-22.csv.zip COMException: 
[16:18:39.395] [T1] tiles | phase0 C:\Users\tsusa\OneDrive - Automanix\태원물산_남윤현_미팅_정보요약.pdf
[16:18:39.409] [T1] tiles | fill shell C:\Users\tsusa\OneDrive - Automanix\태원물산_남윤현_미팅_정보요약.pdf
[16:18:39.443] [T1] tiles | shell done C:\Users\tsusa\OneDrive - Automanix\vlcsnap-2026-01-18-12h58m03s381.png
[16:18:39.456] [T1] tiles | shell done C:\Users\tsusa\OneDrive - Automanix\vlcsnap-2026-01-19-02h04m39s483.png
[16:18:39.463] [T1] tiles | shell done C:\Users\tsusa\OneDrive - Automanix\vlcsnap-2026-01-27-01h49m01s690.png
[16:18:39.466] [T1] tiles | shell done C:\Users\tsusa\OneDrive - Automanix\민초로부터 온 퇴장 통보.png
[16:18:39.477] [T1] tiles | shell done C:\Users\tsusa\OneDrive - Automanix\태원물산_남윤현_미팅_정보요약.pdf
[16:18:59.991] [T1] nav | NavigateToAsync C:\Users\tsusa\OneDrive - Automanix exts=48
[16:18:59.993] [T1] nav | scan done C:\Users\tsusa\OneDrive - Automanix count=21
[16:18:59.993] [T1] nav | RefreshView C:\Users\tsusa\OneDrive - Automanix count=21
[16:18:59.993] [T1] list | recycle C:\Users\tsusa\OneDrive - Automanix\241127 sandisk 128 백업
[16:18:59.993] [T1] list | ForceFinish(recycle)
[16:18:59.993] [T1] list | recycle C:\Users\tsusa\OneDrive - Automanix\Fw_ Requested AMX Decks
[16:18:59.993] [T1] list | ForceFinish(recycle)
[16:18:59.993] [T1] list | recycle C:\Users\tsusa\OneDrive - Automanix\Microsoft Copilot 채팅 파일
[16:18:59.993] [T1] list | ForceFinish(recycle)
[16:18:59.993] [T1] list | recycle C:\Users\tsusa\OneDrive - Automanix\Microsoft Teams 채팅 파일
[16:18:59.993] [T1] list | ForceFinish(recycle)
[16:18:59.993] [T1] list | recycle C:\Users\tsusa\OneDrive - Automanix\Zwift
[16:18:59.993] [T1] list | ForceFinish(recycle)
[16:18:59.993] [T1] list | recycle C:\Users\tsusa\OneDrive - Automanix\그림
[16:18:59.993] [T1] list | ForceFinish(recycle)
[16:18:59.993] [T1] list | recycle C:\Users\tsusa\OneDrive - Automanix\기록
[16:18:59.993] [T1] list | ForceFinish(recycle)
[16:18:59.993] [T1] list | recycle C:\Users\tsusa\OneDrive - Automanix\모임
[16:18:59.993] [T1] list | ForceFinish(recycle)
[16:18:59.993] [T1] list | recycle C:\Users\tsusa\OneDrive - Automanix\문서
[16:18:59.993] [T1] list | ForceFinish(recycle)
[16:18:59.993] [T1] list | recycle C:\Users\tsusa\OneDrive - Automanix\바탕 화면
[16:18:59.993] [T1] list | ForceFinish(recycle)
[16:18:59.993] [T1] list | recycle C:\Users\tsusa\OneDrive - Automanix\스캔
[16:18:59.993] [T1] list | ForceFinish(recycle)
[16:18:59.993] [T1] list | recycle C:\Users\tsusa\OneDrive - Automanix\앱
[16:18:59.993] [T1] list | ForceFinish(recycle)
[16:18:59.993] [T1] list | recycle C:\Users\tsusa\OneDrive - Automanix\영상편집
[16:18:59.993] [T1] list | ForceFinish(recycle)
[16:18:59.993] [T1] list | recycle C:\Users\tsusa\OneDrive - Automanix\전자 필기장
[16:18:59.994] [T1] list | ForceFinish(recycle)
[16:18:59.994] [T1] list | recycle C:\Users\tsusa\OneDrive - Automanix\첨부 파일
[16:18:59.994] [T1] list | ForceFinish(recycle)
[16:18:59.994] [T1] list | recycle C:\Users\tsusa\OneDrive - Automanix\파이썬 앱
[16:18:59.994] [T1] list | ForceFinish(recycle)
[16:18:59.994] [T1] list | recycle C:\Users\tsusa\OneDrive - Automanix\bitstampUSD_1-min_data_2012-01-01_to_2020-04-22.csv.zip
[16:18:59.994] [T1] list | ForceFinish(recycle)
[16:18:59.994] [T1] list | recycle C:\Users\tsusa\OneDrive - Automanix\coinbaseUSD_1-min_data_2014-12-01_to_2019-01-09.csv.zip
[16:18:59.994] [T1] list | ForceFinish(recycle)
[16:18:59.994] [T1] list | recycle C:\Users\tsusa\OneDrive - Automanix\Fw_ Requested AMX Decks.zip
[16:18:59.994] [T1] list | ForceFinish(recycle)
[16:18:59.994] [T1] list | recycle C:\Users\tsusa\OneDrive - Automanix\vlcsnap-2026-01-18-12h58m03s381.png
[16:18:59.994] [T1] list | ForceFinish(recycle)
[16:18:59.994] [T1] list | recycle C:\Users\tsusa\OneDrive - Automanix\vlcsnap-2026-01-18-12h58m03s381.zip
[16:18:59.994] [T1] list | ForceFinish(recycle)
[16:18:59.994] [T1] list | recycle C:\Users\tsusa\OneDrive - Automanix\vlcsnap-2026-01-19-02h04m39s483.png
[16:18:59.994] [T1] list | ForceFinish(recycle)
[16:18:59.994] [T1] list | recycle C:\Users\tsusa\OneDrive - Automanix\vlcsnap-2026-01-27-01h49m01s690.png
[16:18:59.994] [T1] list | ForceFinish(recycle)
[16:18:59.994] [T1] list | recycle C:\Users\tsusa\OneDrive - Automanix\민초로부터 온 퇴장 통보.png
[16:18:59.994] [T1] list | ForceFinish(recycle)
[16:18:59.994] [T1] list | recycle C:\Users\tsusa\OneDrive - Automanix\태원물산_남윤현_미팅_정보요약.pdf
[16:18:59.994] [T1] list | ForceFinish(recycle)
[16:18:59.994] [T1] tiles | ShowEntries C:\Users\tsusa\OneDrive - Automanix count=21
[16:18:59.994] [T1] tiles | recycle C:\Users\tsusa\OneDrive - Automanix\241127 sandisk 128 백업
[16:18:59.994] [T1] tiles | recycle C:\Users\tsusa\OneDrive - Automanix\Fw_ Requested AMX Decks
[16:18:59.994] [T1] tiles | recycle C:\Users\tsusa\OneDrive - Automanix\Microsoft Copilot 채팅 파일
[16:18:59.995] [T1] tiles | recycle C:\Users\tsusa\OneDrive - Automanix\Microsoft Teams 채팅 파일
[16:18:59.995] [T1] tiles | recycle C:\Users\tsusa\OneDrive - Automanix\Zwift
[16:18:59.995] [T1] tiles | recycle C:\Users\tsusa\OneDrive - Automanix\그림
[16:18:59.995] [T1] tiles | recycle C:\Users\tsusa\OneDrive - Automanix\기록
[16:18:59.995] [T1] tiles | recycle C:\Users\tsusa\OneDrive - Automanix\모임
[16:18:59.995] [T1] tiles | recycle C:\Users\tsusa\OneDrive - Automanix\문서
[16:18:59.995] [T1] tiles | recycle C:\Users\tsusa\OneDrive - Automanix\바탕 화면
[16:18:59.995] [T1] tiles | recycle C:\Users\tsusa\OneDrive - Automanix\스캔
[16:18:59.995] [T1] tiles | recycle C:\Users\tsusa\OneDrive - Automanix\앱
[16:18:59.995] [T1] tiles | recycle C:\Users\tsusa\OneDrive - Automanix\영상편집
[16:18:59.995] [T1] tiles | recycle C:\Users\tsusa\OneDrive - Automanix\전자 필기장
[16:18:59.995] [T1] tiles | recycle C:\Users\tsusa\OneDrive - Automanix\첨부 파일
[16:18:59.995] [T1] tiles | recycle C:\Users\tsusa\OneDrive - Automanix\파이썬 앱
[16:18:59.995] [T1] tiles | recycle C:\Users\tsusa\OneDrive - Automanix\bitstampUSD_1-min_data_2012-01-01_to_2020-04-22.csv.zip
[16:18:59.995] [T1] tiles | recycle C:\Users\tsusa\OneDrive - Automanix\coinbaseUSD_1-min_data_2014-12-01_to_2019-01-09.csv.zip
[16:18:59.996] [T1] tiles | recycle C:\Users\tsusa\OneDrive - Automanix\Fw_ Requested AMX Decks.zip
[16:18:59.996] [T1] tiles | recycle C:\Users\tsusa\OneDrive - Automanix\vlcsnap-2026-01-18-12h58m03s381.png
[16:18:59.996] [T1] tiles | recycle C:\Users\tsusa\OneDrive - Automanix\vlcsnap-2026-01-18-12h58m03s381.zip
[16:18:59.996] [T1] tiles | recycle C:\Users\tsusa\OneDrive - Automanix\vlcsnap-2026-01-19-02h04m39s483.png
[16:18:59.996] [T1] tiles | recycle C:\Users\tsusa\OneDrive - Automanix\vlcsnap-2026-01-27-01h49m01s690.png
[16:18:59.996] [T1] tiles | recycle C:\Users\tsusa\OneDrive - Automanix\민초로부터 온 퇴장 통보.png
[16:18:59.996] [T1] tiles | recycle C:\Users\tsusa\OneDrive - Automanix\태원물산_남윤현_미팅_정보요약.pdf
[16:18:59.997] [T1] tiles | phase0 C:\Users\tsusa\OneDrive - Automanix\241127 sandisk 128 백업
[16:18:59.998] [T1] tiles | phase0 C:\Users\tsusa\OneDrive - Automanix\Fw_ Requested AMX Decks
[16:18:59.999] [T1] tiles | phase0 C:\Users\tsusa\OneDrive - Automanix\Microsoft Copilot 채팅 파일
[16:19:00.000] [T1] tiles | phase0 C:\Users\tsusa\OneDrive - Automanix\Microsoft Teams 채팅 파일
[16:19:00.001] [T1] tiles | phase0 C:\Users\tsusa\OneDrive - Automanix\Zwift
[16:19:00.002] [T1] tiles | phase0 C:\Users\tsusa\OneDrive - Automanix\그림
[16:19:00.003] [T1] tiles | phase0 C:\Users\tsusa\OneDrive - Automanix\기록
[16:19:00.004] [T1] tiles | phase0 C:\Users\tsusa\OneDrive - Automanix\모임
[16:19:00.005] [T1] tiles | phase0 C:\Users\tsusa\OneDrive - Automanix\문서
[16:19:00.006] [T1] tiles | phase0 C:\Users\tsusa\OneDrive - Automanix\바탕 화면
[16:19:00.007] [T1] tiles | phase0 C:\Users\tsusa\OneDrive - Automanix\스캔
[16:19:00.008] [T1] tiles | phase0 C:\Users\tsusa\OneDrive - Automanix\앱
[16:19:00.009] [T1] tiles | phase0 C:\Users\tsusa\OneDrive - Automanix\영상편집
[16:19:00.010] [T1] tiles | phase0 C:\Users\tsusa\OneDrive - Automanix\전자 필기장
[16:19:00.011] [T1] tiles | phase0 C:\Users\tsusa\OneDrive - Automanix\첨부 파일
[16:19:00.012] [T1] tiles | phase0 C:\Users\tsusa\OneDrive - Automanix\파이썬 앱
[16:19:00.013] [T1] tiles | phase0 C:\Users\tsusa\OneDrive - Automanix\bitstampUSD_1-min_data_2012-01-01_to_2020-04-22.csv.zip
[16:19:00.014] [T1] tiles | phase0 C:\Users\tsusa\OneDrive - Automanix\coinbaseUSD_1-min_data_2014-12-01_to_2019-01-09.csv.zip
[16:19:00.015] [T1] tiles | phase0 C:\Users\tsusa\OneDrive - Automanix\Fw_ Requested AMX Decks.zip
[16:19:00.017] [T1] tiles | phase0 C:\Users\tsusa\OneDrive - Automanix\vlcsnap-2026-01-18-12h58m03s381.zip
[16:19:00.019] [T1] list | phase0 C:\Users\tsusa\OneDrive - Automanix\241127 sandisk 128 백업
[16:19:00.022] [T1] list | phase0 C:\Users\tsusa\OneDrive - Automanix\Fw_ Requested AMX Decks
[16:19:00.024] [T1] list | phase0 C:\Users\tsusa\OneDrive - Automanix\Microsoft Copilot 채팅 파일
[16:19:00.027] [T1] list | phase0 C:\Users\tsusa\OneDrive - Automanix\Microsoft Teams 채팅 파일
[16:19:00.029] [T1] list | phase0 C:\Users\tsusa\OneDrive - Automanix\Zwift
[16:19:00.031] [T1] list | phase0 C:\Users\tsusa\OneDrive - Automanix\그림
[16:19:00.033] [T1] list | phase0 C:\Users\tsusa\OneDrive - Automanix\기록
[16:19:00.035] [T1] list | phase0 C:\Users\tsusa\OneDrive - Automanix\모임
[16:19:00.038] [T1] list | phase0 C:\Users\tsusa\OneDrive - Automanix\문서
[16:19:00.040] [T1] list | phase0 C:\Users\tsusa\OneDrive - Automanix\바탕 화면
[16:19:00.042] [T1] list | phase0 C:\Users\tsusa\OneDrive - Automanix\스캔
[16:19:00.045] [T1] list | phase0 C:\Users\tsusa\OneDrive - Automanix\앱
[16:19:00.047] [T1] list | phase0 C:\Users\tsusa\OneDrive - Automanix\영상편집
[16:19:00.049] [T1] list | phase0 C:\Users\tsusa\OneDrive - Automanix\전자 필기장
[16:19:00.051] [T1] list | phase0 C:\Users\tsusa\OneDrive - Automanix\첨부 파일
[16:19:00.054] [T1] list | phase0 C:\Users\tsusa\OneDrive - Automanix\파이썬 앱
[16:19:00.056] [T1] list | phase0 C:\Users\tsusa\OneDrive - Automanix\bitstampUSD_1-min_data_2012-01-01_to_2020-04-22.csv.zip
[16:19:00.058] [T1] list | phase0 C:\Users\tsusa\OneDrive - Automanix\coinbaseUSD_1-min_data_2014-12-01_to_2019-01-09.csv.zip
[16:19:00.060] [T1] list | phase0 C:\Users\tsusa\OneDrive - Automanix\Fw_ Requested AMX Decks.zip
[16:19:00.062] [T1] list | phase0 C:\Users\tsusa\OneDrive - Automanix\vlcsnap-2026-01-18-12h58m03s381.zip
[16:19:00.062] [T1] detail | fetch Zip C:\Users\tsusa\OneDrive - Automanix\vlcsnap-2026-01-18-12h58m03s381.zip
[16:19:00.064] [T1] list | phase0 C:\Users\tsusa\OneDrive - Automanix\태원물산_남윤현_미팅_정보요약.pdf
[16:19:00.099] [T1] tiles | fill shell C:\Users\tsusa\OneDrive - Automanix\bitstampUSD_1-min_data_2012-01-01_to_2020-04-22.csv.zip
[16:19:00.099] [T1] tiles | fill shell C:\Users\tsusa\OneDrive - Automanix\coinbaseUSD_1-min_data_2014-12-01_to_2019-01-09.csv.zip
[16:19:00.099] [T1] tiles | fill shell C:\Users\tsusa\OneDrive - Automanix\Fw_ Requested AMX Decks.zip
[16:19:00.100] [T1] tiles | fill shell C:\Users\tsusa\OneDrive - Automanix\vlcsnap-2026-01-18-12h58m03s381.zip
[16:19:00.128] [T1] tiles | phase0 C:\Users\tsusa\OneDrive - Automanix\태원물산_남윤현_미팅_정보요약.pdf
[16:19:00.139] [T1] tiles | fill shell C:\Users\tsusa\OneDrive - Automanix\태원물산_남윤현_미팅_정보요약.pdf
[16:19:00.192] [T1] tiles | shell done C:\Users\tsusa\OneDrive - Automanix\태원물산_남윤현_미팅_정보요약.pdf
[16:19:08.187] [T22] exc | OperationCanceledException: The operation was canceled. @ at System.Threading.CancellationToken.ThrowOperationCanceledException()
[16:19:08.187] [T22] exc | OperationCanceledException: The operation was canceled. @ at System.Threading.SemaphoreSlim.Wait(Int32 millisecondsTimeout, CancellationToken cancellationToken)
[16:19:14.818] [T1] shell | ShowModule allreadable path=(none)
[16:19:14.827] [T1] smtc | Attach (none)
[16:19:14.828] [T1] smtc | Detach
[16:19:14.828] [T1] nav | NavigateToAsync C:\Users\tsusa\OneDrive - Automanix exts=48
[16:19:14.829] [T1] nav | scan done C:\Users\tsusa\OneDrive - Automanix count=21
[16:19:14.829] [T1] nav | RefreshView C:\Users\tsusa\OneDrive - Automanix count=21
[16:19:14.829] [T1] list | recycle C:\Users\tsusa\OneDrive - Automanix\241127 sandisk 128 백업
[16:19:14.829] [T1] list | ForceFinish(recycle)
[16:19:14.830] [T1] list | recycle C:\Users\tsusa\OneDrive - Automanix\Fw_ Requested AMX Decks
[16:19:14.830] [T1] list | ForceFinish(recycle)
[16:19:14.830] [T1] list | recycle C:\Users\tsusa\OneDrive - Automanix\Microsoft Copilot 채팅 파일
[16:19:14.830] [T1] list | ForceFinish(recycle)
[16:19:14.830] [T1] list | recycle C:\Users\tsusa\OneDrive - Automanix\Microsoft Teams 채팅 파일
[16:19:14.830] [T1] list | ForceFinish(recycle)
[16:19:14.830] [T1] list | recycle C:\Users\tsusa\OneDrive - Automanix\Zwift
[16:19:14.830] [T1] list | ForceFinish(recycle)
[16:19:14.830] [T1] list | recycle C:\Users\tsusa\OneDrive - Automanix\그림
[16:19:14.830] [T1] list | ForceFinish(recycle)
[16:19:14.830] [T1] list | recycle C:\Users\tsusa\OneDrive - Automanix\기록
[16:19:14.830] [T1] list | ForceFinish(recycle)
[16:19:14.830] [T1] list | recycle C:\Users\tsusa\OneDrive - Automanix\모임
[16:19:14.830] [T1] list | ForceFinish(recycle)
[16:19:14.830] [T1] list | recycle C:\Users\tsusa\OneDrive - Automanix\문서
[16:19:14.830] [T1] list | ForceFinish(recycle)
[16:19:14.830] [T1] list | recycle C:\Users\tsusa\OneDrive - Automanix\바탕 화면
[16:19:14.830] [T1] list | ForceFinish(recycle)
[16:19:14.830] [T1] list | recycle C:\Users\tsusa\OneDrive - Automanix\스캔
[16:19:14.830] [T1] list | ForceFinish(recycle)
[16:19:14.830] [T1] list | recycle C:\Users\tsusa\OneDrive - Automanix\앱
[16:19:14.830] [T1] list | ForceFinish(recycle)
[16:19:14.830] [T1] list | recycle C:\Users\tsusa\OneDrive - Automanix\영상편집
[16:19:14.830] [T1] list | ForceFinish(recycle)
[16:19:14.830] [T1] list | recycle C:\Users\tsusa\OneDrive - Automanix\전자 필기장
[16:19:14.830] [T1] list | ForceFinish(recycle)
[16:19:14.830] [T1] list | recycle C:\Users\tsusa\OneDrive - Automanix\첨부 파일
[16:19:14.830] [T1] list | ForceFinish(recycle)
[16:19:14.830] [T1] list | recycle C:\Users\tsusa\OneDrive - Automanix\파이썬 앱
[16:19:14.830] [T1] list | ForceFinish(recycle)
[16:19:14.830] [T1] list | recycle C:\Users\tsusa\OneDrive - Automanix\bitstampUSD_1-min_data_2012-01-01_to_2020-04-22.csv.zip
[16:19:14.830] [T1] list | ForceFinish(recycle)
[16:19:14.830] [T1] list | recycle C:\Users\tsusa\OneDrive - Automanix\coinbaseUSD_1-min_data_2014-12-01_to_2019-01-09.csv.zip
[16:19:14.830] [T1] list | ForceFinish(recycle)
[16:19:14.830] [T1] list | recycle C:\Users\tsusa\OneDrive - Automanix\Fw_ Requested AMX Decks.zip
[16:19:14.830] [T1] list | ForceFinish(recycle)
[16:19:14.830] [T1] list | recycle C:\Users\tsusa\OneDrive - Automanix\vlcsnap-2026-01-18-12h58m03s381.zip
[16:19:14.830] [T1] list | ForceFinish(recycle)
[16:19:14.830] [T1] list | recycle C:\Users\tsusa\OneDrive - Automanix\태원물산_남윤현_미팅_정보요약.pdf
[16:19:14.830] [T1] list | ForceFinish(recycle)
[16:19:14.831] [T1] tiles | ShowEntries C:\Users\tsusa\OneDrive - Automanix count=21
[16:19:14.831] [T1] tiles | recycle C:\Users\tsusa\OneDrive - Automanix\241127 sandisk 128 백업
[16:19:14.831] [T1] tiles | recycle C:\Users\tsusa\OneDrive - Automanix\Fw_ Requested AMX Decks
[16:19:14.831] [T1] tiles | recycle C:\Users\tsusa\OneDrive - Automanix\Microsoft Copilot 채팅 파일
[16:19:14.831] [T1] tiles | recycle C:\Users\tsusa\OneDrive - Automanix\Microsoft Teams 채팅 파일
[16:19:14.831] [T1] tiles | recycle C:\Users\tsusa\OneDrive - Automanix\Zwift
[16:19:14.831] [T1] tiles | recycle C:\Users\tsusa\OneDrive - Automanix\그림
[16:19:14.831] [T1] tiles | recycle C:\Users\tsusa\OneDrive - Automanix\기록
[16:19:14.831] [T1] tiles | recycle C:\Users\tsusa\OneDrive - Automanix\모임
[16:19:14.831] [T1] tiles | recycle C:\Users\tsusa\OneDrive - Automanix\문서
[16:19:14.831] [T1] tiles | recycle C:\Users\tsusa\OneDrive - Automanix\바탕 화면
[16:19:14.831] [T1] tiles | recycle C:\Users\tsusa\OneDrive - Automanix\스캔
[16:19:14.832] [T1] tiles | recycle C:\Users\tsusa\OneDrive - Automanix\앱
[16:19:14.832] [T1] tiles | recycle C:\Users\tsusa\OneDrive - Automanix\영상편집
[16:19:14.832] [T1] tiles | recycle C:\Users\tsusa\OneDrive - Automanix\전자 필기장
[16:19:14.832] [T1] tiles | recycle C:\Users\tsusa\OneDrive - Automanix\첨부 파일
[16:19:14.832] [T1] tiles | recycle C:\Users\tsusa\OneDrive - Automanix\파이썬 앱
[16:19:14.832] [T1] tiles | recycle C:\Users\tsusa\OneDrive - Automanix\bitstampUSD_1-min_data_2012-01-01_to_2020-04-22.csv.zip
[16:19:14.832] [T1] tiles | recycle C:\Users\tsusa\OneDrive - Automanix\coinbaseUSD_1-min_data_2014-12-01_to_2019-01-09.csv.zip
[16:19:14.832] [T1] tiles | recycle C:\Users\tsusa\OneDrive - Automanix\Fw_ Requested AMX Decks.zip
[16:19:14.832] [T1] tiles | recycle C:\Users\tsusa\OneDrive - Automanix\vlcsnap-2026-01-18-12h58m03s381.zip
[16:19:14.832] [T1] tiles | recycle C:\Users\tsusa\OneDrive - Automanix\태원물산_남윤현_미팅_정보요약.pdf
[16:19:14.833] [T1] tiles | phase0 C:\Users\tsusa\OneDrive - Automanix\241127 sandisk 128 백업
[16:19:14.835] [T1] tiles | phase0 C:\Users\tsusa\OneDrive - Automanix\Fw_ Requested AMX Decks
[16:19:14.836] [T1] tiles | phase0 C:\Users\tsusa\OneDrive - Automanix\Microsoft Copilot 채팅 파일
[16:19:14.837] [T1] tiles | phase0 C:\Users\tsusa\OneDrive - Automanix\Microsoft Teams 채팅 파일
[16:19:14.837] [T1] tiles | phase0 C:\Users\tsusa\OneDrive - Automanix\Zwift
[16:19:14.838] [T1] tiles | phase0 C:\Users\tsusa\OneDrive - Automanix\그림
[16:19:14.853] [T1] tiles | phase0 C:\Users\tsusa\OneDrive - Automanix\기록
[16:19:14.854] [T1] tiles | phase0 C:\Users\tsusa\OneDrive - Automanix\모임
[16:19:14.855] [T1] tiles | phase0 C:\Users\tsusa\OneDrive - Automanix\문서
[16:19:14.856] [T1] tiles | phase0 C:\Users\tsusa\OneDrive - Automanix\바탕 화면
[16:19:14.857] [T1] tiles | phase0 C:\Users\tsusa\OneDrive - Automanix\스캔
[16:19:14.858] [T1] tiles | phase0 C:\Users\tsusa\OneDrive - Automanix\앱
[16:19:14.859] [T1] tiles | phase0 C:\Users\tsusa\OneDrive - Automanix\영상편집
[16:19:14.859] [T1] tiles | phase0 C:\Users\tsusa\OneDrive - Automanix\전자 필기장
[16:19:14.860] [T1] tiles | phase0 C:\Users\tsusa\OneDrive - Automanix\첨부 파일
[16:19:14.861] [T1] tiles | phase0 C:\Users\tsusa\OneDrive - Automanix\파이썬 앱
[16:19:14.862] [T1] tiles | phase0 C:\Users\tsusa\OneDrive - Automanix\bitstampUSD_1-min_data_2012-01-01_to_2020-04-22.csv.zip
[16:19:14.863] [T1] tiles | phase0 C:\Users\tsusa\OneDrive - Automanix\coinbaseUSD_1-min_data_2014-12-01_to_2019-01-09.csv.zip
[16:19:14.864] [T1] tiles | phase0 C:\Users\tsusa\OneDrive - Automanix\Fw_ Requested AMX Decks.zip
[16:19:14.865] [T1] tiles | phase0 C:\Users\tsusa\OneDrive - Automanix\vlcsnap-2026-01-18-12h58m03s381.zip
[16:19:14.867] [T1] list | phase0 C:\Users\tsusa\OneDrive - Automanix\241127 sandisk 128 백업
[16:19:14.869] [T1] list | phase0 C:\Users\tsusa\OneDrive - Automanix\Fw_ Requested AMX Decks
[16:19:14.871] [T1] list | phase0 C:\Users\tsusa\OneDrive - Automanix\Microsoft Copilot 채팅 파일
[16:19:14.873] [T1] list | phase0 C:\Users\tsusa\OneDrive - Automanix\Microsoft Teams 채팅 파일
[16:19:14.876] [T1] list | phase0 C:\Users\tsusa\OneDrive - Automanix\Zwift
[16:19:14.878] [T1] list | phase0 C:\Users\tsusa\OneDrive - Automanix\그림
[16:19:14.881] [T1] list | phase0 C:\Users\tsusa\OneDrive - Automanix\기록
[16:19:14.883] [T1] list | phase0 C:\Users\tsusa\OneDrive - Automanix\모임
[16:19:14.886] [T1] list | phase0 C:\Users\tsusa\OneDrive - Automanix\문서
[16:19:14.888] [T1] list | phase0 C:\Users\tsusa\OneDrive - Automanix\바탕 화면
[16:19:14.891] [T1] list | phase0 C:\Users\tsusa\OneDrive - Automanix\스캔
[16:19:14.893] [T1] list | phase0 C:\Users\tsusa\OneDrive - Automanix\앱
[16:19:14.896] [T1] list | phase0 C:\Users\tsusa\OneDrive - Automanix\영상편집
[16:19:14.898] [T1] list | phase0 C:\Users\tsusa\OneDrive - Automanix\전자 필기장
[16:19:14.900] [T1] list | phase0 C:\Users\tsusa\OneDrive - Automanix\첨부 파일
[16:19:14.903] [T1] list | phase0 C:\Users\tsusa\OneDrive - Automanix\파이썬 앱
[16:19:14.905] [T1] list | phase0 C:\Users\tsusa\OneDrive - Automanix\bitstampUSD_1-min_data_2012-01-01_to_2020-04-22.csv.zip
[16:19:14.908] [T1] list | phase0 C:\Users\tsusa\OneDrive - Automanix\coinbaseUSD_1-min_data_2014-12-01_to_2019-01-09.csv.zip
[16:19:14.910] [T1] list | phase0 C:\Users\tsusa\OneDrive - Automanix\Fw_ Requested AMX Decks.zip
[16:19:14.912] [T1] list | phase0 C:\Users\tsusa\OneDrive - Automanix\vlcsnap-2026-01-18-12h58m03s381.zip
[16:19:14.913] [T1] detail | fetch Zip C:\Users\tsusa\OneDrive - Automanix\vlcsnap-2026-01-18-12h58m03s381.zip
[16:19:14.915] [T1] list | phase0 C:\Users\tsusa\OneDrive - Automanix\태원물산_남윤현_미팅_정보요약.pdf
[16:19:14.969] [T23] exc | OperationCanceledException: The operation was canceled. @ at System.Threading.CancellationToken.ThrowOperationCanceledException()
[16:19:14.970] [T23] exc | OperationCanceledException: The operation was canceled. @ at System.Threading.SemaphoreSlim.Wait(Int32 millisecondsTimeout, CancellationToken cancellationToken)
[16:19:14.981] [T1] tiles | fill shell C:\Users\tsusa\OneDrive - Automanix\bitstampUSD_1-min_data_2012-01-01_to_2020-04-22.csv.zip
[16:19:14.981] [T1] tiles | fill shell C:\Users\tsusa\OneDrive - Automanix\coinbaseUSD_1-min_data_2014-12-01_to_2019-01-09.csv.zip
[16:19:14.981] [T1] tiles | fill shell C:\Users\tsusa\OneDrive - Automanix\Fw_ Requested AMX Decks.zip
[16:19:14.982] [T1] tiles | fill shell C:\Users\tsusa\OneDrive - Automanix\vlcsnap-2026-01-18-12h58m03s381.zip
[16:19:15.018] [T1] tiles | phase0 C:\Users\tsusa\OneDrive - Automanix\태원물산_남윤현_미팅_정보요약.pdf
[16:19:15.023] [T1] tiles | fill shell C:\Users\tsusa\OneDrive - Automanix\태원물산_남윤현_미팅_정보요약.pdf
[16:19:15.068] [T1] tiles | shell done C:\Users\tsusa\OneDrive - Automanix\태원물산_남윤현_미팅_정보요약.pdf
[16:19:17.391] [T1] nav | NavigateToAsync C:\Users\tsusa\OneDrive - Automanix\그림 exts=48
[16:19:17.392] [T1] list | recycle C:\Users\tsusa\OneDrive - Automanix\241127 sandisk 128 백업
[16:19:17.392] [T1] list | ForceFinish(recycle)
[16:19:17.392] [T1] list | recycle C:\Users\tsusa\OneDrive - Automanix\Fw_ Requested AMX Decks
[16:19:17.392] [T1] list | ForceFinish(recycle)
[16:19:17.392] [T1] list | recycle C:\Users\tsusa\OneDrive - Automanix\Microsoft Copilot 채팅 파일
[16:19:17.392] [T1] list | ForceFinish(recycle)
[16:19:17.392] [T1] list | recycle C:\Users\tsusa\OneDrive - Automanix\Microsoft Teams 채팅 파일
[16:19:17.392] [T1] list | ForceFinish(recycle)
[16:19:17.392] [T1] list | recycle C:\Users\tsusa\OneDrive - Automanix\Zwift
[16:19:17.392] [T1] list | ForceFinish(recycle)
[16:19:17.392] [T1] list | recycle C:\Users\tsusa\OneDrive - Automanix\그림
[16:19:17.392] [T1] list | ForceFinish(recycle)
[16:19:17.392] [T1] list | recycle C:\Users\tsusa\OneDrive - Automanix\기록
[16:19:17.392] [T1] list | ForceFinish(recycle)
[16:19:17.392] [T1] list | recycle C:\Users\tsusa\OneDrive - Automanix\모임
[16:19:17.392] [T1] list | ForceFinish(recycle)
[16:19:17.392] [T1] list | recycle C:\Users\tsusa\OneDrive - Automanix\문서
[16:19:17.392] [T1] list | ForceFinish(recycle)
[16:19:17.392] [T1] list | recycle C:\Users\tsusa\OneDrive - Automanix\바탕 화면
[16:19:17.392] [T1] list | ForceFinish(recycle)
[16:19:17.392] [T1] list | recycle C:\Users\tsusa\OneDrive - Automanix\스캔
[16:19:17.392] [T1] list | ForceFinish(recycle)
[16:19:17.392] [T1] list | recycle C:\Users\tsusa\OneDrive - Automanix\앱
[16:19:17.392] [T1] list | ForceFinish(recycle)
[16:19:17.392] [T1] list | recycle C:\Users\tsusa\OneDrive - Automanix\영상편집
[16:19:17.392] [T1] list | ForceFinish(recycle)
[16:19:17.392] [T1] list | recycle C:\Users\tsusa\OneDrive - Automanix\전자 필기장
[16:19:17.392] [T1] list | ForceFinish(recycle)
[16:19:17.392] [T1] list | recycle C:\Users\tsusa\OneDrive - Automanix\첨부 파일
[16:19:17.392] [T1] list | ForceFinish(recycle)
[16:19:17.392] [T1] list | recycle C:\Users\tsusa\OneDrive - Automanix\파이썬 앱
[16:19:17.392] [T1] list | ForceFinish(recycle)
[16:19:17.392] [T1] list | recycle C:\Users\tsusa\OneDrive - Automanix\bitstampUSD_1-min_data_2012-01-01_to_2020-04-22.csv.zip
[16:19:17.392] [T1] list | ForceFinish(recycle)
[16:19:17.392] [T1] list | recycle C:\Users\tsusa\OneDrive - Automanix\coinbaseUSD_1-min_data_2014-12-01_to_2019-01-09.csv.zip
[16:19:17.392] [T1] list | ForceFinish(recycle)
[16:19:17.392] [T1] list | recycle C:\Users\tsusa\OneDrive - Automanix\Fw_ Requested AMX Decks.zip
[16:19:17.392] [T1] list | ForceFinish(recycle)
[16:19:17.392] [T1] list | recycle C:\Users\tsusa\OneDrive - Automanix\vlcsnap-2026-01-18-12h58m03s381.zip
[16:19:17.392] [T1] list | ForceFinish(recycle)
[16:19:17.392] [T1] list | recycle C:\Users\tsusa\OneDrive - Automanix\태원물산_남윤현_미팅_정보요약.pdf
[16:19:17.392] [T1] list | ForceFinish(recycle)
[16:19:17.393] [T1] tiles | ShowLoading C:\Users\tsusa\OneDrive - Automanix\그림
[16:19:17.393] [T1] tiles | recycle C:\Users\tsusa\OneDrive - Automanix\241127 sandisk 128 백업
[16:19:17.393] [T1] tiles | recycle C:\Users\tsusa\OneDrive - Automanix\Fw_ Requested AMX Decks
[16:19:17.393] [T1] tiles | recycle C:\Users\tsusa\OneDrive - Automanix\Microsoft Copilot 채팅 파일
[16:19:17.393] [T1] tiles | recycle C:\Users\tsusa\OneDrive - Automanix\Microsoft Teams 채팅 파일
[16:19:17.393] [T1] tiles | recycle C:\Users\tsusa\OneDrive - Automanix\Zwift
[16:19:17.393] [T1] tiles | recycle C:\Users\tsusa\OneDrive - Automanix\그림
[16:19:17.393] [T1] tiles | recycle C:\Users\tsusa\OneDrive - Automanix\기록
[16:19:17.393] [T1] tiles | recycle C:\Users\tsusa\OneDrive - Automanix\모임
[16:19:17.393] [T1] tiles | recycle C:\Users\tsusa\OneDrive - Automanix\문서
[16:19:17.393] [T1] tiles | recycle C:\Users\tsusa\OneDrive - Automanix\바탕 화면
[16:19:17.393] [T1] tiles | recycle C:\Users\tsusa\OneDrive - Automanix\스캔
[16:19:17.393] [T1] tiles | recycle C:\Users\tsusa\OneDrive - Automanix\앱
[16:19:17.394] [T1] tiles | recycle C:\Users\tsusa\OneDrive - Automanix\영상편집
[16:19:17.394] [T1] tiles | recycle C:\Users\tsusa\OneDrive - Automanix\전자 필기장
[16:19:17.394] [T1] tiles | recycle C:\Users\tsusa\OneDrive - Automanix\첨부 파일
[16:19:17.394] [T1] tiles | recycle C:\Users\tsusa\OneDrive - Automanix\파이썬 앱
[16:19:17.394] [T1] tiles | recycle C:\Users\tsusa\OneDrive - Automanix\bitstampUSD_1-min_data_2012-01-01_to_2020-04-22.csv.zip
[16:19:17.394] [T1] tiles | recycle C:\Users\tsusa\OneDrive - Automanix\coinbaseUSD_1-min_data_2014-12-01_to_2019-01-09.csv.zip
[16:19:17.394] [T1] tiles | recycle C:\Users\tsusa\OneDrive - Automanix\Fw_ Requested AMX Decks.zip
[16:19:17.394] [T1] tiles | recycle C:\Users\tsusa\OneDrive - Automanix\vlcsnap-2026-01-18-12h58m03s381.zip
[16:19:17.394] [T1] tiles | recycle C:\Users\tsusa\OneDrive - Automanix\태원물산_남윤현_미팅_정보요약.pdf
[16:19:17.395] [T1] nav | scan done C:\Users\tsusa\OneDrive - Automanix\그림 count=64
[16:19:17.395] [T1] nav | RefreshView C:\Users\tsusa\OneDrive - Automanix\그림 count=64
[16:19:17.396] [T1] tiles | ShowEntries C:\Users\tsusa\OneDrive - Automanix\그림 count=64
[16:19:17.397] [T1] tiles | phase0 C:\Users\tsusa\OneDrive - Automanix\그림\240323 강가 별장
[16:19:17.398] [T1] tiles | phase0 C:\Users\tsusa\OneDrive - Automanix\그림\Feedback
[16:19:17.399] [T1] tiles | phase0 C:\Users\tsusa\OneDrive - Automanix\그림\Saved Pictures
[16:19:17.400] [T1] tiles | phase0 C:\Users\tsusa\OneDrive - Automanix\그림\Scan
[16:19:17.401] [T1] tiles | phase0 C:\Users\tsusa\OneDrive - Automanix\그림\Screenshots
[16:19:17.402] [T1] tiles | phase0 C:\Users\tsusa\OneDrive - Automanix\그림\Zwift
[16:19:17.403] [T1] tiles | phase0 C:\Users\tsusa\OneDrive - Automanix\그림\바탕화면
[16:19:17.404] [T1] tiles | phase0 C:\Users\tsusa\OneDrive - Automanix\그림\스캔
[16:19:17.405] [T1] tiles | phase0 C:\Users\tsusa\OneDrive - Automanix\그림\스크린샷
[16:19:17.406] [T1] tiles | phase0 C:\Users\tsusa\OneDrive - Automanix\그림\카메라 앨범
[16:19:17.407] [T1] tiles | phase0 C:\Users\tsusa\OneDrive - Automanix\그림\220731 강화도.mp4_005246116.jpeg
[16:19:17.408] [T1] tiles | phase0 C:\Users\tsusa\OneDrive - Automanix\그림\220731 강화도.mp4_005246116.jpg
[16:19:17.409] [T1] tiles | phase0 C:\Users\tsusa\OneDrive - Automanix\그림\220731 강화도.mp4_005246116.png
[16:19:17.410] [T1] tiles | phase0 C:\Users\tsusa\OneDrive - Automanix\그림\AMX.jpg
[16:19:17.410] [T1] tiles | phase0 C:\Users\tsusa\OneDrive - Automanix\그림\ARS-로고디자인_원본파일.png
[16:19:17.411] [T1] tiles | phase0 C:\Users\tsusa\OneDrive - Automanix\그림\DALL·E 2024-07-22 16.05.33 - Simplified version of a logo for 'Automotive Research Solution' with the main elements being 'ARS' in a bold font and a sleek, modern car silhouette. .webp
[16:19:17.412] [T1] tiles | phase0 C:\Users\tsusa\OneDrive - Automanix\그림\KakaoTalk_20200117_092011491.png
[16:19:17.413] [T1] tiles | phase0 C:\Users\tsusa\OneDrive - Automanix\그림\KakaoTalk_20240703_110337676.jpg
[16:19:17.414] [T1] tiles | phase0 C:\Users\tsusa\OneDrive - Automanix\그림\pexels-pixabay-37347.jpg
[16:19:17.415] [T1] tiles | phase0 C:\Users\tsusa\OneDrive - Automanix\그림\pexels-polina-zimmerman-3778619.jpg
[16:19:17.418] [T1] list | phase0 C:\Users\tsusa\OneDrive - Automanix\그림\240323 강가 별장
[16:19:17.420] [T1] list | phase0 C:\Users\tsusa\OneDrive - Automanix\그림\Feedback
[16:19:17.422] [T1] list | phase0 C:\Users\tsusa\OneDrive - Automanix\그림\Saved Pictures
[16:19:17.424] [T1] list | phase0 C:\Users\tsusa\OneDrive - Automanix\그림\Scan
[16:19:17.426] [T1] list | phase0 C:\Users\tsusa\OneDrive - Automanix\그림\Screenshots
[16:19:17.429] [T1] list | phase0 C:\Users\tsusa\OneDrive - Automanix\그림\Zwift
[16:19:17.431] [T1] list | phase0 C:\Users\tsusa\OneDrive - Automanix\그림\바탕화면
[16:19:17.433] [T1] list | phase0 C:\Users\tsusa\OneDrive - Automanix\그림\스캔
[16:19:17.435] [T1] list | phase0 C:\Users\tsusa\OneDrive - Automanix\그림\스크린샷
[16:19:17.437] [T1] list | phase0 C:\Users\tsusa\OneDrive - Automanix\그림\카메라 앨범
[16:19:17.439] [T1] list | phase0 C:\Users\tsusa\OneDrive - Automanix\그림\220731 강화도.mp4_005246116.jpeg
[16:19:17.442] [T1] list | phase0 C:\Users\tsusa\OneDrive - Automanix\그림\220731 강화도.mp4_005246116.jpg
[16:19:17.444] [T1] list | phase0 C:\Users\tsusa\OneDrive - Automanix\그림\220731 강화도.mp4_005246116.png
[16:19:17.446] [T1] list | phase0 C:\Users\tsusa\OneDrive - Automanix\그림\AMX.jpg
[16:19:17.448] [T1] list | phase0 C:\Users\tsusa\OneDrive - Automanix\그림\ARS-로고디자인_원본파일.png
[16:19:17.450] [T1] list | phase0 C:\Users\tsusa\OneDrive - Automanix\그림\DALL·E 2024-07-22 16.05.33 - Simplified version of a logo for 'Automotive Research Solution' with the main elements being 'ARS' in a bold font and a sleek, modern car silhouette. .webp
[16:19:17.453] [T1] list | phase0 C:\Users\tsusa\OneDrive - Automanix\그림\KakaoTalk_20200117_092011491.png
[16:19:17.455] [T1] list | phase0 C:\Users\tsusa\OneDrive - Automanix\그림\KakaoTalk_20240703_110337676.jpg
[16:19:17.457] [T1] list | phase0 C:\Users\tsusa\OneDrive - Automanix\그림\pexels-pixabay-37347.jpg
[16:19:17.459] [T1] list | phase0 C:\Users\tsusa\OneDrive - Automanix\그림\pexels-polina-zimmerman-3778619.jpg
[16:19:17.462] [T1] list | phase0 C:\Users\tsusa\OneDrive - Automanix\그림\PXL_20220709_232639106_2.jpg
[16:19:17.464] [T1] list | phase0 C:\Users\tsusa\OneDrive - Automanix\그림\PXL_20220714_125035942_2.jpg
[16:19:17.466] [T1] list | phase0 C:\Users\tsusa\OneDrive - Automanix\그림\PXL_20220714_125148380_2.jpg
[16:19:17.468] [T1] list | phase0 C:\Users\tsusa\OneDrive - Automanix\그림\PXL_20220719_121308973_2.jpg
[16:19:17.470] [T1] list | phase0 C:\Users\tsusa\OneDrive - Automanix\그림\PXL_20220726_125747369_2.jpg
[16:19:17.473] [T1] list | phase0 C:\Users\tsusa\OneDrive - Automanix\그림\PXL_20220804_125449327_2.jpg
[16:19:17.475] [T1] list | phase0 C:\Users\tsusa\OneDrive - Automanix\그림\PXL_20220812_121956977_2.jpg
[16:19:17.478] [T1] list | phase0 C:\Users\tsusa\OneDrive - Automanix\그림\PXL_20220813_214558393_2.jpg
[16:19:17.480] [T1] list | phase0 C:\Users\tsusa\OneDrive - Automanix\그림\PXL_20220817_112931072_2.jpg
[16:19:17.483] [T1] list | phase0 C:\Users\tsusa\OneDrive - Automanix\그림\PXL_20220824_112948946_2.jpg
[16:19:17.485] [T1] list | phase0 C:\Users\tsusa\OneDrive - Automanix\그림\PXL_20220827_001839431_2.jpg
[16:19:17.543] [T1] tiles | fill cached C:\Users\tsusa\OneDrive - Automanix\그림\220731 강화도.mp4_005246116.jpeg
[16:19:17.546] [T1] tiles | fill cached C:\Users\tsusa\OneDrive - Automanix\그림\220731 강화도.mp4_005246116.jpg
[16:19:17.546] [T1] tiles | fill cached C:\Users\tsusa\OneDrive - Automanix\그림\220731 강화도.mp4_005246116.png
[16:19:17.548] [T1] tiles | fill cached C:\Users\tsusa\OneDrive - Automanix\그림\AMX.jpg
[16:19:17.549] [T1] tiles | fill cached C:\Users\tsusa\OneDrive - Automanix\그림\ARS-로고디자인_원본파일.png
[16:19:17.550] [T1] tiles | fill cached C:\Users\tsusa\OneDrive - Automanix\그림\DALL·E 2024-07-22 16.05.33 - Simplified version of a logo for 'Automotive Research Solution' with the main elements being 'ARS' in a bold font and a sleek, modern car silhouette. .webp
[16:19:17.550] [T1] tiles | fill cached C:\Users\tsusa\OneDrive - Automanix\그림\KakaoTalk_20200117_092011491.png
[16:19:17.551] [T1] tiles | fill cached C:\Users\tsusa\OneDrive - Automanix\그림\KakaoTalk_20240703_110337676.jpg
[16:19:17.551] [T1] tiles | fill cached C:\Users\tsusa\OneDrive - Automanix\그림\pexels-pixabay-37347.jpg
[16:19:17.554] [T1] tiles | fill cached C:\Users\tsusa\OneDrive - Automanix\그림\pexels-polina-zimmerman-3778619.jpg
[16:19:17.593] [T1] list | phase0 C:\Users\tsusa\OneDrive - Automanix\그림\PXL_20220827_230734531_2.jpg
[16:19:17.596] [T1] list | phase0 C:\Users\tsusa\OneDrive - Automanix\그림\PXL_20220831_130316984_2.jpg
[16:19:17.614] [T1] tiles | cached done C:\Users\tsusa\OneDrive - Automanix\그림\KakaoTalk_20200117_092011491.png
[16:19:17.614] [T1] tiles | cached done C:\Users\tsusa\OneDrive - Automanix\그림\ARS-로고디자인_원본파일.png
[16:19:17.614] [T1] tiles | cached done C:\Users\tsusa\OneDrive - Automanix\그림\AMX.jpg
[16:19:17.614] [T1] tiles | cached done C:\Users\tsusa\OneDrive - Automanix\그림\220731 강화도.mp4_005246116.png
[16:19:17.615] [T1] tiles | cached done C:\Users\tsusa\OneDrive - Automanix\그림\DALL·E 2024-07-22 16.05.33 - Simplified version of a logo for 'Automotive Research Solution' with the main elements being 'ARS' in a bold font and a sleek, modern car silhouette. .webp
[16:19:17.615] [T1] tiles | cached done C:\Users\tsusa\OneDrive - Automanix\그림\220731 강화도.mp4_005246116.jpeg
[16:19:17.615] [T1] tiles | cached done C:\Users\tsusa\OneDrive - Automanix\그림\pexels-pixabay-37347.jpg
[16:19:17.615] [T1] tiles | cached done C:\Users\tsusa\OneDrive - Automanix\그림\pexels-polina-zimmerman-3778619.jpg
[16:19:17.615] [T1] tiles | cached done C:\Users\tsusa\OneDrive - Automanix\그림\KakaoTalk_20240703_110337676.jpg
[16:19:17.615] [T1] tiles | cached done C:\Users\tsusa\OneDrive - Automanix\그림\220731 강화도.mp4_005246116.jpg
[16:19:17.617] [T1] tiles | phase0 C:\Users\tsusa\OneDrive - Automanix\그림\PXL_20220709_232639106_2.jpg
[16:19:17.618] [T1] tiles | phase0 C:\Users\tsusa\OneDrive - Automanix\그림\PXL_20220714_125035942_2.jpg
[16:19:17.619] [T1] tiles | phase0 C:\Users\tsusa\OneDrive - Automanix\그림\PXL_20220714_125148380_2.jpg
[16:19:17.620] [T1] tiles | phase0 C:\Users\tsusa\OneDrive - Automanix\그림\PXL_20220719_121308973_2.jpg
[16:19:17.621] [T1] tiles | fill cached C:\Users\tsusa\OneDrive - Automanix\그림\PXL_20220709_232639106_2.jpg
[16:19:17.622] [T1] tiles | fill cached C:\Users\tsusa\OneDrive - Automanix\그림\PXL_20220714_125035942_2.jpg
[16:19:17.622] [T1] tiles | fill cached C:\Users\tsusa\OneDrive - Automanix\그림\PXL_20220714_125148380_2.jpg
[16:19:17.623] [T1] tiles | fill cached C:\Users\tsusa\OneDrive - Automanix\그림\PXL_20220719_121308973_2.jpg
[16:19:17.643] [T1] list | phase0 C:\Users\tsusa\OneDrive - Automanix\그림\PXL_20220902_215631957_3.jpg
[16:19:17.645] [T1] list | phase0 C:\Users\tsusa\OneDrive - Automanix\그림\PXL_20220903_010322367_2.jpg
[16:19:17.648] [T1] list | phase0 C:\Users\tsusa\OneDrive - Automanix\그림\PXL_20220920_125143842.MOTION-02.ORIGINAL_2.jpg
[16:19:17.663] [T1] tiles | cached done C:\Users\tsusa\OneDrive - Automanix\그림\PXL_20220714_125035942_2.jpg
[16:19:17.663] [T1] tiles | cached done C:\Users\tsusa\OneDrive - Automanix\그림\PXL_20220714_125148380_2.jpg
[16:19:17.663] [T1] tiles | cached done C:\Users\tsusa\OneDrive - Automanix\그림\PXL_20220719_121308973_2.jpg
[16:19:17.664] [T1] tiles | cached done C:\Users\tsusa\OneDrive - Automanix\그림\PXL_20220709_232639106_2.jpg
[16:19:17.667] [T1] list | phase0 C:\Users\tsusa\OneDrive - Automanix\그림\PXL_20221101_105955590_2.jpg
[16:19:17.670] [T1] list | phase0 C:\Users\tsusa\OneDrive - Automanix\그림\PXL_20230212_024010110.jpg
[16:19:17.684] [T1] tiles | phase0 C:\Users\tsusa\OneDrive - Automanix\그림\PXL_20220726_125747369_2.jpg
[16:19:17.685] [T1] tiles | phase0 C:\Users\tsusa\OneDrive - Automanix\그림\PXL_20220804_125449327_2.jpg
[16:19:17.686] [T1] tiles | phase0 C:\Users\tsusa\OneDrive - Automanix\그림\PXL_20220812_121956977_2.jpg
[16:19:17.707] [T1] tiles | phase0 C:\Users\tsusa\OneDrive - Automanix\그림\PXL_20220813_214558393_2.jpg
[16:19:17.721] [T1] tiles | fill cached C:\Users\tsusa\OneDrive - Automanix\그림\PXL_20220726_125747369_2.jpg
[16:19:17.722] [T1] tiles | fill cached C:\Users\tsusa\OneDrive - Automanix\그림\PXL_20220804_125449327_2.jpg
[16:19:17.722] [T1] tiles | fill cached C:\Users\tsusa\OneDrive - Automanix\그림\PXL_20220812_121956977_2.jpg
[16:19:17.723] [T1] tiles | fill cached C:\Users\tsusa\OneDrive - Automanix\그림\PXL_20220813_214558393_2.jpg
[16:19:17.726] [T1] list | phase0 C:\Users\tsusa\OneDrive - Automanix\그림\PXL_20230212_025601437_2.jpg
[16:19:17.729] [T1] list | phase0 C:\Users\tsusa\OneDrive - Automanix\그림\PXL_20230422_230822530~2.jpg
[16:19:17.731] [T1] list | phase0 C:\Users\tsusa\OneDrive - Automanix\그림\vlcsnap-2026-01-18-12h58m03s381.png
[16:19:17.731] [T1] detail | fetch Image C:\Users\tsusa\OneDrive - Automanix\그림\vlcsnap-2026-01-18-12h58m03s381.png
[16:19:17.744] [T1] detail | done C:\Users\tsusa\OneDrive - Automanix\그림\vlcsnap-2026-01-18-12h58m03s381.png
[16:19:17.749] [T1] tiles | cached done C:\Users\tsusa\OneDrive - Automanix\그림\PXL_20220804_125449327_2.jpg
[16:19:17.753] [T1] list | phase0 C:\Users\tsusa\OneDrive - Automanix\그림\vlcsnap-2026-01-19-02h04m39s483.png
[16:19:17.753] [T1] detail | fetch Image C:\Users\tsusa\OneDrive - Automanix\그림\vlcsnap-2026-01-19-02h04m39s483.png
[16:19:17.756] [T1] list | phase0 C:\Users\tsusa\OneDrive - Automanix\그림\vlcsnap-2026-01-27-01h49m01s690.png
[16:19:17.756] [T1] detail | fetch Image C:\Users\tsusa\OneDrive - Automanix\그림\vlcsnap-2026-01-27-01h49m01s690.png
[16:19:17.764] [T1] tiles | cached done C:\Users\tsusa\OneDrive - Automanix\그림\PXL_20220812_121956977_2.jpg
[16:19:17.765] [T1] tiles | cached done C:\Users\tsusa\OneDrive - Automanix\그림\PXL_20220726_125747369_2.jpg
[16:19:17.766] [T1] detail | done C:\Users\tsusa\OneDrive - Automanix\그림\vlcsnap-2026-01-19-02h04m39s483.png
[16:19:17.766] [T1] tiles | cached done C:\Users\tsusa\OneDrive - Automanix\그림\PXL_20220813_214558393_2.jpg
[16:19:17.770] [T1] tiles | phase0 C:\Users\tsusa\OneDrive - Automanix\그림\PXL_20220817_112931072_2.jpg
[16:19:17.771] [T1] tiles | phase0 C:\Users\tsusa\OneDrive - Automanix\그림\PXL_20220824_112948946_2.jpg
[16:19:17.772] [T1] tiles | phase0 C:\Users\tsusa\OneDrive - Automanix\그림\PXL_20220827_001839431_2.jpg
[16:19:17.773] [T1] tiles | phase0 C:\Users\tsusa\OneDrive - Automanix\그림\PXL_20220827_230734531_2.jpg
[16:19:17.780] [T1] detail | done C:\Users\tsusa\OneDrive - Automanix\그림\vlcsnap-2026-01-27-01h49m01s690.png
[16:19:17.787] [T1] tiles | fill cached C:\Users\tsusa\OneDrive - Automanix\그림\PXL_20220817_112931072_2.jpg
[16:19:17.788] [T1] tiles | fill cached C:\Users\tsusa\OneDrive - Automanix\그림\PXL_20220824_112948946_2.jpg
[16:19:17.789] [T1] tiles | fill cached C:\Users\tsusa\OneDrive - Automanix\그림\PXL_20220827_001839431_2.jpg
[16:19:17.790] [T1] tiles | fill cached C:\Users\tsusa\OneDrive - Automanix\그림\PXL_20220827_230734531_2.jpg
[16:19:17.794] [T1] list | phase0 C:\Users\tsusa\OneDrive - Automanix\그림\민초로부터 온 퇴장 통보.png
[16:19:17.794] [T1] detail | fetch Image C:\Users\tsusa\OneDrive - Automanix\그림\민초로부터 온 퇴장 통보.png
[16:19:17.797] [T1] list | phase0 C:\Users\tsusa\OneDrive - Automanix\그림\아우디 현가장치 관련 리콜.png
[16:19:17.800] [T1] list | phase0 C:\Users\tsusa\OneDrive - Automanix\그림\오토매닉스 대표이미지.png
[16:19:17.816] [T1] detail | done C:\Users\tsusa\OneDrive - Automanix\그림\민초로부터 온 퇴장 통보.png
[16:19:17.820] [T1] list | phase0 C:\Users\tsusa\OneDrive - Automanix\그림\오토매닉스 로고.png
[16:19:17.823] [T1] list | phase0 C:\Users\tsusa\OneDrive - Automanix\그림\오토매닉스 로고이미지.png
[16:19:17.827] [T1] list | phase0 C:\Users\tsusa\OneDrive - Automanix\그림\오토매닉스_약도.png
[16:19:17.830] [T1] list | phase0 C:\Users\tsusa\OneDrive - Automanix\그림\오토매닉스_인감_배경제거.png
[16:19:17.834] [T1] list | phase0 C:\Users\tsusa\OneDrive - Automanix\그림\코인챗 로고 long 188_79.png
[16:19:17.845] [T1] tiles | cached done C:\Users\tsusa\OneDrive - Automanix\그림\PXL_20220817_112931072_2.jpg
[16:19:17.846] [T1] tiles | cached done C:\Users\tsusa\OneDrive - Automanix\그림\PXL_20220824_112948946_2.jpg
[16:19:17.846] [T1] tiles | cached done C:\Users\tsusa\OneDrive - Automanix\그림\PXL_20220827_001839431_2.jpg
[16:19:17.849] [T1] list | phase0 C:\Users\tsusa\OneDrive - Automanix\그림\코인챗 로고 square 148_148.png
[16:19:17.852] [T1] list | phase0 C:\Users\tsusa\OneDrive - Automanix\그림\코인챗_211012_아이폰XS_2대_중고구매.png
[16:19:17.858] [T1] tiles | cached done C:\Users\tsusa\OneDrive - Automanix\그림\PXL_20220827_230734531_2.jpg
[16:19:17.861] [T1] tiles | phase0 C:\Users\tsusa\OneDrive - Automanix\그림\PXL_20220831_130316984_2.jpg
[16:19:17.862] [T1] tiles | phase0 C:\Users\tsusa\OneDrive - Automanix\그림\PXL_20220902_215631957_3.jpg
[16:19:17.863] [T1] tiles | phase0 C:\Users\tsusa\OneDrive - Automanix\그림\PXL_20220903_010322367_2.jpg
[16:19:17.864] [T1] tiles | phase0 C:\Users\tsusa\OneDrive - Automanix\그림\PXL_20220920_125143842.MOTION-02.ORIGINAL_2.jpg
[16:19:17.865] [T1] tiles | fill cached C:\Users\tsusa\OneDrive - Automanix\그림\PXL_20220831_130316984_2.jpg
[16:19:17.866] [T1] tiles | fill cached C:\Users\tsusa\OneDrive - Automanix\그림\PXL_20220902_215631957_3.jpg
[16:19:17.866] [T1] tiles | fill cached C:\Users\tsusa\OneDrive - Automanix\그림\PXL_20220903_010322367_2.jpg
[16:19:17.867] [T1] tiles | fill cached C:\Users\tsusa\OneDrive - Automanix\그림\PXL_20220920_125143842.MOTION-02.ORIGINAL_2.jpg
[16:19:17.880] [T1] list | phase0 C:\Users\tsusa\OneDrive - Automanix\그림\코인챗_사무실.jpg
[16:19:17.882] [T1] list | phase0 C:\Users\tsusa\OneDrive - Automanix\그림\코인챗_회의실.jpg
[16:19:17.885] [T1] list | phase0 C:\Users\tsusa\OneDrive - Automanix\그림\포가차.jpg
[16:19:17.927] [T1] list | phase0 C:\Users\tsusa\OneDrive - Automanix\그림\화면 캡처 2020-11-26 162745.png
[16:19:17.929] [T1] list | phase0 C:\Users\tsusa\OneDrive - Automanix\그림\화면 캡처 2022-06-21 003453.png
[16:19:17.934] [T1] tiles | cached done C:\Users\tsusa\OneDrive - Automanix\그림\PXL_20220831_130316984_2.jpg
[16:19:17.935] [T1] tiles | cached done C:\Users\tsusa\OneDrive - Automanix\그림\PXL_20220903_010322367_2.jpg
[16:19:17.936] [T1] tiles | cached done C:\Users\tsusa\OneDrive - Automanix\그림\PXL_20220920_125143842.MOTION-02.ORIGINAL_2.jpg
[16:19:17.937] [T1] tiles | cached done C:\Users\tsusa\OneDrive - Automanix\그림\PXL_20220902_215631957_3.jpg
[16:19:17.938] [T1] tiles | phase0 C:\Users\tsusa\OneDrive - Automanix\그림\PXL_20221101_105955590_2.jpg
[16:19:17.939] [T1] tiles | phase0 C:\Users\tsusa\OneDrive - Automanix\그림\PXL_20230212_024010110.jpg
[16:19:17.940] [T1] tiles | phase0 C:\Users\tsusa\OneDrive - Automanix\그림\PXL_20230212_025601437_2.jpg
[16:19:17.941] [T1] tiles | phase0 C:\Users\tsusa\OneDrive - Automanix\그림\PXL_20230422_230822530~2.jpg
[16:19:17.945] [T1] tiles | fill cached C:\Users\tsusa\OneDrive - Automanix\그림\PXL_20221101_105955590_2.jpg
[16:19:17.945] [T1] tiles | fill cached C:\Users\tsusa\OneDrive - Automanix\그림\PXL_20230212_024010110.jpg
[16:19:17.946] [T1] tiles | fill cached C:\Users\tsusa\OneDrive - Automanix\그림\PXL_20230212_025601437_2.jpg
[16:19:17.947] [T1] tiles | fill cached C:\Users\tsusa\OneDrive - Automanix\그림\PXL_20230422_230822530~2.jpg
[16:19:17.962] [T1] tiles | cached done C:\Users\tsusa\OneDrive - Automanix\그림\PXL_20221101_105955590_2.jpg
[16:19:17.965] [T1] tiles | cached done C:\Users\tsusa\OneDrive - Automanix\그림\PXL_20230212_025601437_2.jpg
[16:19:17.966] [T1] tiles | cached done C:\Users\tsusa\OneDrive - Automanix\그림\PXL_20230212_024010110.jpg
[16:19:17.972] [T1] list | phase0 C:\Users\tsusa\OneDrive - Automanix\그림\화면 캡처 2022-08-01 115837.jpg
[16:19:17.975] [T1] list | phase0 C:\Users\tsusa\OneDrive - Automanix\그림\화면 캡처 2022-08-01 115837.png
[16:19:17.978] [T1] list | phase0 C:\Users\tsusa\OneDrive - Automanix\그림\화면 캡처 2022-08-07 171622.png
[16:19:17.990] [T1] tiles | cached done C:\Users\tsusa\OneDrive - Automanix\그림\PXL_20230422_230822530~2.jpg
[16:19:18.007] [T1] list | phase0 C:\Users\tsusa\OneDrive - Automanix\그림\화면 캡처 2022-09-29 233922.png
[16:19:18.010] [T1] list | phase0 C:\Users\tsusa\OneDrive - Automanix\그림\화면 캡처 2022-10-18 181358.png
[16:19:18.037] [T1] list | phase0 C:\Users\tsusa\OneDrive - Automanix\그림\화면 캡처 2022-10-21 005745.png
[16:19:18.108] [T1] tiles | phase0 C:\Users\tsusa\OneDrive - Automanix\그림\vlcsnap-2026-01-18-12h58m03s381.png
[16:19:18.109] [T1] tiles | phase0 C:\Users\tsusa\OneDrive - Automanix\그림\vlcsnap-2026-01-19-02h04m39s483.png
[16:19:18.110] [T1] tiles | phase0 C:\Users\tsusa\OneDrive - Automanix\그림\vlcsnap-2026-01-27-01h49m01s690.png
[16:19:18.111] [T1] tiles | phase0 C:\Users\tsusa\OneDrive - Automanix\그림\민초로부터 온 퇴장 통보.png
[16:19:18.119] [T1] tiles | fill shell C:\Users\tsusa\OneDrive - Automanix\그림\vlcsnap-2026-01-18-12h58m03s381.png
[16:19:18.119] [T1] tiles | fill shell C:\Users\tsusa\OneDrive - Automanix\그림\vlcsnap-2026-01-19-02h04m39s483.png
[16:19:18.120] [T1] tiles | fill shell C:\Users\tsusa\OneDrive - Automanix\그림\vlcsnap-2026-01-27-01h49m01s690.png
[16:19:18.120] [T1] tiles | fill shell C:\Users\tsusa\OneDrive - Automanix\그림\민초로부터 온 퇴장 통보.png
[16:19:18.134] [T1] tiles | shell done C:\Users\tsusa\OneDrive - Automanix\그림\vlcsnap-2026-01-27-01h49m01s690.png
[16:19:18.134] [T1] tiles | shell done C:\Users\tsusa\OneDrive - Automanix\그림\vlcsnap-2026-01-18-12h58m03s381.png
[16:19:18.135] [T1] tiles | shell done C:\Users\tsusa\OneDrive - Automanix\그림\vlcsnap-2026-01-19-02h04m39s483.png
[16:19:18.144] [T1] tiles | shell done C:\Users\tsusa\OneDrive - Automanix\그림\민초로부터 온 퇴장 통보.png
[16:19:18.150] [T1] tiles | phase0 C:\Users\tsusa\OneDrive - Automanix\그림\아우디 현가장치 관련 리콜.png
[16:19:18.151] [T1] tiles | phase0 C:\Users\tsusa\OneDrive - Automanix\그림\오토매닉스 대표이미지.png
[16:19:18.153] [T1] tiles | phase0 C:\Users\tsusa\OneDrive - Automanix\그림\오토매닉스 로고.png
[16:19:18.154] [T1] tiles | phase0 C:\Users\tsusa\OneDrive - Automanix\그림\오토매닉스 로고이미지.png
[16:19:18.162] [T1] tiles | fill cached C:\Users\tsusa\OneDrive - Automanix\그림\아우디 현가장치 관련 리콜.png
[16:19:18.163] [T1] tiles | fill cached C:\Users\tsusa\OneDrive - Automanix\그림\오토매닉스 대표이미지.png
[16:19:18.163] [T1] tiles | fill cached C:\Users\tsusa\OneDrive - Automanix\그림\오토매닉스 로고.png
[16:19:18.164] [T1] tiles | fill cached C:\Users\tsusa\OneDrive - Automanix\그림\오토매닉스 로고이미지.png
[16:19:18.174] [T1] tiles | cached done C:\Users\tsusa\OneDrive - Automanix\그림\오토매닉스 로고.png
[16:19:18.179] [T1] tiles | cached done C:\Users\tsusa\OneDrive - Automanix\그림\아우디 현가장치 관련 리콜.png
[16:19:18.179] [T1] tiles | cached done C:\Users\tsusa\OneDrive - Automanix\그림\오토매닉스 대표이미지.png
[16:19:18.181] [T1] tiles | phase0 C:\Users\tsusa\OneDrive - Automanix\그림\오토매닉스_약도.png
[16:19:18.182] [T1] tiles | phase0 C:\Users\tsusa\OneDrive - Automanix\그림\오토매닉스_인감_배경제거.png
[16:19:18.183] [T1] tiles | phase0 C:\Users\tsusa\OneDrive - Automanix\그림\코인챗 로고 long 188_79.png
[16:19:18.184] [T1] tiles | phase0 C:\Users\tsusa\OneDrive - Automanix\그림\코인챗 로고 square 148_148.png
[16:19:18.188] [T1] tiles | cached done C:\Users\tsusa\OneDrive - Automanix\그림\오토매닉스 로고이미지.png
[16:19:18.192] [T1] tiles | fill cached C:\Users\tsusa\OneDrive - Automanix\그림\오토매닉스_약도.png
[16:19:18.193] [T1] tiles | fill cached C:\Users\tsusa\OneDrive - Automanix\그림\오토매닉스_인감_배경제거.png
[16:19:18.194] [T1] tiles | fill cached C:\Users\tsusa\OneDrive - Automanix\그림\코인챗 로고 long 188_79.png
[16:19:18.195] [T1] tiles | fill cached C:\Users\tsusa\OneDrive - Automanix\그림\코인챗 로고 square 148_148.png
[16:19:18.205] [T1] tiles | cached done C:\Users\tsusa\OneDrive - Automanix\그림\코인챗 로고 long 188_79.png
[16:19:18.208] [T1] tiles | cached done C:\Users\tsusa\OneDrive - Automanix\그림\오토매닉스_인감_배경제거.png
[16:19:18.209] [T1] tiles | cached done C:\Users\tsusa\OneDrive - Automanix\그림\오토매닉스_약도.png
[16:19:18.209] [T1] tiles | cached done C:\Users\tsusa\OneDrive - Automanix\그림\코인챗 로고 square 148_148.png
[16:19:18.211] [T1] tiles | phase0 C:\Users\tsusa\OneDrive - Automanix\그림\코인챗_211012_아이폰XS_2대_중고구매.png
[16:19:18.212] [T1] tiles | phase0 C:\Users\tsusa\OneDrive - Automanix\그림\코인챗_사무실.jpg
[16:19:18.213] [T1] tiles | phase0 C:\Users\tsusa\OneDrive - Automanix\그림\코인챗_회의실.jpg
[16:19:18.214] [T1] tiles | phase0 C:\Users\tsusa\OneDrive - Automanix\그림\포가차.jpg
[16:19:18.222] [T1] tiles | fill cached C:\Users\tsusa\OneDrive - Automanix\그림\코인챗_211012_아이폰XS_2대_중고구매.png
[16:19:18.223] [T1] tiles | fill cached C:\Users\tsusa\OneDrive - Automanix\그림\코인챗_사무실.jpg
[16:19:18.223] [T1] tiles | fill cached C:\Users\tsusa\OneDrive - Automanix\그림\코인챗_회의실.jpg
[16:19:18.224] [T1] tiles | fill cached C:\Users\tsusa\OneDrive - Automanix\그림\포가차.jpg
[16:19:18.236] [T1] tiles | cached done C:\Users\tsusa\OneDrive - Automanix\그림\코인챗_211012_아이폰XS_2대_중고구매.png
[16:19:18.239] [T1] tiles | cached done C:\Users\tsusa\OneDrive - Automanix\그림\코인챗_회의실.jpg
[16:19:18.239] [T1] tiles | cached done C:\Users\tsusa\OneDrive - Automanix\그림\코인챗_사무실.jpg
[16:19:18.241] [T1] tiles | phase0 C:\Users\tsusa\OneDrive - Automanix\그림\화면 캡처 2020-11-26 162745.png
[16:19:18.243] [T1] tiles | phase0 C:\Users\tsusa\OneDrive - Automanix\그림\화면 캡처 2022-06-21 003453.png
[16:19:18.244] [T1] tiles | phase0 C:\Users\tsusa\OneDrive - Automanix\그림\화면 캡처 2022-08-01 115837.jpg
[16:19:18.245] [T1] tiles | phase0 C:\Users\tsusa\OneDrive - Automanix\그림\화면 캡처 2022-08-01 115837.png
[16:19:18.266] [T1] tiles | fill cached C:\Users\tsusa\OneDrive - Automanix\그림\화면 캡처 2020-11-26 162745.png
[16:19:18.267] [T1] tiles | fill cached C:\Users\tsusa\OneDrive - Automanix\그림\화면 캡처 2022-06-21 003453.png
[16:19:18.267] [T1] tiles | fill cached C:\Users\tsusa\OneDrive - Automanix\그림\화면 캡처 2022-08-01 115837.jpg
[16:19:18.268] [T1] tiles | fill cached C:\Users\tsusa\OneDrive - Automanix\그림\화면 캡처 2022-08-01 115837.png
[16:19:18.273] [T1] tiles | cached done C:\Users\tsusa\OneDrive - Automanix\그림\포가차.jpg
[16:19:18.281] [T1] tiles | cached done C:\Users\tsusa\OneDrive - Automanix\그림\화면 캡처 2020-11-26 162745.png
[16:19:18.283] [T1] tiles | cached done C:\Users\tsusa\OneDrive - Automanix\그림\화면 캡처 2022-08-01 115837.png
[16:19:18.286] [T1] tiles | phase0 C:\Users\tsusa\OneDrive - Automanix\그림\화면 캡처 2022-08-07 171622.png
[16:19:18.287] [T1] tiles | phase0 C:\Users\tsusa\OneDrive - Automanix\그림\화면 캡처 2022-09-29 233922.png
[16:19:18.288] [T1] tiles | phase0 C:\Users\tsusa\OneDrive - Automanix\그림\화면 캡처 2022-10-18 181358.png
[16:19:18.289] [T1] tiles | phase0 C:\Users\tsusa\OneDrive - Automanix\그림\화면 캡처 2022-10-21 005745.png
[16:19:18.290] [T1] tiles | fill cached C:\Users\tsusa\OneDrive - Automanix\그림\화면 캡처 2022-08-07 171622.png
[16:19:18.291] [T1] tiles | fill cached C:\Users\tsusa\OneDrive - Automanix\그림\화면 캡처 2022-09-29 233922.png
[16:19:18.292] [T1] tiles | fill cached C:\Users\tsusa\OneDrive - Automanix\그림\화면 캡처 2022-10-18 181358.png
[16:19:18.292] [T1] tiles | fill cached C:\Users\tsusa\OneDrive - Automanix\그림\화면 캡처 2022-10-21 005745.png
[16:19:18.296] [T1] tiles | cached done C:\Users\tsusa\OneDrive - Automanix\그림\화면 캡처 2022-06-21 003453.png
[16:19:18.307] [T1] tiles | cached done C:\Users\tsusa\OneDrive - Automanix\그림\화면 캡처 2022-08-01 115837.jpg
[16:19:18.310] [T1] tiles | cached done C:\Users\tsusa\OneDrive - Automanix\그림\화면 캡처 2022-10-18 181358.png
[16:19:18.311] [T1] tiles | cached done C:\Users\tsusa\OneDrive - Automanix\그림\화면 캡처 2022-09-29 233922.png
[16:19:18.312] [T1] tiles | cached done C:\Users\tsusa\OneDrive - Automanix\그림\화면 캡처 2022-08-07 171622.png
[16:19:18.315] [T1] tiles | cached done C:\Users\tsusa\OneDrive - Automanix\그림\화면 캡처 2022-10-21 005745.png
[16:20:59.977] [T1] nav | NavigateToAsync C:\Users\tsusa\OneDrive - Automanix\그림 exts=48
[16:20:59.978] [T1] nav | scan done C:\Users\tsusa\OneDrive - Automanix\그림 count=65
[16:20:59.978] [T1] nav | RefreshView C:\Users\tsusa\OneDrive - Automanix\그림 count=65
[16:20:59.978] [T1] list | recycle C:\Users\tsusa\OneDrive - Automanix\그림\240323 강가 별장
[16:20:59.978] [T1] list | ForceFinish(recycle)
[16:20:59.978] [T1] list | recycle C:\Users\tsusa\OneDrive - Automanix\그림\Feedback
[16:20:59.978] [T1] list | ForceFinish(recycle)
[16:20:59.978] [T1] list | recycle C:\Users\tsusa\OneDrive - Automanix\그림\Saved Pictures
[16:20:59.978] [T1] list | ForceFinish(recycle)
[16:20:59.978] [T1] list | recycle C:\Users\tsusa\OneDrive - Automanix\그림\Scan
[16:20:59.978] [T1] list | ForceFinish(recycle)
[16:20:59.978] [T1] list | recycle C:\Users\tsusa\OneDrive - Automanix\그림\Screenshots
[16:20:59.978] [T1] list | ForceFinish(recycle)
[16:20:59.979] [T1] list | recycle C:\Users\tsusa\OneDrive - Automanix\그림\Zwift
[16:20:59.979] [T1] list | ForceFinish(recycle)
[16:20:59.979] [T1] list | recycle C:\Users\tsusa\OneDrive - Automanix\그림\바탕화면
[16:20:59.979] [T1] list | ForceFinish(recycle)
[16:20:59.979] [T1] list | recycle C:\Users\tsusa\OneDrive - Automanix\그림\스캔
[16:20:59.979] [T1] list | ForceFinish(recycle)
[16:20:59.979] [T1] list | recycle C:\Users\tsusa\OneDrive - Automanix\그림\스크린샷
[16:20:59.979] [T1] list | ForceFinish(recycle)
[16:20:59.979] [T1] list | recycle C:\Users\tsusa\OneDrive - Automanix\그림\카메라 앨범
[16:20:59.979] [T1] list | ForceFinish(recycle)
[16:20:59.979] [T1] list | recycle C:\Users\tsusa\OneDrive - Automanix\그림\220731 강화도.mp4_005246116.jpeg
[16:20:59.979] [T1] list | ForceFinish(recycle)
[16:20:59.979] [T1] list | recycle C:\Users\tsusa\OneDrive - Automanix\그림\220731 강화도.mp4_005246116.jpg
[16:20:59.979] [T1] list | ForceFinish(recycle)
[16:20:59.979] [T1] list | recycle C:\Users\tsusa\OneDrive - Automanix\그림\220731 강화도.mp4_005246116.png
[16:20:59.979] [T1] list | ForceFinish(recycle)
[16:20:59.979] [T1] list | recycle C:\Users\tsusa\OneDrive - Automanix\그림\AMX.jpg
[16:20:59.979] [T1] list | ForceFinish(recycle)
[16:20:59.979] [T1] list | recycle C:\Users\tsusa\OneDrive - Automanix\그림\ARS-로고디자인_원본파일.png
[16:20:59.979] [T1] list | ForceFinish(recycle)
[16:20:59.979] [T1] list | recycle C:\Users\tsusa\OneDrive - Automanix\그림\DALL·E 2024-07-22 16.05.33 - Simplified version of a logo for 'Automotive Research Solution' with the main elements being 'ARS' in a bold font and a sleek, modern car silhouette. .webp
[16:20:59.979] [T1] list | ForceFinish(recycle)
[16:20:59.979] [T1] list | recycle C:\Users\tsusa\OneDrive - Automanix\그림\KakaoTalk_20200117_092011491.png
[16:20:59.979] [T1] list | ForceFinish(recycle)
[16:20:59.979] [T1] list | recycle C:\Users\tsusa\OneDrive - Automanix\그림\KakaoTalk_20240703_110337676.jpg
[16:20:59.979] [T1] list | ForceFinish(recycle)
[16:20:59.979] [T1] list | recycle C:\Users\tsusa\OneDrive - Automanix\그림\pexels-pixabay-37347.jpg
[16:20:59.979] [T1] list | ForceFinish(recycle)
[16:20:59.979] [T1] list | recycle C:\Users\tsusa\OneDrive - Automanix\그림\pexels-polina-zimmerman-3778619.jpg
[16:20:59.979] [T1] list | ForceFinish(recycle)
[16:20:59.979] [T1] list | recycle C:\Users\tsusa\OneDrive - Automanix\그림\PXL_20220709_232639106_2.jpg
[16:20:59.979] [T1] list | ForceFinish(recycle)
[16:20:59.979] [T1] list | recycle C:\Users\tsusa\OneDrive - Automanix\그림\PXL_20220714_125035942_2.jpg
[16:20:59.979] [T1] list | ForceFinish(recycle)
[16:20:59.979] [T1] list | recycle C:\Users\tsusa\OneDrive - Automanix\그림\PXL_20220714_125148380_2.jpg
[16:20:59.979] [T1] list | ForceFinish(recycle)
[16:20:59.979] [T1] list | recycle C:\Users\tsusa\OneDrive - Automanix\그림\PXL_20220719_121308973_2.jpg
[16:20:59.979] [T1] list | ForceFinish(recycle)
[16:20:59.979] [T1] list | recycle C:\Users\tsusa\OneDrive - Automanix\그림\PXL_20220726_125747369_2.jpg
[16:20:59.979] [T1] list | ForceFinish(recycle)
[16:20:59.979] [T1] list | recycle C:\Users\tsusa\OneDrive - Automanix\그림\PXL_20220804_125449327_2.jpg
[16:20:59.979] [T1] list | ForceFinish(recycle)
[16:20:59.979] [T1] list | recycle C:\Users\tsusa\OneDrive - Automanix\그림\PXL_20220812_121956977_2.jpg
[16:20:59.979] [T1] list | ForceFinish(recycle)
[16:20:59.979] [T1] list | recycle C:\Users\tsusa\OneDrive - Automanix\그림\PXL_20220813_214558393_2.jpg
[16:20:59.979] [T1] list | ForceFinish(recycle)
[16:20:59.979] [T1] list | recycle C:\Users\tsusa\OneDrive - Automanix\그림\PXL_20220817_112931072_2.jpg
[16:20:59.979] [T1] list | ForceFinish(recycle)
[16:20:59.979] [T1] list | recycle C:\Users\tsusa\OneDrive - Automanix\그림\PXL_20220824_112948946_2.jpg
[16:20:59.979] [T1] list | ForceFinish(recycle)
[16:20:59.979] [T1] list | recycle C:\Users\tsusa\OneDrive - Automanix\그림\PXL_20220827_001839431_2.jpg
[16:20:59.979] [T1] list | ForceFinish(recycle)
[16:20:59.979] [T1] list | recycle C:\Users\tsusa\OneDrive - Automanix\그림\PXL_20220827_230734531_2.jpg
[16:20:59.979] [T1] list | ForceFinish(recycle)
[16:20:59.979] [T1] list | recycle C:\Users\tsusa\OneDrive - Automanix\그림\PXL_20220831_130316984_2.jpg
[16:20:59.979] [T1] list | ForceFinish(recycle)
[16:20:59.979] [T1] list | recycle C:\Users\tsusa\OneDrive - Automanix\그림\PXL_20220902_215631957_3.jpg
[16:20:59.979] [T1] list | ForceFinish(recycle)
[16:20:59.979] [T1] list | recycle C:\Users\tsusa\OneDrive - Automanix\그림\PXL_20220903_010322367_2.jpg
[16:20:59.979] [T1] list | ForceFinish(recycle)
[16:20:59.979] [T1] list | recycle C:\Users\tsusa\OneDrive - Automanix\그림\PXL_20220920_125143842.MOTION-02.ORIGINAL_2.jpg
[16:20:59.979] [T1] list | ForceFinish(recycle)
[16:20:59.979] [T1] list | recycle C:\Users\tsusa\OneDrive - Automanix\그림\PXL_20221101_105955590_2.jpg
[16:20:59.979] [T1] list | ForceFinish(recycle)
[16:20:59.979] [T1] list | recycle C:\Users\tsusa\OneDrive - Automanix\그림\PXL_20230212_024010110.jpg
[16:20:59.979] [T1] list | ForceFinish(recycle)
[16:20:59.979] [T1] list | recycle C:\Users\tsusa\OneDrive - Automanix\그림\PXL_20230212_025601437_2.jpg
[16:20:59.979] [T1] list | ForceFinish(recycle)
[16:20:59.979] [T1] list | recycle C:\Users\tsusa\OneDrive - Automanix\그림\PXL_20230422_230822530~2.jpg
[16:20:59.979] [T1] list | ForceFinish(recycle)
[16:20:59.979] [T1] list | recycle C:\Users\tsusa\OneDrive - Automanix\그림\vlcsnap-2026-01-18-12h58m03s381.png
[16:20:59.979] [T1] list | ForceFinish(recycle)
[16:20:59.979] [T1] list | recycle C:\Users\tsusa\OneDrive - Automanix\그림\vlcsnap-2026-01-19-02h04m39s483.png
[16:20:59.979] [T1] list | ForceFinish(recycle)
[16:20:59.979] [T1] list | recycle C:\Users\tsusa\OneDrive - Automanix\그림\vlcsnap-2026-01-27-01h49m01s690.png
[16:20:59.979] [T1] list | ForceFinish(recycle)
[16:20:59.980] [T1] list | recycle C:\Users\tsusa\OneDrive - Automanix\그림\민초로부터 온 퇴장 통보.png
[16:20:59.980] [T1] list | ForceFinish(recycle)
[16:20:59.980] [T1] list | recycle C:\Users\tsusa\OneDrive - Automanix\그림\아우디 현가장치 관련 리콜.png
[16:20:59.980] [T1] list | ForceFinish(recycle)
[16:20:59.980] [T1] list | recycle C:\Users\tsusa\OneDrive - Automanix\그림\오토매닉스 대표이미지.png
[16:20:59.980] [T1] list | ForceFinish(recycle)
[16:20:59.980] [T1] list | recycle C:\Users\tsusa\OneDrive - Automanix\그림\오토매닉스 로고.png
[16:20:59.980] [T1] list | ForceFinish(recycle)
[16:20:59.980] [T1] list | recycle C:\Users\tsusa\OneDrive - Automanix\그림\오토매닉스 로고이미지.png
[16:20:59.980] [T1] list | ForceFinish(recycle)
[16:20:59.980] [T1] list | recycle C:\Users\tsusa\OneDrive - Automanix\그림\오토매닉스_약도.png
[16:20:59.980] [T1] list | ForceFinish(recycle)
[16:20:59.980] [T1] list | recycle C:\Users\tsusa\OneDrive - Automanix\그림\오토매닉스_인감_배경제거.png
[16:20:59.980] [T1] list | ForceFinish(recycle)
[16:20:59.980] [T1] list | recycle C:\Users\tsusa\OneDrive - Automanix\그림\코인챗 로고 long 188_79.png
[16:20:59.980] [T1] list | ForceFinish(recycle)
[16:20:59.980] [T1] list | recycle C:\Users\tsusa\OneDrive - Automanix\그림\코인챗 로고 square 148_148.png
[16:20:59.980] [T1] list | ForceFinish(recycle)
[16:20:59.980] [T1] list | recycle C:\Users\tsusa\OneDrive - Automanix\그림\코인챗_211012_아이폰XS_2대_중고구매.png
[16:20:59.980] [T1] list | ForceFinish(recycle)
[16:20:59.980] [T1] list | recycle C:\Users\tsusa\OneDrive - Automanix\그림\코인챗_사무실.jpg
[16:20:59.980] [T1] list | ForceFinish(recycle)
[16:20:59.980] [T1] list | recycle C:\Users\tsusa\OneDrive - Automanix\그림\코인챗_회의실.jpg
[16:20:59.980] [T1] list | ForceFinish(recycle)
[16:20:59.980] [T1] list | recycle C:\Users\tsusa\OneDrive - Automanix\그림\포가차.jpg
[16:20:59.980] [T1] list | ForceFinish(recycle)
[16:20:59.980] [T1] list | recycle C:\Users\tsusa\OneDrive - Automanix\그림\화면 캡처 2020-11-26 162745.png
[16:20:59.980] [T1] list | ForceFinish(recycle)
[16:20:59.980] [T1] list | recycle C:\Users\tsusa\OneDrive - Automanix\그림\화면 캡처 2022-06-21 003453.png
[16:20:59.980] [T1] list | ForceFinish(recycle)
[16:20:59.980] [T1] list | recycle C:\Users\tsusa\OneDrive - Automanix\그림\화면 캡처 2022-08-01 115837.jpg
[16:20:59.980] [T1] list | ForceFinish(recycle)
[16:20:59.980] [T1] list | recycle C:\Users\tsusa\OneDrive - Automanix\그림\화면 캡처 2022-08-01 115837.png
[16:20:59.980] [T1] list | ForceFinish(recycle)
[16:20:59.980] [T1] list | recycle C:\Users\tsusa\OneDrive - Automanix\그림\화면 캡처 2022-08-07 171622.png
[16:20:59.980] [T1] list | ForceFinish(recycle)
[16:20:59.980] [T1] list | recycle C:\Users\tsusa\OneDrive - Automanix\그림\화면 캡처 2022-09-29 233922.png
[16:20:59.980] [T1] list | ForceFinish(recycle)
[16:20:59.980] [T1] list | recycle C:\Users\tsusa\OneDrive - Automanix\그림\화면 캡처 2022-10-18 181358.png
[16:20:59.980] [T1] list | ForceFinish(recycle)
[16:20:59.980] [T1] list | recycle C:\Users\tsusa\OneDrive - Automanix\그림\화면 캡처 2022-10-21 005745.png
[16:20:59.980] [T1] list | ForceFinish(recycle)
[16:20:59.980] [T1] tiles | ShowEntries C:\Users\tsusa\OneDrive - Automanix\그림 count=65
[16:20:59.980] [T1] tiles | recycle C:\Users\tsusa\OneDrive - Automanix\그림\240323 강가 별장
[16:20:59.981] [T1] tiles | recycle C:\Users\tsusa\OneDrive - Automanix\그림\Feedback
[16:20:59.981] [T1] tiles | recycle C:\Users\tsusa\OneDrive - Automanix\그림\Saved Pictures
[16:20:59.981] [T1] tiles | recycle C:\Users\tsusa\OneDrive - Automanix\그림\Scan
[16:20:59.981] [T1] tiles | recycle C:\Users\tsusa\OneDrive - Automanix\그림\Screenshots
[16:20:59.981] [T1] tiles | recycle C:\Users\tsusa\OneDrive - Automanix\그림\Zwift
[16:20:59.981] [T1] tiles | recycle C:\Users\tsusa\OneDrive - Automanix\그림\바탕화면
[16:20:59.981] [T1] tiles | recycle C:\Users\tsusa\OneDrive - Automanix\그림\스캔
[16:20:59.981] [T1] tiles | recycle C:\Users\tsusa\OneDrive - Automanix\그림\스크린샷
[16:20:59.981] [T1] tiles | recycle C:\Users\tsusa\OneDrive - Automanix\그림\카메라 앨범
[16:20:59.981] [T1] tiles | recycle C:\Users\tsusa\OneDrive - Automanix\그림\220731 강화도.mp4_005246116.jpeg
[16:20:59.982] [T1] tiles | recycle C:\Users\tsusa\OneDrive - Automanix\그림\220731 강화도.mp4_005246116.jpg
[16:20:59.982] [T1] tiles | recycle C:\Users\tsusa\OneDrive - Automanix\그림\220731 강화도.mp4_005246116.png
[16:20:59.982] [T1] tiles | recycle C:\Users\tsusa\OneDrive - Automanix\그림\AMX.jpg
[16:20:59.982] [T1] tiles | recycle C:\Users\tsusa\OneDrive - Automanix\그림\ARS-로고디자인_원본파일.png
[16:20:59.982] [T1] tiles | recycle C:\Users\tsusa\OneDrive - Automanix\그림\DALL·E 2024-07-22 16.05.33 - Simplified version of a logo for 'Automotive Research Solution' with the main elements being 'ARS' in a bold font and a sleek, modern car silhouette. .webp
[16:20:59.982] [T1] tiles | recycle C:\Users\tsusa\OneDrive - Automanix\그림\KakaoTalk_20200117_092011491.png
[16:20:59.982] [T1] tiles | recycle C:\Users\tsusa\OneDrive - Automanix\그림\KakaoTalk_20240703_110337676.jpg
[16:20:59.982] [T1] tiles | recycle C:\Users\tsusa\OneDrive - Automanix\그림\pexels-pixabay-37347.jpg
[16:20:59.982] [T1] tiles | recycle C:\Users\tsusa\OneDrive - Automanix\그림\pexels-polina-zimmerman-3778619.jpg
[16:20:59.982] [T1] tiles | recycle C:\Users\tsusa\OneDrive - Automanix\그림\PXL_20220709_232639106_2.jpg
[16:20:59.982] [T1] tiles | recycle C:\Users\tsusa\OneDrive - Automanix\그림\PXL_20220714_125035942_2.jpg
[16:20:59.982] [T1] tiles | recycle C:\Users\tsusa\OneDrive - Automanix\그림\PXL_20220714_125148380_2.jpg
[16:20:59.982] [T1] tiles | recycle C:\Users\tsusa\OneDrive - Automanix\그림\PXL_20220719_121308973_2.jpg
[16:20:59.982] [T1] tiles | recycle C:\Users\tsusa\OneDrive - Automanix\그림\PXL_20220726_125747369_2.jpg
[16:20:59.982] [T1] tiles | recycle C:\Users\tsusa\OneDrive - Automanix\그림\PXL_20220804_125449327_2.jpg
[16:20:59.982] [T1] tiles | recycle C:\Users\tsusa\OneDrive - Automanix\그림\PXL_20220812_121956977_2.jpg
[16:20:59.982] [T1] tiles | recycle C:\Users\tsusa\OneDrive - Automanix\그림\PXL_20220813_214558393_2.jpg
[16:20:59.982] [T1] tiles | recycle C:\Users\tsusa\OneDrive - Automanix\그림\PXL_20220817_112931072_2.jpg
[16:20:59.982] [T1] tiles | recycle C:\Users\tsusa\OneDrive - Automanix\그림\PXL_20220824_112948946_2.jpg
[16:20:59.983] [T1] tiles | recycle C:\Users\tsusa\OneDrive - Automanix\그림\PXL_20220827_001839431_2.jpg
[16:20:59.983] [T1] tiles | recycle C:\Users\tsusa\OneDrive - Automanix\그림\PXL_20220827_230734531_2.jpg
[16:20:59.983] [T1] tiles | recycle C:\Users\tsusa\OneDrive - Automanix\그림\PXL_20220831_130316984_2.jpg
[16:20:59.983] [T1] tiles | recycle C:\Users\tsusa\OneDrive - Automanix\그림\PXL_20220902_215631957_3.jpg
[16:20:59.983] [T1] tiles | recycle C:\Users\tsusa\OneDrive - Automanix\그림\PXL_20220903_010322367_2.jpg
[16:20:59.983] [T1] tiles | recycle C:\Users\tsusa\OneDrive - Automanix\그림\PXL_20220920_125143842.MOTION-02.ORIGINAL_2.jpg
[16:20:59.983] [T1] tiles | recycle C:\Users\tsusa\OneDrive - Automanix\그림\PXL_20221101_105955590_2.jpg
[16:20:59.983] [T1] tiles | recycle C:\Users\tsusa\OneDrive - Automanix\그림\PXL_20230212_024010110.jpg
[16:20:59.983] [T1] tiles | recycle C:\Users\tsusa\OneDrive - Automanix\그림\PXL_20230212_025601437_2.jpg
[16:20:59.983] [T1] tiles | recycle C:\Users\tsusa\OneDrive - Automanix\그림\PXL_20230422_230822530~2.jpg
[16:20:59.983] [T1] tiles | recycle C:\Users\tsusa\OneDrive - Automanix\그림\vlcsnap-2026-01-18-12h58m03s381.png
[16:20:59.983] [T1] tiles | recycle C:\Users\tsusa\OneDrive - Automanix\그림\vlcsnap-2026-01-19-02h04m39s483.png
[16:20:59.983] [T1] tiles | recycle C:\Users\tsusa\OneDrive - Automanix\그림\vlcsnap-2026-01-27-01h49m01s690.png
[16:20:59.983] [T1] tiles | recycle C:\Users\tsusa\OneDrive - Automanix\그림\민초로부터 온 퇴장 통보.png
[16:21:00.007] [T1] tiles | recycle C:\Users\tsusa\OneDrive - Automanix\그림\아우디 현가장치 관련 리콜.png
[16:21:00.008] [T1] tiles | recycle C:\Users\tsusa\OneDrive - Automanix\그림\오토매닉스 대표이미지.png
[16:21:00.008] [T1] tiles | recycle C:\Users\tsusa\OneDrive - Automanix\그림\오토매닉스 로고.png
[16:21:00.008] [T1] tiles | recycle C:\Users\tsusa\OneDrive - Automanix\그림\오토매닉스 로고이미지.png
[16:21:00.008] [T1] tiles | recycle C:\Users\tsusa\OneDrive - Automanix\그림\오토매닉스_약도.png
[16:21:00.008] [T1] tiles | recycle C:\Users\tsusa\OneDrive - Automanix\그림\오토매닉스_인감_배경제거.png
[16:21:00.008] [T1] tiles | recycle C:\Users\tsusa\OneDrive - Automanix\그림\코인챗 로고 long 188_79.png
[16:21:00.008] [T1] tiles | recycle C:\Users\tsusa\OneDrive - Automanix\그림\코인챗 로고 square 148_148.png
[16:21:00.009] [T1] tiles | recycle C:\Users\tsusa\OneDrive - Automanix\그림\코인챗_211012_아이폰XS_2대_중고구매.png
[16:21:00.009] [T1] tiles | recycle C:\Users\tsusa\OneDrive - Automanix\그림\코인챗_사무실.jpg
[16:21:00.009] [T1] tiles | recycle C:\Users\tsusa\OneDrive - Automanix\그림\코인챗_회의실.jpg
[16:21:00.009] [T1] tiles | recycle C:\Users\tsusa\OneDrive - Automanix\그림\포가차.jpg
[16:21:00.009] [T1] tiles | recycle C:\Users\tsusa\OneDrive - Automanix\그림\화면 캡처 2020-11-26 162745.png
[16:21:00.009] [T1] tiles | recycle C:\Users\tsusa\OneDrive - Automanix\그림\화면 캡처 2022-06-21 003453.png
[16:21:00.009] [T1] tiles | recycle C:\Users\tsusa\OneDrive - Automanix\그림\화면 캡처 2022-08-01 115837.jpg
[16:21:00.009] [T1] tiles | recycle C:\Users\tsusa\OneDrive - Automanix\그림\화면 캡처 2022-08-01 115837.png
[16:21:00.009] [T1] tiles | recycle C:\Users\tsusa\OneDrive - Automanix\그림\화면 캡처 2022-08-07 171622.png
[16:21:00.009] [T1] tiles | recycle C:\Users\tsusa\OneDrive - Automanix\그림\화면 캡처 2022-09-29 233922.png
[16:21:00.010] [T1] tiles | recycle C:\Users\tsusa\OneDrive - Automanix\그림\화면 캡처 2022-10-18 181358.png
[16:21:00.010] [T1] tiles | recycle C:\Users\tsusa\OneDrive - Automanix\그림\화면 캡처 2022-10-21 005745.png
[16:21:00.013] [T1] tiles | phase0 C:\Users\tsusa\OneDrive - Automanix\그림\240323 강가 별장
[16:21:00.016] [T1] tiles | phase0 C:\Users\tsusa\OneDrive - Automanix\그림\Feedback
[16:21:00.018] [T1] tiles | phase0 C:\Users\tsusa\OneDrive - Automanix\그림\Saved Pictures
[16:21:00.019] [T1] tiles | phase0 C:\Users\tsusa\OneDrive - Automanix\그림\Scan
[16:21:00.020] [T1] tiles | phase0 C:\Users\tsusa\OneDrive - Automanix\그림\Screenshots
[16:21:00.021] [T1] tiles | phase0 C:\Users\tsusa\OneDrive - Automanix\그림\Zwift
[16:21:00.022] [T1] tiles | phase0 C:\Users\tsusa\OneDrive - Automanix\그림\바탕화면
[16:21:00.023] [T1] tiles | phase0 C:\Users\tsusa\OneDrive - Automanix\그림\새 폴더
[16:21:00.024] [T1] tiles | phase0 C:\Users\tsusa\OneDrive - Automanix\그림\스캔
[16:21:00.025] [T1] tiles | phase0 C:\Users\tsusa\OneDrive - Automanix\그림\스크린샷
[16:21:00.026] [T1] tiles | phase0 C:\Users\tsusa\OneDrive - Automanix\그림\카메라 앨범
[16:21:00.027] [T1] tiles | phase0 C:\Users\tsusa\OneDrive - Automanix\그림\220731 강화도.mp4_005246116.jpeg
[16:21:00.028] [T1] tiles | phase0 C:\Users\tsusa\OneDrive - Automanix\그림\220731 강화도.mp4_005246116.jpg
[16:21:00.029] [T1] tiles | phase0 C:\Users\tsusa\OneDrive - Automanix\그림\220731 강화도.mp4_005246116.png
[16:21:00.030] [T1] tiles | phase0 C:\Users\tsusa\OneDrive - Automanix\그림\AMX.jpg
[16:21:00.031] [T1] tiles | phase0 C:\Users\tsusa\OneDrive - Automanix\그림\ARS-로고디자인_원본파일.png
[16:21:00.032] [T1] tiles | phase0 C:\Users\tsusa\OneDrive - Automanix\그림\DALL·E 2024-07-22 16.05.33 - Simplified version of a logo for 'Automotive Research Solution' with the main elements being 'ARS' in a bold font and a sleek, modern car silhouette. .webp
[16:21:00.033] [T1] tiles | phase0 C:\Users\tsusa\OneDrive - Automanix\그림\KakaoTalk_20200117_092011491.png
[16:21:00.034] [T1] tiles | phase0 C:\Users\tsusa\OneDrive - Automanix\그림\KakaoTalk_20240703_110337676.jpg
[16:21:00.035] [T1] tiles | phase0 C:\Users\tsusa\OneDrive - Automanix\그림\pexels-pixabay-37347.jpg
[16:21:00.039] [T1] list | phase0 C:\Users\tsusa\OneDrive - Automanix\그림\240323 강가 별장
[16:21:00.041] [T1] list | phase0 C:\Users\tsusa\OneDrive - Automanix\그림\Feedback
[16:21:00.044] [T1] list | phase0 C:\Users\tsusa\OneDrive - Automanix\그림\Saved Pictures
[16:21:00.046] [T1] list | phase0 C:\Users\tsusa\OneDrive - Automanix\그림\Scan
[16:21:00.049] [T1] list | phase0 C:\Users\tsusa\OneDrive - Automanix\그림\Screenshots
[16:21:00.052] [T1] list | phase0 C:\Users\tsusa\OneDrive - Automanix\그림\Zwift
[16:21:00.056] [T1] list | phase0 C:\Users\tsusa\OneDrive - Automanix\그림\바탕화면
[16:21:00.059] [T1] list | phase0 C:\Users\tsusa\OneDrive - Automanix\그림\새 폴더
[16:21:00.061] [T1] list | phase0 C:\Users\tsusa\OneDrive - Automanix\그림\스캔
[16:21:00.064] [T1] list | phase0 C:\Users\tsusa\OneDrive - Automanix\그림\스크린샷
[16:21:00.066] [T1] list | phase0 C:\Users\tsusa\OneDrive - Automanix\그림\카메라 앨범
[16:21:00.068] [T1] list | phase0 C:\Users\tsusa\OneDrive - Automanix\그림\220731 강화도.mp4_005246116.jpeg
[16:21:00.071] [T1] list | phase0 C:\Users\tsusa\OneDrive - Automanix\그림\220731 강화도.mp4_005246116.jpg
[16:21:00.073] [T1] list | phase0 C:\Users\tsusa\OneDrive - Automanix\그림\220731 강화도.mp4_005246116.png
[16:21:00.075] [T1] list | phase0 C:\Users\tsusa\OneDrive - Automanix\그림\AMX.jpg
[16:21:00.078] [T1] list | phase0 C:\Users\tsusa\OneDrive - Automanix\그림\ARS-로고디자인_원본파일.png
[16:21:00.080] [T1] list | phase0 C:\Users\tsusa\OneDrive - Automanix\그림\DALL·E 2024-07-22 16.05.33 - Simplified version of a logo for 'Automotive Research Solution' with the main elements being 'ARS' in a bold font and a sleek, modern car silhouette. .webp
[16:21:00.083] [T1] list | phase0 C:\Users\tsusa\OneDrive - Automanix\그림\KakaoTalk_20200117_092011491.png
[16:21:00.085] [T1] list | phase0 C:\Users\tsusa\OneDrive - Automanix\그림\KakaoTalk_20240703_110337676.jpg
[16:21:00.087] [T1] list | phase0 C:\Users\tsusa\OneDrive - Automanix\그림\pexels-pixabay-37347.jpg
[16:21:00.089] [T1] list | phase0 C:\Users\tsusa\OneDrive - Automanix\그림\pexels-polina-zimmerman-3778619.jpg
[16:21:00.092] [T1] list | phase0 C:\Users\tsusa\OneDrive - Automanix\그림\PXL_20220709_232639106_2.jpg
[16:21:00.094] [T1] list | phase0 C:\Users\tsusa\OneDrive - Automanix\그림\PXL_20220714_125035942_2.jpg
[16:21:00.097] [T1] list | phase0 C:\Users\tsusa\OneDrive - Automanix\그림\PXL_20220714_125148380_2.jpg
[16:21:00.100] [T1] list | phase0 C:\Users\tsusa\OneDrive - Automanix\그림\PXL_20220719_121308973_2.jpg
[16:21:00.103] [T1] list | phase0 C:\Users\tsusa\OneDrive - Automanix\그림\PXL_20220726_125747369_2.jpg
[16:21:00.106] [T1] list | phase0 C:\Users\tsusa\OneDrive - Automanix\그림\PXL_20220804_125449327_2.jpg
[16:21:00.109] [T1] list | phase0 C:\Users\tsusa\OneDrive - Automanix\그림\PXL_20220812_121956977_2.jpg
[16:21:00.111] [T1] list | phase0 C:\Users\tsusa\OneDrive - Automanix\그림\PXL_20220813_214558393_2.jpg
[16:21:00.113] [T1] list | phase0 C:\Users\tsusa\OneDrive - Automanix\그림\PXL_20220817_112931072_2.jpg
[16:21:00.116] [T1] list | phase0 C:\Users\tsusa\OneDrive - Automanix\그림\PXL_20220824_112948946_2.jpg
[16:21:00.202] [T1] tiles | fill cached C:\Users\tsusa\OneDrive - Automanix\그림\220731 강화도.mp4_005246116.jpeg
[16:21:00.206] [T1] tiles | fill cached C:\Users\tsusa\OneDrive - Automanix\그림\220731 강화도.mp4_005246116.jpg
[16:21:00.206] [T1] tiles | fill cached C:\Users\tsusa\OneDrive - Automanix\그림\220731 강화도.mp4_005246116.png
[16:21:00.207] [T1] tiles | fill cached C:\Users\tsusa\OneDrive - Automanix\그림\AMX.jpg
[16:21:00.208] [T1] tiles | fill cached C:\Users\tsusa\OneDrive - Automanix\그림\ARS-로고디자인_원본파일.png
[16:21:00.208] [T1] tiles | fill cached C:\Users\tsusa\OneDrive - Automanix\그림\DALL·E 2024-07-22 16.05.33 - Simplified version of a logo for 'Automotive Research Solution' with the main elements being 'ARS' in a bold font and a sleek, modern car silhouette. .webp
[16:21:00.209] [T1] tiles | fill cached C:\Users\tsusa\OneDrive - Automanix\그림\KakaoTalk_20200117_092011491.png
[16:21:00.209] [T1] tiles | fill cached C:\Users\tsusa\OneDrive - Automanix\그림\KakaoTalk_20240703_110337676.jpg
[16:21:00.210] [T1] tiles | fill cached C:\Users\tsusa\OneDrive - Automanix\그림\pexels-pixabay-37347.jpg
[16:21:00.230] [T1] list | phase0 C:\Users\tsusa\OneDrive - Automanix\그림\PXL_20220827_001839431_2.jpg
[16:21:00.233] [T1] list | phase0 C:\Users\tsusa\OneDrive - Automanix\그림\PXL_20220827_230734531_2.jpg
[16:21:00.261] [T1] list | phase0 C:\Users\tsusa\OneDrive - Automanix\그림\PXL_20220831_130316984_2.jpg
[16:21:00.264] [T1] list | phase0 C:\Users\tsusa\OneDrive - Automanix\그림\PXL_20220902_215631957_3.jpg
[16:21:00.270] [T1] list | phase0 C:\Users\tsusa\OneDrive - Automanix\그림\PXL_20220903_010322367_2.jpg
[16:21:00.323] [T1] tiles | phase0 C:\Users\tsusa\OneDrive - Automanix\그림\pexels-polina-zimmerman-3778619.jpg
[16:21:00.324] [T1] tiles | phase0 C:\Users\tsusa\OneDrive - Automanix\그림\PXL_20220709_232639106_2.jpg
[16:21:00.325] [T1] tiles | phase0 C:\Users\tsusa\OneDrive - Automanix\그림\PXL_20220714_125035942_2.jpg
[16:21:00.326] [T1] tiles | phase0 C:\Users\tsusa\OneDrive - Automanix\그림\PXL_20220714_125148380_2.jpg
[16:21:00.331] [T1] list | phase0 C:\Users\tsusa\OneDrive - Automanix\그림\PXL_20220920_125143842.MOTION-02.ORIGINAL_2.jpg
[16:21:00.339] [T1] list | phase0 C:\Users\tsusa\OneDrive - Automanix\그림\PXL_20221101_105955590_2.jpg
[16:21:00.430] [T1] tiles | cached done C:\Users\tsusa\OneDrive - Automanix\그림\KakaoTalk_20200117_092011491.png
[16:21:00.430] [T1] tiles | cached done C:\Users\tsusa\OneDrive - Automanix\그림\ARS-로고디자인_원본파일.png
[16:21:00.431] [T1] tiles | cached done C:\Users\tsusa\OneDrive - Automanix\그림\AMX.jpg
[16:21:00.431] [T1] tiles | cached done C:\Users\tsusa\OneDrive - Automanix\그림\220731 강화도.mp4_005246116.jpeg
[16:21:00.431] [T1] tiles | cached done C:\Users\tsusa\OneDrive - Automanix\그림\220731 강화도.mp4_005246116.jpg
[16:21:00.431] [T1] tiles | cached done C:\Users\tsusa\OneDrive - Automanix\그림\pexels-pixabay-37347.jpg
[16:21:00.431] [T1] tiles | cached done C:\Users\tsusa\OneDrive - Automanix\그림\220731 강화도.mp4_005246116.png
[16:21:00.431] [T1] tiles | cached done C:\Users\tsusa\OneDrive - Automanix\그림\KakaoTalk_20240703_110337676.jpg
[16:21:00.432] [T1] tiles | cached done C:\Users\tsusa\OneDrive - Automanix\그림\DALL·E 2024-07-22 16.05.33 - Simplified version of a logo for 'Automotive Research Solution' with the main elements being 'ARS' in a bold font and a sleek, modern car silhouette. .webp
[16:21:00.433] [T1] tiles | fill cached C:\Users\tsusa\OneDrive - Automanix\그림\pexels-polina-zimmerman-3778619.jpg
[16:21:00.433] [T1] tiles | fill cached C:\Users\tsusa\OneDrive - Automanix\그림\PXL_20220709_232639106_2.jpg
[16:21:00.434] [T1] tiles | fill cached C:\Users\tsusa\OneDrive - Automanix\그림\PXL_20220714_125035942_2.jpg
[16:21:00.434] [T1] tiles | fill cached C:\Users\tsusa\OneDrive - Automanix\그림\PXL_20220714_125148380_2.jpg
[16:21:00.437] [T1] list | phase0 C:\Users\tsusa\OneDrive - Automanix\그림\PXL_20230212_024010110.jpg
[16:21:00.440] [T1] list | phase0 C:\Users\tsusa\OneDrive - Automanix\그림\PXL_20230212_025601437_2.jpg
[16:21:00.442] [T1] list | phase0 C:\Users\tsusa\OneDrive - Automanix\그림\PXL_20230422_230822530~2.jpg
[16:21:00.460] [T1] list | phase0 C:\Users\tsusa\OneDrive - Automanix\그림\vlcsnap-2026-01-18-12h58m03s381.png
[16:21:00.460] [T1] detail | fetch Image C:\Users\tsusa\OneDrive - Automanix\그림\vlcsnap-2026-01-18-12h58m03s381.png
[16:21:00.463] [T1] list | phase0 C:\Users\tsusa\OneDrive - Automanix\그림\vlcsnap-2026-01-19-02h04m39s483.png
[16:21:00.463] [T1] detail | fetch Image C:\Users\tsusa\OneDrive - Automanix\그림\vlcsnap-2026-01-19-02h04m39s483.png
[16:21:00.470] [T1] tiles | cached done C:\Users\tsusa\OneDrive - Automanix\그림\pexels-polina-zimmerman-3778619.jpg
[16:21:00.472] [T1] tiles | cached done C:\Users\tsusa\OneDrive - Automanix\그림\PXL_20220714_125035942_2.jpg
[16:21:00.473] [T1] tiles | cached done C:\Users\tsusa\OneDrive - Automanix\그림\PXL_20220709_232639106_2.jpg
[16:21:00.474] [T1] tiles | cached done C:\Users\tsusa\OneDrive - Automanix\그림\PXL_20220714_125148380_2.jpg
[16:21:00.490] [T1] list | phase0 C:\Users\tsusa\OneDrive - Automanix\그림\vlcsnap-2026-01-27-01h49m01s690.png
[16:21:00.490] [T1] detail | fetch Image C:\Users\tsusa\OneDrive - Automanix\그림\vlcsnap-2026-01-27-01h49m01s690.png
[16:21:00.495] [T1] list | phase0 C:\Users\tsusa\OneDrive - Automanix\그림\민초로부터 온 퇴장 통보.png
[16:21:00.495] [T1] detail | fetch Image C:\Users\tsusa\OneDrive - Automanix\그림\민초로부터 온 퇴장 통보.png
[16:21:00.499] [T1] list | phase0 C:\Users\tsusa\OneDrive - Automanix\그림\아우디 현가장치 관련 리콜.png
[16:21:00.507] [T1] tiles | phase0 C:\Users\tsusa\OneDrive - Automanix\그림\PXL_20220719_121308973_2.jpg
[16:21:00.509] [T1] tiles | phase0 C:\Users\tsusa\OneDrive - Automanix\그림\PXL_20220726_125747369_2.jpg
[16:21:00.510] [T1] tiles | phase0 C:\Users\tsusa\OneDrive - Automanix\그림\PXL_20220804_125449327_2.jpg
[16:21:00.511] [T1] tiles | phase0 C:\Users\tsusa\OneDrive - Automanix\그림\PXL_20220812_121956977_2.jpg
[16:21:00.528] [T1] tiles | fill cached C:\Users\tsusa\OneDrive - Automanix\그림\PXL_20220719_121308973_2.jpg
[16:21:00.529] [T1] tiles | fill cached C:\Users\tsusa\OneDrive - Automanix\그림\PXL_20220726_125747369_2.jpg
[16:21:00.530] [T1] tiles | fill cached C:\Users\tsusa\OneDrive - Automanix\그림\PXL_20220804_125449327_2.jpg
[16:21:00.531] [T1] tiles | fill cached C:\Users\tsusa\OneDrive - Automanix\그림\PXL_20220812_121956977_2.jpg
[16:21:00.537] [T1] list | phase0 C:\Users\tsusa\OneDrive - Automanix\그림\오토매닉스 대표이미지.png
[16:21:00.540] [T1] list | phase0 C:\Users\tsusa\OneDrive - Automanix\그림\오토매닉스 로고.png
[16:21:00.620] [T1] list | phase0 C:\Users\tsusa\OneDrive - Automanix\그림\오토매닉스 로고이미지.png
[16:21:00.624] [T1] list | phase0 C:\Users\tsusa\OneDrive - Automanix\그림\오토매닉스_약도.png
[16:21:00.630] [T1] list | phase0 C:\Users\tsusa\OneDrive - Automanix\그림\오토매닉스_인감_배경제거.png
[16:21:00.642] [T1] tiles | cached done C:\Users\tsusa\OneDrive - Automanix\그림\PXL_20220719_121308973_2.jpg
[16:21:00.644] [T1] tiles | cached done C:\Users\tsusa\OneDrive - Automanix\그림\PXL_20220812_121956977_2.jpg
[16:21:00.645] [T1] tiles | cached done C:\Users\tsusa\OneDrive - Automanix\그림\PXL_20220804_125449327_2.jpg
[16:21:00.646] [T1] tiles | cached done C:\Users\tsusa\OneDrive - Automanix\그림\PXL_20220726_125747369_2.jpg
[16:21:00.648] [T1] tiles | phase0 C:\Users\tsusa\OneDrive - Automanix\그림\PXL_20220813_214558393_2.jpg
[16:21:00.650] [T1] tiles | phase0 C:\Users\tsusa\OneDrive - Automanix\그림\PXL_20220817_112931072_2.jpg
[16:21:00.651] [T1] tiles | phase0 C:\Users\tsusa\OneDrive - Automanix\그림\PXL_20220824_112948946_2.jpg
[16:21:00.652] [T1] tiles | phase0 C:\Users\tsusa\OneDrive - Automanix\그림\PXL_20220827_001839431_2.jpg
[16:21:00.662] [T1] tiles | fill cached C:\Users\tsusa\OneDrive - Automanix\그림\PXL_20220813_214558393_2.jpg
[16:21:00.663] [T1] tiles | fill cached C:\Users\tsusa\OneDrive - Automanix\그림\PXL_20220817_112931072_2.jpg
[16:21:00.663] [T1] tiles | fill cached C:\Users\tsusa\OneDrive - Automanix\그림\PXL_20220824_112948946_2.jpg
[16:21:00.664] [T1] tiles | fill cached C:\Users\tsusa\OneDrive - Automanix\그림\PXL_20220827_001839431_2.jpg
[16:21:00.681] [T1] list | phase0 C:\Users\tsusa\OneDrive - Automanix\그림\코인챗 로고 long 188_79.png
[16:21:00.685] [T1] list | phase0 C:\Users\tsusa\OneDrive - Automanix\그림\코인챗 로고 square 148_148.png
[16:21:00.712] [T1] list | phase0 C:\Users\tsusa\OneDrive - Automanix\그림\코인챗_211012_아이폰XS_2대_중고구매.png
[16:21:00.719] [T1] list | phase0 C:\Users\tsusa\OneDrive - Automanix\그림\코인챗_사무실.jpg
[16:21:00.727] [T1] list | phase0 C:\Users\tsusa\OneDrive - Automanix\그림\코인챗_회의실.jpg
[16:21:00.760] [T1] tiles | cached done C:\Users\tsusa\OneDrive - Automanix\그림\PXL_20220817_112931072_2.jpg
[16:21:00.761] [T1] tiles | cached done C:\Users\tsusa\OneDrive - Automanix\그림\PXL_20220824_112948946_2.jpg
[16:21:00.761] [T1] tiles | cached done C:\Users\tsusa\OneDrive - Automanix\그림\PXL_20220813_214558393_2.jpg
[16:21:00.762] [T1] tiles | cached done C:\Users\tsusa\OneDrive - Automanix\그림\PXL_20220827_001839431_2.jpg
[16:21:00.793] [T1] list | phase0 C:\Users\tsusa\OneDrive - Automanix\그림\포가차.jpg
[16:21:00.796] [T1] list | phase0 C:\Users\tsusa\OneDrive - Automanix\그림\화면 캡처 2020-11-26 162745.png
[16:21:00.817] [T1] tiles | phase0 C:\Users\tsusa\OneDrive - Automanix\그림\PXL_20220827_230734531_2.jpg
[16:21:00.818] [T1] tiles | phase0 C:\Users\tsusa\OneDrive - Automanix\그림\PXL_20220831_130316984_2.jpg
[16:21:00.819] [T1] tiles | phase0 C:\Users\tsusa\OneDrive - Automanix\그림\PXL_20220902_215631957_3.jpg
[16:21:00.820] [T1] tiles | phase0 C:\Users\tsusa\OneDrive - Automanix\그림\PXL_20220903_010322367_2.jpg
[16:21:00.826] [T1] tiles | fill cached C:\Users\tsusa\OneDrive - Automanix\그림\PXL_20220827_230734531_2.jpg
[16:21:00.827] [T1] tiles | fill cached C:\Users\tsusa\OneDrive - Automanix\그림\PXL_20220831_130316984_2.jpg
[16:21:00.827] [T1] tiles | fill cached C:\Users\tsusa\OneDrive - Automanix\그림\PXL_20220902_215631957_3.jpg
[16:21:00.828] [T1] tiles | fill cached C:\Users\tsusa\OneDrive - Automanix\그림\PXL_20220903_010322367_2.jpg
[16:21:00.831] [T1] list | phase0 C:\Users\tsusa\OneDrive - Automanix\그림\화면 캡처 2022-06-21 003453.png
[16:21:00.834] [T1] list | phase0 C:\Users\tsusa\OneDrive - Automanix\그림\화면 캡처 2022-08-01 115837.jpg
[16:21:00.837] [T1] list | phase0 C:\Users\tsusa\OneDrive - Automanix\그림\화면 캡처 2022-08-01 115837.png
[16:21:00.854] [T1] list | phase0 C:\Users\tsusa\OneDrive - Automanix\그림\화면 캡처 2022-08-07 171622.png
[16:21:00.857] [T1] list | phase0 C:\Users\tsusa\OneDrive - Automanix\그림\화면 캡처 2022-09-29 233922.png
[16:21:00.905] [T1] tiles | cached done C:\Users\tsusa\OneDrive - Automanix\그림\PXL_20220827_230734531_2.jpg
[16:21:00.906] [T1] tiles | cached done C:\Users\tsusa\OneDrive - Automanix\그림\PXL_20220903_010322367_2.jpg
[16:21:00.906] [T1] tiles | cached done C:\Users\tsusa\OneDrive - Automanix\그림\PXL_20220831_130316984_2.jpg
[16:21:00.908] [T1] tiles | cached done C:\Users\tsusa\OneDrive - Automanix\그림\PXL_20220902_215631957_3.jpg
[16:21:00.911] [T1] tiles | phase0 C:\Users\tsusa\OneDrive - Automanix\그림\PXL_20220920_125143842.MOTION-02.ORIGINAL_2.jpg
[16:21:00.912] [T1] tiles | phase0 C:\Users\tsusa\OneDrive - Automanix\그림\PXL_20221101_105955590_2.jpg
[16:21:00.914] [T1] tiles | phase0 C:\Users\tsusa\OneDrive - Automanix\그림\PXL_20230212_024010110.jpg
[16:21:00.915] [T1] tiles | phase0 C:\Users\tsusa\OneDrive - Automanix\그림\PXL_20230212_025601437_2.jpg
[16:21:00.916] [T1] tiles | fill cached C:\Users\tsusa\OneDrive - Automanix\그림\PXL_20220920_125143842.MOTION-02.ORIGINAL_2.jpg
[16:21:00.918] [T1] tiles | fill cached C:\Users\tsusa\OneDrive - Automanix\그림\PXL_20221101_105955590_2.jpg
[16:21:00.919] [T1] tiles | fill cached C:\Users\tsusa\OneDrive - Automanix\그림\PXL_20230212_024010110.jpg
[16:21:00.919] [T1] tiles | fill cached C:\Users\tsusa\OneDrive - Automanix\그림\PXL_20230212_025601437_2.jpg
[16:21:00.923] [T1] list | phase0 C:\Users\tsusa\OneDrive - Automanix\그림\화면 캡처 2022-10-18 181358.png
[16:21:00.925] [T1] list | phase0 C:\Users\tsusa\OneDrive - Automanix\그림\화면 캡처 2022-10-21 005745.png
[16:21:00.958] [T1] tiles | cached done C:\Users\tsusa\OneDrive - Automanix\그림\PXL_20221101_105955590_2.jpg
[16:21:00.960] [T1] tiles | cached done C:\Users\tsusa\OneDrive - Automanix\그림\PXL_20220920_125143842.MOTION-02.ORIGINAL_2.jpg
[16:21:00.960] [T1] tiles | cached done C:\Users\tsusa\OneDrive - Automanix\그림\PXL_20230212_024010110.jpg
[16:21:00.961] [T1] tiles | cached done C:\Users\tsusa\OneDrive - Automanix\그림\PXL_20230212_025601437_2.jpg
[16:21:00.966] [T1] tiles | phase0 C:\Users\tsusa\OneDrive - Automanix\그림\PXL_20230422_230822530~2.jpg
[16:21:00.967] [T1] tiles | phase0 C:\Users\tsusa\OneDrive - Automanix\그림\vlcsnap-2026-01-18-12h58m03s381.png
[16:21:00.968] [T1] tiles | phase0 C:\Users\tsusa\OneDrive - Automanix\그림\vlcsnap-2026-01-19-02h04m39s483.png
[16:21:00.970] [T1] tiles | phase0 C:\Users\tsusa\OneDrive - Automanix\그림\vlcsnap-2026-01-27-01h49m01s690.png
[16:21:00.971] [T1] tiles | fill cached C:\Users\tsusa\OneDrive - Automanix\그림\PXL_20230422_230822530~2.jpg
[16:21:00.973] [T1] tiles | fill shell C:\Users\tsusa\OneDrive - Automanix\그림\vlcsnap-2026-01-18-12h58m03s381.png
[16:21:00.973] [T1] tiles | fill shell C:\Users\tsusa\OneDrive - Automanix\그림\vlcsnap-2026-01-19-02h04m39s483.png
[16:21:00.973] [T1] tiles | fill shell C:\Users\tsusa\OneDrive - Automanix\그림\vlcsnap-2026-01-27-01h49m01s690.png
[16:21:00.993] [T1] tiles | cached done C:\Users\tsusa\OneDrive - Automanix\그림\PXL_20230422_230822530~2.jpg
[16:21:00.993] [T1] tiles | shell done C:\Users\tsusa\OneDrive - Automanix\그림\vlcsnap-2026-01-27-01h49m01s690.png
[16:21:00.994] [T1] tiles | shell done C:\Users\tsusa\OneDrive - Automanix\그림\vlcsnap-2026-01-19-02h04m39s483.png
[16:21:00.998] [T1] tiles | shell done C:\Users\tsusa\OneDrive - Automanix\그림\vlcsnap-2026-01-18-12h58m03s381.png
[16:21:01.002] [T1] tiles | phase0 C:\Users\tsusa\OneDrive - Automanix\그림\민초로부터 온 퇴장 통보.png
[16:21:01.006] [T1] tiles | phase0 C:\Users\tsusa\OneDrive - Automanix\그림\아우디 현가장치 관련 리콜.png
[16:21:01.007] [T1] tiles | phase0 C:\Users\tsusa\OneDrive - Automanix\그림\오토매닉스 대표이미지.png
[16:21:01.009] [T1] tiles | phase0 C:\Users\tsusa\OneDrive - Automanix\그림\오토매닉스 로고.png
[16:21:01.009] [T1] tiles | fill shell C:\Users\tsusa\OneDrive - Automanix\그림\민초로부터 온 퇴장 통보.png
[16:21:01.010] [T1] tiles | fill cached C:\Users\tsusa\OneDrive - Automanix\그림\아우디 현가장치 관련 리콜.png
[16:21:01.011] [T1] tiles | fill cached C:\Users\tsusa\OneDrive - Automanix\그림\오토매닉스 대표이미지.png
[16:21:01.012] [T1] tiles | fill cached C:\Users\tsusa\OneDrive - Automanix\그림\오토매닉스 로고.png
[16:21:01.028] [T1] tiles | cached done C:\Users\tsusa\OneDrive - Automanix\그림\오토매닉스 로고.png
[16:21:01.054] [T1] tiles | shell done C:\Users\tsusa\OneDrive - Automanix\그림\민초로부터 온 퇴장 통보.png
[16:21:01.055] [T1] tiles | cached done C:\Users\tsusa\OneDrive - Automanix\그림\아우디 현가장치 관련 리콜.png
[16:21:01.056] [T1] tiles | phase0 C:\Users\tsusa\OneDrive - Automanix\그림\오토매닉스 로고이미지.png
[16:21:01.057] [T1] tiles | phase0 C:\Users\tsusa\OneDrive - Automanix\그림\오토매닉스_약도.png
[16:21:01.059] [T1] tiles | phase0 C:\Users\tsusa\OneDrive - Automanix\그림\오토매닉스_인감_배경제거.png
[16:21:01.062] [T1] tiles | phase0 C:\Users\tsusa\OneDrive - Automanix\그림\코인챗 로고 long 188_79.png
[16:21:01.063] [T1] tiles | fill cached C:\Users\tsusa\OneDrive - Automanix\그림\오토매닉스 로고이미지.png
[16:23:10.208] [T1] trace | KOTU v0.347.0 · 2026-09-06 16:23:10 · pid 43332
[16:23:10.333] [T1] shell | ShowModule hardware path=(none)
[16:23:11.464] [T4] exc | ManagementException: 잘못된 클래스입니다.  @ at System.Management.ManagementException.ThrowWithExtendedInfo(ManagementStatus errorCode)
[16:23:11.531] [T4] exc | DllNotFoundException: Unable to load DLL 'atiadlxx.dll' or one of its dependencies: 지정된 모듈을 찾을 수 없습니다. (0x8007007E) @ at LibreHardwareMonitor.Interop.AtiAdlxx.ADL2_Main_Control_Create(ADL_Main_Memory_AllocDelegate callback, Int32 connectedAdapters, IntPtr& context)
[16:23:18.101] [T1] shell | ShowModule allreadable path=(none)
[16:23:18.116] [T1] smtc | Attach (none)
[16:23:18.131] [T1] nav | NavigateToAsync C:\Users\tsusa\OneDrive - Automanix\그림 exts=48
[16:23:18.136] [T1] tiles | ShowLoading C:\Users\tsusa\OneDrive - Automanix\그림
[16:23:18.143] [T1] nav | scan done C:\Users\tsusa\OneDrive - Automanix\그림 count=65
[16:23:18.145] [T1] nav | RefreshView C:\Users\tsusa\OneDrive - Automanix\그림 count=65
[16:23:18.149] [T1] tiles | ShowEntries C:\Users\tsusa\OneDrive - Automanix\그림 count=65
[16:23:18.166] [T1] tiles | phase0 C:\Users\tsusa\OneDrive - Automanix\그림\240323 강가 별장
[16:23:18.181] [T1] list | phase0 C:\Users\tsusa\OneDrive - Automanix\그림\240323 강가 별장
[16:23:18.193] [T1] tiles | phase0 C:\Users\tsusa\OneDrive - Automanix\그림\aaa
[16:23:18.195] [T1] tiles | phase0 C:\Users\tsusa\OneDrive - Automanix\그림\Feedback
[16:23:18.196] [T1] tiles | phase0 C:\Users\tsusa\OneDrive - Automanix\그림\Saved Pictures
[16:23:18.197] [T1] tiles | phase0 C:\Users\tsusa\OneDrive - Automanix\그림\Scan
[16:23:18.198] [T1] tiles | phase0 C:\Users\tsusa\OneDrive - Automanix\그림\Screenshots
[16:23:18.199] [T1] tiles | phase0 C:\Users\tsusa\OneDrive - Automanix\그림\Zwift
[16:23:18.201] [T1] tiles | phase0 C:\Users\tsusa\OneDrive - Automanix\그림\바탕화면
[16:23:18.202] [T1] tiles | phase0 C:\Users\tsusa\OneDrive - Automanix\그림\스캔
[16:23:18.203] [T1] tiles | phase0 C:\Users\tsusa\OneDrive - Automanix\그림\스크린샷
[16:23:18.204] [T1] tiles | phase0 C:\Users\tsusa\OneDrive - Automanix\그림\카메라 앨범
[16:23:18.205] [T1] tiles | phase0 C:\Users\tsusa\OneDrive - Automanix\그림\220731 강화도.mp4_005246116.jpeg
[16:23:18.208] [T1] tiles | phase0 C:\Users\tsusa\OneDrive - Automanix\그림\220731 강화도.mp4_005246116.jpg
[16:23:18.209] [T1] tiles | phase0 C:\Users\tsusa\OneDrive - Automanix\그림\220731 강화도.mp4_005246116.png
[16:23:18.210] [T1] tiles | phase0 C:\Users\tsusa\OneDrive - Automanix\그림\AMX.jpg
[16:23:18.211] [T1] tiles | phase0 C:\Users\tsusa\OneDrive - Automanix\그림\ARS-로고디자인_원본파일.png
[16:23:18.212] [T1] tiles | phase0 C:\Users\tsusa\OneDrive - Automanix\그림\DALL·E 2024-07-22 16.05.33 - Simplified version of a logo for 'Automotive Research Solution' with the main elements being 'ARS' in a bold font and a sleek, modern car silhouette. .webp
[16:23:18.213] [T1] tiles | phase0 C:\Users\tsusa\OneDrive - Automanix\그림\KakaoTalk_20200117_092011491.png
[16:23:18.215] [T1] tiles | phase0 C:\Users\tsusa\OneDrive - Automanix\그림\KakaoTalk_20240703_110337676.jpg
[16:23:18.216] [T1] tiles | phase0 C:\Users\tsusa\OneDrive - Automanix\그림\pexels-pixabay-37347.jpg
[16:23:18.221] [T1] list | phase0 C:\Users\tsusa\OneDrive - Automanix\그림\aaa
[16:23:18.224] [T1] list | phase0 C:\Users\tsusa\OneDrive - Automanix\그림\Feedback
[16:23:18.226] [T1] list | phase0 C:\Users\tsusa\OneDrive - Automanix\그림\Saved Pictures
[16:23:18.229] [T1] list | phase0 C:\Users\tsusa\OneDrive - Automanix\그림\Scan
[16:23:18.232] [T1] list | phase0 C:\Users\tsusa\OneDrive - Automanix\그림\Screenshots
[16:23:18.234] [T1] list | phase0 C:\Users\tsusa\OneDrive - Automanix\그림\Zwift
[16:23:18.237] [T1] list | phase0 C:\Users\tsusa\OneDrive - Automanix\그림\바탕화면
[16:23:18.239] [T1] list | phase0 C:\Users\tsusa\OneDrive - Automanix\그림\스캔
[16:23:18.242] [T1] list | phase0 C:\Users\tsusa\OneDrive - Automanix\그림\스크린샷
[16:23:18.245] [T1] list | phase0 C:\Users\tsusa\OneDrive - Automanix\그림\카메라 앨범
[16:23:18.248] [T1] list | phase0 C:\Users\tsusa\OneDrive - Automanix\그림\220731 강화도.mp4_005246116.jpeg
[16:23:18.251] [T1] list | phase0 C:\Users\tsusa\OneDrive - Automanix\그림\220731 강화도.mp4_005246116.jpg
[16:23:18.253] [T1] list | phase0 C:\Users\tsusa\OneDrive - Automanix\그림\220731 강화도.mp4_005246116.png
[16:23:18.256] [T1] list | phase0 C:\Users\tsusa\OneDrive - Automanix\그림\AMX.jpg
[16:23:18.258] [T1] list | phase0 C:\Users\tsusa\OneDrive - Automanix\그림\ARS-로고디자인_원본파일.png
[16:23:18.261] [T1] list | phase0 C:\Users\tsusa\OneDrive - Automanix\그림\DALL·E 2024-07-22 16.05.33 - Simplified version of a logo for 'Automotive Research Solution' with the main elements being 'ARS' in a bold font and a sleek, modern car silhouette. .webp
[16:23:18.263] [T1] list | phase0 C:\Users\tsusa\OneDrive - Automanix\그림\KakaoTalk_20200117_092011491.png
[16:23:18.266] [T1] list | phase0 C:\Users\tsusa\OneDrive - Automanix\그림\KakaoTalk_20240703_110337676.jpg
[16:23:18.268] [T1] list | phase0 C:\Users\tsusa\OneDrive - Automanix\그림\pexels-pixabay-37347.jpg
[16:23:18.271] [T1] list | phase0 C:\Users\tsusa\OneDrive - Automanix\그림\pexels-polina-zimmerman-3778619.jpg
[16:23:18.274] [T1] list | phase0 C:\Users\tsusa\OneDrive - Automanix\그림\PXL_20220709_232639106_2.jpg
[16:23:18.276] [T1] list | phase0 C:\Users\tsusa\OneDrive - Automanix\그림\PXL_20220714_125035942_2.jpg
[16:23:18.279] [T1] list | phase0 C:\Users\tsusa\OneDrive - Automanix\그림\PXL_20220714_125148380_2.jpg
[16:23:18.282] [T1] list | phase0 C:\Users\tsusa\OneDrive - Automanix\그림\PXL_20220719_121308973_2.jpg
[16:23:18.285] [T1] list | phase0 C:\Users\tsusa\OneDrive - Automanix\그림\PXL_20220726_125747369_2.jpg
[16:23:18.287] [T1] list | phase0 C:\Users\tsusa\OneDrive - Automanix\그림\PXL_20220804_125449327_2.jpg
[16:23:18.290] [T1] list | phase0 C:\Users\tsusa\OneDrive - Automanix\그림\PXL_20220812_121956977_2.jpg
[16:23:18.292] [T1] list | phase0 C:\Users\tsusa\OneDrive - Automanix\그림\PXL_20220813_214558393_2.jpg
[16:23:18.295] [T1] list | phase0 C:\Users\tsusa\OneDrive - Automanix\그림\PXL_20220817_112931072_2.jpg
[16:23:18.298] [T1] list | phase0 C:\Users\tsusa\OneDrive - Automanix\그림\PXL_20220824_112948946_2.jpg
[16:23:18.402] [T1] tiles | fill cached C:\Users\tsusa\OneDrive - Automanix\그림\220731 강화도.mp4_005246116.jpeg
[16:23:18.405] [T1] tiles | fill cached C:\Users\tsusa\OneDrive - Automanix\그림\220731 강화도.mp4_005246116.jpg
[16:23:18.406] [T1] tiles | fill cached C:\Users\tsusa\OneDrive - Automanix\그림\220731 강화도.mp4_005246116.png
[16:23:18.407] [T1] tiles | fill cached C:\Users\tsusa\OneDrive - Automanix\그림\AMX.jpg
[16:23:18.407] [T1] tiles | fill cached C:\Users\tsusa\OneDrive - Automanix\그림\ARS-로고디자인_원본파일.png
[16:23:18.408] [T1] tiles | fill cached C:\Users\tsusa\OneDrive - Automanix\그림\DALL·E 2024-07-22 16.05.33 - Simplified version of a logo for 'Automotive Research Solution' with the main elements being 'ARS' in a bold font and a sleek, modern car silhouette. .webp
[16:23:18.409] [T1] tiles | fill cached C:\Users\tsusa\OneDrive - Automanix\그림\KakaoTalk_20200117_092011491.png
[16:23:18.409] [T1] tiles | fill cached C:\Users\tsusa\OneDrive - Automanix\그림\KakaoTalk_20240703_110337676.jpg
[16:23:18.410] [T1] tiles | fill cached C:\Users\tsusa\OneDrive - Automanix\그림\pexels-pixabay-37347.jpg
[16:23:18.432] [T1] list | phase0 C:\Users\tsusa\OneDrive - Automanix\그림\PXL_20220827_001839431_2.jpg
[16:23:18.435] [T1] list | phase0 C:\Users\tsusa\OneDrive - Automanix\그림\PXL_20220827_230734531_2.jpg
[16:23:18.500] [T1] list | phase0 C:\Users\tsusa\OneDrive - Automanix\그림\PXL_20220831_130316984_2.jpg
[16:23:18.504] [T1] list | phase0 C:\Users\tsusa\OneDrive - Automanix\그림\PXL_20220902_215631957_3.jpg
[16:23:18.507] [T1] list | phase0 C:\Users\tsusa\OneDrive - Automanix\그림\PXL_20220903_010322367_2.jpg
[16:23:18.515] [T1] tiles | cached done C:\Users\tsusa\OneDrive - Automanix\그림\KakaoTalk_20200117_092011491.png
[16:23:18.515] [T1] tiles | cached done C:\Users\tsusa\OneDrive - Automanix\그림\ARS-로고디자인_원본파일.png
[16:23:18.516] [T1] tiles | cached done C:\Users\tsusa\OneDrive - Automanix\그림\AMX.jpg
[16:23:18.516] [T1] tiles | cached done C:\Users\tsusa\OneDrive - Automanix\그림\220731 강화도.mp4_005246116.jpeg
[16:23:18.516] [T1] tiles | cached done C:\Users\tsusa\OneDrive - Automanix\그림\220731 강화도.mp4_005246116.png
[16:23:18.516] [T1] tiles | cached done C:\Users\tsusa\OneDrive - Automanix\그림\pexels-pixabay-37347.jpg
[16:23:18.516] [T1] tiles | cached done C:\Users\tsusa\OneDrive - Automanix\그림\220731 강화도.mp4_005246116.jpg
[16:23:18.517] [T1] tiles | cached done C:\Users\tsusa\OneDrive - Automanix\그림\DALL·E 2024-07-22 16.05.33 - Simplified version of a logo for 'Automotive Research Solution' with the main elements being 'ARS' in a bold font and a sleek, modern car silhouette. .webp
[16:23:18.517] [T1] tiles | cached done C:\Users\tsusa\OneDrive - Automanix\그림\KakaoTalk_20240703_110337676.jpg
[16:23:18.529] [T1] tiles | phase0 C:\Users\tsusa\OneDrive - Automanix\그림\pexels-polina-zimmerman-3778619.jpg
[16:23:18.530] [T1] tiles | phase0 C:\Users\tsusa\OneDrive - Automanix\그림\PXL_20220709_232639106_2.jpg
[16:23:18.532] [T1] tiles | phase0 C:\Users\tsusa\OneDrive - Automanix\그림\PXL_20220714_125035942_2.jpg
[16:23:18.533] [T1] tiles | phase0 C:\Users\tsusa\OneDrive - Automanix\그림\PXL_20220714_125148380_2.jpg
[16:23:18.534] [T1] tiles | fill cached C:\Users\tsusa\OneDrive - Automanix\그림\pexels-polina-zimmerman-3778619.jpg
[16:23:18.535] [T1] tiles | fill cached C:\Users\tsusa\OneDrive - Automanix\그림\PXL_20220709_232639106_2.jpg
[16:23:18.536] [T1] tiles | fill cached C:\Users\tsusa\OneDrive - Automanix\그림\PXL_20220714_125035942_2.jpg
[16:23:18.537] [T1] tiles | fill cached C:\Users\tsusa\OneDrive - Automanix\그림\PXL_20220714_125148380_2.jpg
[16:23:18.571] [T1] list | phase0 C:\Users\tsusa\OneDrive - Automanix\그림\PXL_20220920_125143842.MOTION-02.ORIGINAL_2.jpg
[16:23:18.574] [T1] list | phase0 C:\Users\tsusa\OneDrive - Automanix\그림\PXL_20221101_105955590_2.jpg
[16:23:18.580] [T1] tiles | cached done C:\Users\tsusa\OneDrive - Automanix\그림\pexels-polina-zimmerman-3778619.jpg
[16:23:18.580] [T1] tiles | cached done C:\Users\tsusa\OneDrive - Automanix\그림\PXL_20220714_125148380_2.jpg
[16:23:18.581] [T1] tiles | cached done C:\Users\tsusa\OneDrive - Automanix\그림\PXL_20220714_125035942_2.jpg
[16:23:18.581] [T1] tiles | cached done C:\Users\tsusa\OneDrive - Automanix\그림\PXL_20220709_232639106_2.jpg
[16:23:18.607] [T1] list | phase0 C:\Users\tsusa\OneDrive - Automanix\그림\PXL_20230212_024010110.jpg
[16:23:18.610] [T1] list | phase0 C:\Users\tsusa\OneDrive - Automanix\그림\PXL_20230212_025601437_2.jpg
[16:23:18.613] [T1] list | phase0 C:\Users\tsusa\OneDrive - Automanix\그림\PXL_20230422_230822530~2.jpg
[16:23:18.636] [T1] tiles | phase0 C:\Users\tsusa\OneDrive - Automanix\그림\PXL_20220719_121308973_2.jpg
[16:23:18.637] [T1] tiles | phase0 C:\Users\tsusa\OneDrive - Automanix\그림\PXL_20220726_125747369_2.jpg
[16:23:18.639] [T1] tiles | phase0 C:\Users\tsusa\OneDrive - Automanix\그림\PXL_20220804_125449327_2.jpg
[16:23:18.640] [T1] tiles | phase0 C:\Users\tsusa\OneDrive - Automanix\그림\PXL_20220812_121956977_2.jpg
[16:23:18.647] [T1] tiles | fill cached C:\Users\tsusa\OneDrive - Automanix\그림\PXL_20220719_121308973_2.jpg
[16:23:18.648] [T1] tiles | fill cached C:\Users\tsusa\OneDrive - Automanix\그림\PXL_20220726_125747369_2.jpg
[16:23:18.648] [T1] tiles | fill cached C:\Users\tsusa\OneDrive - Automanix\그림\PXL_20220804_125449327_2.jpg
[16:23:18.649] [T1] tiles | fill cached C:\Users\tsusa\OneDrive - Automanix\그림\PXL_20220812_121956977_2.jpg
[16:23:18.652] [T1] list | phase0 C:\Users\tsusa\OneDrive - Automanix\그림\vlcsnap-2026-01-18-12h58m03s381.png
[16:23:18.652] [T1] detail | fetch Image C:\Users\tsusa\OneDrive - Automanix\그림\vlcsnap-2026-01-18-12h58m03s381.png
[16:23:18.657] [T1] list | phase0 C:\Users\tsusa\OneDrive - Automanix\그림\vlcsnap-2026-01-19-02h04m39s483.png
[16:23:18.657] [T1] detail | fetch Image C:\Users\tsusa\OneDrive - Automanix\그림\vlcsnap-2026-01-19-02h04m39s483.png
[16:23:18.684] [T1] detail | done C:\Users\tsusa\OneDrive - Automanix\그림\vlcsnap-2026-01-18-12h58m03s381.png
[16:23:18.685] [T1] detail | done C:\Users\tsusa\OneDrive - Automanix\그림\vlcsnap-2026-01-19-02h04m39s483.png
[16:23:18.687] [T1] tiles | cached done C:\Users\tsusa\OneDrive - Automanix\그림\PXL_20220719_121308973_2.jpg
[16:23:18.688] [T1] tiles | cached done C:\Users\tsusa\OneDrive - Automanix\그림\PXL_20220726_125747369_2.jpg
[16:23:18.688] [T1] tiles | cached done C:\Users\tsusa\OneDrive - Automanix\그림\PXL_20220804_125449327_2.jpg
[16:23:18.688] [T1] tiles | cached done C:\Users\tsusa\OneDrive - Automanix\그림\PXL_20220812_121956977_2.jpg
[16:23:18.692] [T1] list | phase0 C:\Users\tsusa\OneDrive - Automanix\그림\vlcsnap-2026-01-27-01h49m01s690.png
[16:23:18.692] [T1] detail | fetch Image C:\Users\tsusa\OneDrive - Automanix\그림\vlcsnap-2026-01-27-01h49m01s690.png
[16:23:18.695] [T1] list | phase0 C:\Users\tsusa\OneDrive - Automanix\그림\민초로부터 온 퇴장 통보.png
[16:23:18.695] [T1] detail | fetch Image C:\Users\tsusa\OneDrive - Automanix\그림\민초로부터 온 퇴장 통보.png
[16:23:18.698] [T1] list | phase0 C:\Users\tsusa\OneDrive - Automanix\그림\아우디 현가장치 관련 리콜.png
[16:23:18.705] [T1] detail | done C:\Users\tsusa\OneDrive - Automanix\그림\vlcsnap-2026-01-27-01h49m01s690.png
[16:23:18.728] [T1] detail | done C:\Users\tsusa\OneDrive - Automanix\그림\민초로부터 온 퇴장 통보.png
[16:23:18.731] [T1] list | phase0 C:\Users\tsusa\OneDrive - Automanix\그림\오토매닉스 대표이미지.png
[16:23:18.734] [T1] list | phase0 C:\Users\tsusa\OneDrive - Automanix\그림\오토매닉스 로고.png
[16:23:18.746] [T1] list | phase0 C:\Users\tsusa\OneDrive - Automanix\그림\오토매닉스 로고이미지.png
[16:23:18.748] [T1] list | phase0 C:\Users\tsusa\OneDrive - Automanix\그림\오토매닉스_약도.png
[16:23:18.751] [T1] list | phase0 C:\Users\tsusa\OneDrive - Automanix\그림\오토매닉스_인감_배경제거.png
[16:23:18.775] [T1] tiles | phase0 C:\Users\tsusa\OneDrive - Automanix\그림\PXL_20220813_214558393_2.jpg
[16:23:18.776] [T1] tiles | phase0 C:\Users\tsusa\OneDrive - Automanix\그림\PXL_20220817_112931072_2.jpg
[16:23:18.777] [T1] tiles | phase0 C:\Users\tsusa\OneDrive - Automanix\그림\PXL_20220824_112948946_2.jpg
[16:23:18.778] [T1] tiles | phase0 C:\Users\tsusa\OneDrive - Automanix\그림\PXL_20220827_001839431_2.jpg
[16:23:18.786] [T1] tiles | fill cached C:\Users\tsusa\OneDrive - Automanix\그림\PXL_20220813_214558393_2.jpg
[16:23:18.787] [T1] tiles | fill cached C:\Users\tsusa\OneDrive - Automanix\그림\PXL_20220817_112931072_2.jpg
[16:23:18.787] [T1] tiles | fill cached C:\Users\tsusa\OneDrive - Automanix\그림\PXL_20220824_112948946_2.jpg
[16:23:18.788] [T1] tiles | fill cached C:\Users\tsusa\OneDrive - Automanix\그림\PXL_20220827_001839431_2.jpg
[16:23:18.791] [T1] list | phase0 C:\Users\tsusa\OneDrive - Automanix\그림\코인챗 로고 long 188_79.png
[16:23:18.794] [T1] list | phase0 C:\Users\tsusa\OneDrive - Automanix\그림\코인챗 로고 square 148_148.png
[16:23:18.815] [T1] tiles | cached done C:\Users\tsusa\OneDrive - Automanix\그림\PXL_20220817_112931072_2.jpg
[16:23:18.816] [T1] tiles | cached done C:\Users\tsusa\OneDrive - Automanix\그림\PXL_20220824_112948946_2.jpg
[16:23:18.816] [T1] tiles | cached done C:\Users\tsusa\OneDrive - Automanix\그림\PXL_20220813_214558393_2.jpg
[16:23:18.822] [T1] tiles | cached done C:\Users\tsusa\OneDrive - Automanix\그림\PXL_20220827_001839431_2.jpg
[16:23:18.825] [T1] list | phase0 C:\Users\tsusa\OneDrive - Automanix\그림\코인챗_211012_아이폰XS_2대_중고구매.png
[16:23:18.828] [T1] list | phase0 C:\Users\tsusa\OneDrive - Automanix\그림\코인챗_사무실.jpg
[16:23:18.831] [T1] list | phase0 C:\Users\tsusa\OneDrive - Automanix\그림\코인챗_회의실.jpg
[16:23:18.848] [T1] tiles | phase0 C:\Users\tsusa\OneDrive - Automanix\그림\PXL_20220827_230734531_2.jpg
[16:23:18.849] [T1] tiles | phase0 C:\Users\tsusa\OneDrive - Automanix\그림\PXL_20220831_130316984_2.jpg
[16:23:18.850] [T1] tiles | phase0 C:\Users\tsusa\OneDrive - Automanix\그림\PXL_20220902_215631957_3.jpg
[16:23:18.851] [T1] tiles | phase0 C:\Users\tsusa\OneDrive - Automanix\그림\PXL_20220903_010322367_2.jpg
[16:23:18.859] [T1] tiles | fill cached C:\Users\tsusa\OneDrive - Automanix\그림\PXL_20220827_230734531_2.jpg
[16:23:18.860] [T1] tiles | fill cached C:\Users\tsusa\OneDrive - Automanix\그림\PXL_20220831_130316984_2.jpg
[16:23:18.860] [T1] tiles | fill cached C:\Users\tsusa\OneDrive - Automanix\그림\PXL_20220902_215631957_3.jpg
[16:23:18.861] [T1] tiles | fill cached C:\Users\tsusa\OneDrive - Automanix\그림\PXL_20220903_010322367_2.jpg
[16:23:18.876] [T1] tiles | cached done C:\Users\tsusa\OneDrive - Automanix\그림\PXL_20220827_230734531_2.jpg
[16:23:18.876] [T1] tiles | cached done C:\Users\tsusa\OneDrive - Automanix\그림\PXL_20220831_130316984_2.jpg
[16:23:18.885] [T1] tiles | cached done C:\Users\tsusa\OneDrive - Automanix\그림\PXL_20220903_010322367_2.jpg
[16:23:18.886] [T1] tiles | cached done C:\Users\tsusa\OneDrive - Automanix\그림\PXL_20220902_215631957_3.jpg
[16:23:18.904] [T1] list | phase0 C:\Users\tsusa\OneDrive - Automanix\그림\포가차.jpg
[16:23:18.907] [T1] list | phase0 C:\Users\tsusa\OneDrive - Automanix\그림\화면 캡처 2020-11-26 162745.png
[16:23:18.934] [T1] list | phase0 C:\Users\tsusa\OneDrive - Automanix\그림\화면 캡처 2022-06-21 003453.png
[16:23:18.937] [T1] list | phase0 C:\Users\tsusa\OneDrive - Automanix\그림\화면 캡처 2022-08-01 115837.jpg
[16:23:18.940] [T1] list | phase0 C:\Users\tsusa\OneDrive - Automanix\그림\화면 캡처 2022-08-01 115837.png
[16:23:18.971] [T1] list | phase0 C:\Users\tsusa\OneDrive - Automanix\그림\화면 캡처 2022-08-07 171622.png
[16:23:18.973] [T1] list | phase0 C:\Users\tsusa\OneDrive - Automanix\그림\화면 캡처 2022-09-29 233922.png
[16:23:19.001] [T1] list | phase0 C:\Users\tsusa\OneDrive - Automanix\그림\화면 캡처 2022-10-18 181358.png
[16:23:19.004] [T1] list | phase0 C:\Users\tsusa\OneDrive - Automanix\그림\화면 캡처 2022-10-21 005745.png
[16:23:19.121] [T1] tiles | phase0 C:\Users\tsusa\OneDrive - Automanix\그림\PXL_20220920_125143842.MOTION-02.ORIGINAL_2.jpg
[16:23:19.122] [T1] tiles | phase0 C:\Users\tsusa\OneDrive - Automanix\그림\PXL_20221101_105955590_2.jpg
[16:23:19.123] [T1] tiles | phase0 C:\Users\tsusa\OneDrive - Automanix\그림\PXL_20230212_024010110.jpg
[16:23:19.124] [T1] tiles | phase0 C:\Users\tsusa\OneDrive - Automanix\그림\PXL_20230212_025601437_2.jpg
[16:23:19.131] [T1] tiles | fill cached C:\Users\tsusa\OneDrive - Automanix\그림\PXL_20220920_125143842.MOTION-02.ORIGINAL_2.jpg
[16:23:19.132] [T1] tiles | fill cached C:\Users\tsusa\OneDrive - Automanix\그림\PXL_20221101_105955590_2.jpg
[16:23:19.133] [T1] tiles | fill cached C:\Users\tsusa\OneDrive - Automanix\그림\PXL_20230212_024010110.jpg
[16:23:19.133] [T1] tiles | fill cached C:\Users\tsusa\OneDrive - Automanix\그림\PXL_20230212_025601437_2.jpg
[16:23:19.146] [T1] tiles | cached done C:\Users\tsusa\OneDrive - Automanix\그림\PXL_20221101_105955590_2.jpg
[16:23:19.167] [T1] tiles | cached done C:\Users\tsusa\OneDrive - Automanix\그림\PXL_20230212_025601437_2.jpg
[16:23:19.167] [T1] tiles | cached done C:\Users\tsusa\OneDrive - Automanix\그림\PXL_20220920_125143842.MOTION-02.ORIGINAL_2.jpg
[16:23:19.170] [T1] tiles | cached done C:\Users\tsusa\OneDrive - Automanix\그림\PXL_20230212_024010110.jpg
[16:23:19.332] [T1] tiles | phase0 C:\Users\tsusa\OneDrive - Automanix\그림\PXL_20230422_230822530~2.jpg
[16:23:19.334] [T1] tiles | phase0 C:\Users\tsusa\OneDrive - Automanix\그림\vlcsnap-2026-01-18-12h58m03s381.png
[16:23:19.335] [T1] tiles | phase0 C:\Users\tsusa\OneDrive - Automanix\그림\vlcsnap-2026-01-19-02h04m39s483.png
[16:23:19.336] [T1] tiles | phase0 C:\Users\tsusa\OneDrive - Automanix\그림\vlcsnap-2026-01-27-01h49m01s690.png
[16:23:19.344] [T1] tiles | fill cached C:\Users\tsusa\OneDrive - Automanix\그림\PXL_20230422_230822530~2.jpg
[16:23:19.345] [T1] tiles | fill shell C:\Users\tsusa\OneDrive - Automanix\그림\vlcsnap-2026-01-18-12h58m03s381.png
[16:23:19.348] [T1] tiles | fill shell C:\Users\tsusa\OneDrive - Automanix\그림\vlcsnap-2026-01-19-02h04m39s483.png
[16:23:19.348] [T1] tiles | fill shell C:\Users\tsusa\OneDrive - Automanix\그림\vlcsnap-2026-01-27-01h49m01s690.png
[16:23:19.361] [T1] tiles | cached done C:\Users\tsusa\OneDrive - Automanix\그림\PXL_20230422_230822530~2.jpg
[16:23:19.371] [T1] tiles | shell done C:\Users\tsusa\OneDrive - Automanix\그림\vlcsnap-2026-01-27-01h49m01s690.png
[16:23:19.371] [T1] tiles | shell done C:\Users\tsusa\OneDrive - Automanix\그림\vlcsnap-2026-01-18-12h58m03s381.png
[16:23:19.372] [T1] tiles | shell done C:\Users\tsusa\OneDrive - Automanix\그림\vlcsnap-2026-01-19-02h04m39s483.png
[16:23:19.375] [T1] tiles | phase0 C:\Users\tsusa\OneDrive - Automanix\그림\민초로부터 온 퇴장 통보.png
[16:23:19.377] [T1] tiles | phase0 C:\Users\tsusa\OneDrive - Automanix\그림\아우디 현가장치 관련 리콜.png
[16:23:19.378] [T1] tiles | phase0 C:\Users\tsusa\OneDrive - Automanix\그림\오토매닉스 대표이미지.png
[16:23:19.379] [T1] tiles | phase0 C:\Users\tsusa\OneDrive - Automanix\그림\오토매닉스 로고.png
[16:23:19.380] [T1] tiles | fill shell C:\Users\tsusa\OneDrive - Automanix\그림\민초로부터 온 퇴장 통보.png
[16:23:19.380] [T1] tiles | fill cached C:\Users\tsusa\OneDrive - Automanix\그림\아우디 현가장치 관련 리콜.png
[16:23:19.381] [T1] tiles | fill cached C:\Users\tsusa\OneDrive - Automanix\그림\오토매닉스 대표이미지.png
[16:23:19.381] [T1] tiles | fill cached C:\Users\tsusa\OneDrive - Automanix\그림\오토매닉스 로고.png
[16:23:19.392] [T1] tiles | shell done C:\Users\tsusa\OneDrive - Automanix\그림\민초로부터 온 퇴장 통보.png
[16:23:19.396] [T1] tiles | cached done C:\Users\tsusa\OneDrive - Automanix\그림\오토매닉스 로고.png
[16:23:19.397] [T1] tiles | cached done C:\Users\tsusa\OneDrive - Automanix\그림\아우디 현가장치 관련 리콜.png
[16:23:19.398] [T1] tiles | cached done C:\Users\tsusa\OneDrive - Automanix\그림\오토매닉스 대표이미지.png
[16:23:19.417] [T1] tiles | phase0 C:\Users\tsusa\OneDrive - Automanix\그림\오토매닉스 로고이미지.png
[16:23:19.418] [T1] tiles | phase0 C:\Users\tsusa\OneDrive - Automanix\그림\오토매닉스_약도.png
[16:23:19.420] [T1] tiles | phase0 C:\Users\tsusa\OneDrive - Automanix\그림\오토매닉스_인감_배경제거.png
[16:23:19.421] [T1] tiles | phase0 C:\Users\tsusa\OneDrive - Automanix\그림\코인챗 로고 long 188_79.png
[16:23:19.428] [T1] tiles | fill cached C:\Users\tsusa\OneDrive - Automanix\그림\오토매닉스 로고이미지.png
[16:23:19.429] [T1] tiles | fill cached C:\Users\tsusa\OneDrive - Automanix\그림\오토매닉스_약도.png
[16:23:19.430] [T1] tiles | fill cached C:\Users\tsusa\OneDrive - Automanix\그림\오토매닉스_인감_배경제거.png
[16:23:19.430] [T1] tiles | fill cached C:\Users\tsusa\OneDrive - Automanix\그림\코인챗 로고 long 188_79.png
[16:23:19.442] [T1] tiles | cached done C:\Users\tsusa\OneDrive - Automanix\그림\오토매닉스 로고이미지.png
[16:23:19.442] [T1] tiles | cached done C:\Users\tsusa\OneDrive - Automanix\그림\오토매닉스_약도.png
[16:23:19.446] [T1] tiles | cached done C:\Users\tsusa\OneDrive - Automanix\그림\코인챗 로고 long 188_79.png
[16:23:19.446] [T1] tiles | cached done C:\Users\tsusa\OneDrive - Automanix\그림\오토매닉스_인감_배경제거.png
[16:23:19.460] [T1] tiles | phase0 C:\Users\tsusa\OneDrive - Automanix\그림\코인챗 로고 square 148_148.png
[16:23:19.461] [T1] tiles | phase0 C:\Users\tsusa\OneDrive - Automanix\그림\코인챗_211012_아이폰XS_2대_중고구매.png
[16:23:19.462] [T1] tiles | phase0 C:\Users\tsusa\OneDrive - Automanix\그림\코인챗_사무실.jpg
[16:23:19.463] [T1] tiles | phase0 C:\Users\tsusa\OneDrive - Automanix\그림\코인챗_회의실.jpg
[16:23:19.471] [T1] tiles | fill cached C:\Users\tsusa\OneDrive - Automanix\그림\코인챗 로고 square 148_148.png
[16:23:19.471] [T1] tiles | fill cached C:\Users\tsusa\OneDrive - Automanix\그림\코인챗_211012_아이폰XS_2대_중고구매.png
[16:23:19.472] [T1] tiles | fill cached C:\Users\tsusa\OneDrive - Automanix\그림\코인챗_사무실.jpg
[16:23:19.472] [T1] tiles | fill cached C:\Users\tsusa\OneDrive - Automanix\그림\코인챗_회의실.jpg
[16:23:19.483] [T1] tiles | cached done C:\Users\tsusa\OneDrive - Automanix\그림\코인챗 로고 square 148_148.png
[16:23:19.483] [T1] tiles | cached done C:\Users\tsusa\OneDrive - Automanix\그림\코인챗_211012_아이폰XS_2대_중고구매.png
[16:23:19.488] [T1] tiles | cached done C:\Users\tsusa\OneDrive - Automanix\그림\코인챗_회의실.jpg
[16:23:19.490] [T1] tiles | cached done C:\Users\tsusa\OneDrive - Automanix\그림\코인챗_사무실.jpg
[16:23:19.496] [T1] tiles | phase0 C:\Users\tsusa\OneDrive - Automanix\그림\포가차.jpg
[16:23:19.497] [T1] tiles | phase0 C:\Users\tsusa\OneDrive - Automanix\그림\화면 캡처 2020-11-26 162745.png
[16:23:19.498] [T1] tiles | phase0 C:\Users\tsusa\OneDrive - Automanix\그림\화면 캡처 2022-06-21 003453.png
[16:23:19.500] [T1] tiles | phase0 C:\Users\tsusa\OneDrive - Automanix\그림\화면 캡처 2022-08-01 115837.jpg
[16:23:19.500] [T1] tiles | fill cached C:\Users\tsusa\OneDrive - Automanix\그림\포가차.jpg
[16:23:19.501] [T1] tiles | fill cached C:\Users\tsusa\OneDrive - Automanix\그림\화면 캡처 2020-11-26 162745.png
[16:23:19.502] [T1] tiles | fill cached C:\Users\tsusa\OneDrive - Automanix\그림\화면 캡처 2022-06-21 003453.png
[16:23:19.502] [T1] tiles | fill cached C:\Users\tsusa\OneDrive - Automanix\그림\화면 캡처 2022-08-01 115837.jpg
[16:23:19.530] [T1] tiles | cached done C:\Users\tsusa\OneDrive - Automanix\그림\화면 캡처 2020-11-26 162745.png
[16:23:19.530] [T1] tiles | cached done C:\Users\tsusa\OneDrive - Automanix\그림\화면 캡처 2022-06-21 003453.png
[16:23:19.531] [T1] tiles | cached done C:\Users\tsusa\OneDrive - Automanix\그림\화면 캡처 2022-08-01 115837.jpg
[16:23:19.531] [T1] tiles | cached done C:\Users\tsusa\OneDrive - Automanix\그림\포가차.jpg
[16:23:19.538] [T1] tiles | phase0 C:\Users\tsusa\OneDrive - Automanix\그림\화면 캡처 2022-08-01 115837.png
[16:23:19.540] [T1] tiles | phase0 C:\Users\tsusa\OneDrive - Automanix\그림\화면 캡처 2022-08-07 171622.png
[16:23:19.541] [T1] tiles | phase0 C:\Users\tsusa\OneDrive - Automanix\그림\화면 캡처 2022-09-29 233922.png
[16:23:19.542] [T1] tiles | phase0 C:\Users\tsusa\OneDrive - Automanix\그림\화면 캡처 2022-10-18 181358.png
[16:23:19.550] [T1] tiles | fill cached C:\Users\tsusa\OneDrive - Automanix\그림\화면 캡처 2022-08-01 115837.png
[16:23:19.551] [T1] tiles | fill cached C:\Users\tsusa\OneDrive - Automanix\그림\화면 캡처 2022-08-07 171622.png
[16:23:19.551] [T1] tiles | fill cached C:\Users\tsusa\OneDrive - Automanix\그림\화면 캡처 2022-09-29 233922.png
[16:23:19.552] [T1] tiles | fill cached C:\Users\tsusa\OneDrive - Automanix\그림\화면 캡처 2022-10-18 181358.png
[16:23:19.565] [T1] tiles | cached done C:\Users\tsusa\OneDrive - Automanix\그림\화면 캡처 2022-08-07 171622.png
[16:23:19.565] [T1] tiles | cached done C:\Users\tsusa\OneDrive - Automanix\그림\화면 캡처 2022-08-01 115837.png
[16:23:19.570] [T1] tiles | cached done C:\Users\tsusa\OneDrive - Automanix\그림\화면 캡처 2022-10-18 181358.png
[16:23:19.571] [T1] tiles | cached done C:\Users\tsusa\OneDrive - Automanix\그림\화면 캡처 2022-09-29 233922.png
[16:23:19.575] [T1] tiles | phase0 C:\Users\tsusa\OneDrive - Automanix\그림\화면 캡처 2022-10-21 005745.png
[16:23:19.575] [T1] tiles | fill cached C:\Users\tsusa\OneDrive - Automanix\그림\화면 캡처 2022-10-21 005745.png
[16:23:19.588] [T1] tiles | cached done C:\Users\tsusa\OneDrive - Automanix\그림\화면 캡처 2022-10-21 005745.png
[16:23:21.379] [T12] exc | OperationCanceledException: The operation was canceled. @ at System.Threading.CancellationToken.ThrowOperationCanceledException()
[16:23:21.380] [T12] exc | OperationCanceledException: The operation was canceled. @ at System.Threading.SemaphoreSlim.Wait(Int32 millisecondsTimeout, CancellationToken cancellationToken)
[16:25:59.150] [T1] shell | ShowModule allreadable path=(none)
[16:25:59.159] [T1] smtc | Attach (none)
[16:25:59.159] [T1] smtc | Detach
[16:25:59.160] [T1] nav | NavigateToAsync C:\Users\tsusa\OneDrive - Automanix\그림 exts=48
[16:25:59.162] [T1] nav | scan done C:\Users\tsusa\OneDrive - Automanix\그림 count=65
[16:25:59.162] [T1] nav | RefreshView C:\Users\tsusa\OneDrive - Automanix\그림 count=65
[16:25:59.162] [T1] list | recycle C:\Users\tsusa\OneDrive - Automanix\그림\240323 강가 별장
[16:25:59.162] [T1] list | ForceFinish(recycle)
[16:25:59.163] [T1] list | recycle C:\Users\tsusa\OneDrive - Automanix\그림\aaa
[16:25:59.163] [T1] list | ForceFinish(recycle)
[16:25:59.163] [T1] list | recycle C:\Users\tsusa\OneDrive - Automanix\그림\Feedback
[16:25:59.163] [T1] list | ForceFinish(recycle)
[16:25:59.163] [T1] list | recycle C:\Users\tsusa\OneDrive - Automanix\그림\Saved Pictures
[16:25:59.163] [T1] list | ForceFinish(recycle)
[16:25:59.163] [T1] list | recycle C:\Users\tsusa\OneDrive - Automanix\그림\Scan
[16:25:59.163] [T1] list | ForceFinish(recycle)
[16:25:59.163] [T1] list | recycle C:\Users\tsusa\OneDrive - Automanix\그림\Screenshots
[16:25:59.163] [T1] list | ForceFinish(recycle)
[16:25:59.163] [T1] list | recycle C:\Users\tsusa\OneDrive - Automanix\그림\Zwift
[16:25:59.163] [T1] list | ForceFinish(recycle)
[16:25:59.163] [T1] list | recycle C:\Users\tsusa\OneDrive - Automanix\그림\바탕화면
[16:25:59.163] [T1] list | ForceFinish(recycle)
[16:25:59.163] [T1] list | recycle C:\Users\tsusa\OneDrive - Automanix\그림\스캔
[16:25:59.163] [T1] list | ForceFinish(recycle)
[16:25:59.163] [T1] list | recycle C:\Users\tsusa\OneDrive - Automanix\그림\스크린샷
[16:25:59.163] [T1] list | ForceFinish(recycle)
[16:25:59.163] [T1] list | recycle C:\Users\tsusa\OneDrive - Automanix\그림\카메라 앨범
[16:25:59.163] [T1] list | ForceFinish(recycle)
[16:25:59.164] [T1] list | recycle C:\Users\tsusa\OneDrive - Automanix\그림\220731 강화도.mp4_005246116.jpeg
[16:25:59.164] [T1] list | ForceFinish(recycle)
[16:25:59.164] [T1] list | recycle C:\Users\tsusa\OneDrive - Automanix\그림\220731 강화도.mp4_005246116.jpg
[16:25:59.164] [T1] list | ForceFinish(recycle)
[16:25:59.164] [T1] list | recycle C:\Users\tsusa\OneDrive - Automanix\그림\220731 강화도.mp4_005246116.png
[16:25:59.164] [T1] list | ForceFinish(recycle)
[16:25:59.164] [T1] list | recycle C:\Users\tsusa\OneDrive - Automanix\그림\AMX.jpg
[16:25:59.164] [T1] list | ForceFinish(recycle)
[16:25:59.164] [T1] list | recycle C:\Users\tsusa\OneDrive - Automanix\그림\ARS-로고디자인_원본파일.png
[16:25:59.164] [T1] list | ForceFinish(recycle)
[16:25:59.164] [T1] list | recycle C:\Users\tsusa\OneDrive - Automanix\그림\DALL·E 2024-07-22 16.05.33 - Simplified version of a logo for 'Automotive Research Solution' with the main elements being 'ARS' in a bold font and a sleek, modern car silhouette. .webp
[16:25:59.164] [T1] list | ForceFinish(recycle)
[16:25:59.164] [T1] list | recycle C:\Users\tsusa\OneDrive - Automanix\그림\KakaoTalk_20200117_092011491.png
[16:25:59.164] [T1] list | ForceFinish(recycle)
[16:25:59.164] [T1] list | recycle C:\Users\tsusa\OneDrive - Automanix\그림\KakaoTalk_20240703_110337676.jpg
[16:25:59.164] [T1] list | ForceFinish(recycle)
[16:25:59.164] [T1] list | recycle C:\Users\tsusa\OneDrive - Automanix\그림\pexels-pixabay-37347.jpg
[16:25:59.164] [T1] list | ForceFinish(recycle)
[16:25:59.164] [T1] list | recycle C:\Users\tsusa\OneDrive - Automanix\그림\pexels-polina-zimmerman-3778619.jpg
[16:25:59.164] [T1] list | ForceFinish(recycle)
[16:25:59.164] [T1] list | recycle C:\Users\tsusa\OneDrive - Automanix\그림\PXL_20220709_232639106_2.jpg
[16:25:59.164] [T1] list | ForceFinish(recycle)
[16:25:59.164] [T1] list | recycle C:\Users\tsusa\OneDrive - Automanix\그림\PXL_20220714_125035942_2.jpg
[16:25:59.164] [T1] list | ForceFinish(recycle)
[16:25:59.164] [T1] list | recycle C:\Users\tsusa\OneDrive - Automanix\그림\PXL_20220714_125148380_2.jpg
[16:25:59.164] [T1] list | ForceFinish(recycle)
[16:25:59.164] [T1] list | recycle C:\Users\tsusa\OneDrive - Automanix\그림\PXL_20220719_121308973_2.jpg
[16:25:59.164] [T1] list | ForceFinish(recycle)
[16:25:59.164] [T1] list | recycle C:\Users\tsusa\OneDrive - Automanix\그림\PXL_20220726_125747369_2.jpg
[16:25:59.164] [T1] list | ForceFinish(recycle)
[16:25:59.164] [T1] list | recycle C:\Users\tsusa\OneDrive - Automanix\그림\PXL_20220804_125449327_2.jpg
[16:25:59.164] [T1] list | ForceFinish(recycle)
[16:25:59.164] [T1] list | recycle C:\Users\tsusa\OneDrive - Automanix\그림\PXL_20220812_121956977_2.jpg
[16:25:59.164] [T1] list | ForceFinish(recycle)
[16:25:59.164] [T1] list | recycle C:\Users\tsusa\OneDrive - Automanix\그림\PXL_20220813_214558393_2.jpg
[16:25:59.164] [T1] list | ForceFinish(recycle)
[16:25:59.164] [T1] list | recycle C:\Users\tsusa\OneDrive - Automanix\그림\PXL_20220817_112931072_2.jpg
[16:25:59.164] [T1] list | ForceFinish(recycle)
[16:25:59.164] [T1] list | recycle C:\Users\tsusa\OneDrive - Automanix\그림\PXL_20220824_112948946_2.jpg
[16:25:59.164] [T1] list | ForceFinish(recycle)
[16:25:59.164] [T1] list | recycle C:\Users\tsusa\OneDrive - Automanix\그림\PXL_20220827_001839431_2.jpg
[16:25:59.164] [T1] list | ForceFinish(recycle)
[16:25:59.164] [T1] list | recycle C:\Users\tsusa\OneDrive - Automanix\그림\PXL_20220827_230734531_2.jpg
[16:25:59.164] [T1] list | ForceFinish(recycle)
[16:25:59.164] [T1] list | recycle C:\Users\tsusa\OneDrive - Automanix\그림\PXL_20220831_130316984_2.jpg
[16:25:59.164] [T1] list | ForceFinish(recycle)
[16:25:59.164] [T1] list | recycle C:\Users\tsusa\OneDrive - Automanix\그림\PXL_20220902_215631957_3.jpg
[16:25:59.164] [T1] list | ForceFinish(recycle)
[16:25:59.164] [T1] list | recycle C:\Users\tsusa\OneDrive - Automanix\그림\PXL_20220903_010322367_2.jpg
[16:25:59.164] [T1] list | ForceFinish(recycle)
[16:25:59.164] [T1] list | recycle C:\Users\tsusa\OneDrive - Automanix\그림\PXL_20220920_125143842.MOTION-02.ORIGINAL_2.jpg
[16:25:59.164] [T1] list | ForceFinish(recycle)
[16:25:59.164] [T1] list | recycle C:\Users\tsusa\OneDrive - Automanix\그림\PXL_20221101_105955590_2.jpg
[16:25:59.164] [T1] list | ForceFinish(recycle)
[16:25:59.164] [T1] list | recycle C:\Users\tsusa\OneDrive - Automanix\그림\PXL_20230212_024010110.jpg
[16:25:59.164] [T1] list | ForceFinish(recycle)
[16:25:59.164] [T1] list | recycle C:\Users\tsusa\OneDrive - Automanix\그림\PXL_20230212_025601437_2.jpg
[16:25:59.164] [T1] list | ForceFinish(recycle)
[16:25:59.164] [T1] list | recycle C:\Users\tsusa\OneDrive - Automanix\그림\PXL_20230422_230822530~2.jpg
[16:25:59.164] [T1] list | ForceFinish(recycle)
[16:25:59.164] [T1] list | recycle C:\Users\tsusa\OneDrive - Automanix\그림\vlcsnap-2026-01-18-12h58m03s381.png
[16:25:59.164] [T1] list | ForceFinish(recycle)
[16:25:59.164] [T1] list | recycle C:\Users\tsusa\OneDrive - Automanix\그림\vlcsnap-2026-01-19-02h04m39s483.png
[16:25:59.165] [T1] list | ForceFinish(recycle)
[16:25:59.165] [T1] list | recycle C:\Users\tsusa\OneDrive - Automanix\그림\vlcsnap-2026-01-27-01h49m01s690.png
[16:25:59.165] [T1] list | ForceFinish(recycle)
[16:25:59.165] [T1] list | recycle C:\Users\tsusa\OneDrive - Automanix\그림\민초로부터 온 퇴장 통보.png
[16:25:59.165] [T1] list | ForceFinish(recycle)
[16:25:59.165] [T1] list | recycle C:\Users\tsusa\OneDrive - Automanix\그림\아우디 현가장치 관련 리콜.png
[16:25:59.165] [T1] list | ForceFinish(recycle)
[16:25:59.165] [T1] list | recycle C:\Users\tsusa\OneDrive - Automanix\그림\오토매닉스 대표이미지.png
[16:25:59.165] [T1] list | ForceFinish(recycle)
[16:25:59.165] [T1] list | recycle C:\Users\tsusa\OneDrive - Automanix\그림\오토매닉스 로고.png
[16:25:59.165] [T1] list | ForceFinish(recycle)
[16:25:59.165] [T1] list | recycle C:\Users\tsusa\OneDrive - Automanix\그림\오토매닉스 로고이미지.png
[16:25:59.165] [T1] list | ForceFinish(recycle)
[16:25:59.165] [T1] list | recycle C:\Users\tsusa\OneDrive - Automanix\그림\오토매닉스_약도.png
[16:25:59.165] [T1] list | ForceFinish(recycle)
[16:25:59.165] [T1] list | recycle C:\Users\tsusa\OneDrive - Automanix\그림\오토매닉스_인감_배경제거.png
[16:25:59.165] [T1] list | ForceFinish(recycle)
[16:25:59.165] [T1] list | recycle C:\Users\tsusa\OneDrive - Automanix\그림\코인챗 로고 long 188_79.png
[16:25:59.165] [T1] list | ForceFinish(recycle)
[16:25:59.165] [T1] list | recycle C:\Users\tsusa\OneDrive - Automanix\그림\코인챗 로고 square 148_148.png
[16:25:59.165] [T1] list | ForceFinish(recycle)
[16:25:59.165] [T1] list | recycle C:\Users\tsusa\OneDrive - Automanix\그림\코인챗_211012_아이폰XS_2대_중고구매.png
[16:25:59.165] [T1] list | ForceFinish(recycle)
[16:25:59.165] [T1] list | recycle C:\Users\tsusa\OneDrive - Automanix\그림\코인챗_사무실.jpg
[16:25:59.165] [T1] list | ForceFinish(recycle)
[16:25:59.165] [T1] list | recycle C:\Users\tsusa\OneDrive - Automanix\그림\코인챗_회의실.jpg
[16:25:59.165] [T1] list | ForceFinish(recycle)
[16:25:59.165] [T1] list | recycle C:\Users\tsusa\OneDrive - Automanix\그림\포가차.jpg
[16:25:59.165] [T1] list | ForceFinish(recycle)
[16:25:59.165] [T1] list | recycle C:\Users\tsusa\OneDrive - Automanix\그림\화면 캡처 2020-11-26 162745.png
[16:25:59.165] [T1] list | ForceFinish(recycle)
[16:25:59.165] [T1] list | recycle C:\Users\tsusa\OneDrive - Automanix\그림\화면 캡처 2022-06-21 003453.png
[16:25:59.165] [T1] list | ForceFinish(recycle)
[16:25:59.165] [T1] list | recycle C:\Users\tsusa\OneDrive - Automanix\그림\화면 캡처 2022-08-01 115837.jpg
[16:25:59.165] [T1] list | ForceFinish(recycle)
[16:25:59.165] [T1] list | recycle C:\Users\tsusa\OneDrive - Automanix\그림\화면 캡처 2022-08-01 115837.png
[16:25:59.165] [T1] list | ForceFinish(recycle)
[16:25:59.165] [T1] list | recycle C:\Users\tsusa\OneDrive - Automanix\그림\화면 캡처 2022-08-07 171622.png
[16:25:59.165] [T1] list | ForceFinish(recycle)
[16:25:59.165] [T1] list | recycle C:\Users\tsusa\OneDrive - Automanix\그림\화면 캡처 2022-09-29 233922.png
[16:25:59.165] [T1] list | ForceFinish(recycle)
[16:25:59.165] [T1] list | recycle C:\Users\tsusa\OneDrive - Automanix\그림\화면 캡처 2022-10-18 181358.png
[16:25:59.165] [T1] list | ForceFinish(recycle)
[16:25:59.165] [T1] list | recycle C:\Users\tsusa\OneDrive - Automanix\그림\화면 캡처 2022-10-21 005745.png
[16:25:59.165] [T1] list | ForceFinish(recycle)
[16:25:59.166] [T1] tiles | ShowEntries C:\Users\tsusa\OneDrive - Automanix\그림 count=65
[16:25:59.166] [T1] tiles | recycle C:\Users\tsusa\OneDrive - Automanix\그림\240323 강가 별장
[16:25:59.166] [T1] tiles | recycle C:\Users\tsusa\OneDrive - Automanix\그림\aaa
[16:25:59.166] [T1] tiles | recycle C:\Users\tsusa\OneDrive - Automanix\그림\Feedback
[16:25:59.166] [T1] tiles | recycle C:\Users\tsusa\OneDrive - Automanix\그림\Saved Pictures
[16:25:59.166] [T1] tiles | recycle C:\Users\tsusa\OneDrive - Automanix\그림\Scan
[16:25:59.166] [T1] tiles | recycle C:\Users\tsusa\OneDrive - Automanix\그림\Screenshots
[16:25:59.167] [T1] tiles | recycle C:\Users\tsusa\OneDrive - Automanix\그림\Zwift
[16:25:59.167] [T1] tiles | recycle C:\Users\tsusa\OneDrive - Automanix\그림\바탕화면
[16:25:59.167] [T1] tiles | recycle C:\Users\tsusa\OneDrive - Automanix\그림\스캔
[16:25:59.167] [T1] tiles | recycle C:\Users\tsusa\OneDrive - Automanix\그림\스크린샷
[16:25:59.167] [T1] tiles | recycle C:\Users\tsusa\OneDrive - Automanix\그림\카메라 앨범
[16:25:59.167] [T1] tiles | recycle C:\Users\tsusa\OneDrive - Automanix\그림\220731 강화도.mp4_005246116.jpeg
[16:25:59.167] [T1] tiles | recycle C:\Users\tsusa\OneDrive - Automanix\그림\220731 강화도.mp4_005246116.jpg
[16:25:59.167] [T1] tiles | recycle C:\Users\tsusa\OneDrive - Automanix\그림\220731 강화도.mp4_005246116.png
[16:25:59.167] [T1] tiles | recycle C:\Users\tsusa\OneDrive - Automanix\그림\AMX.jpg
[16:25:59.167] [T1] tiles | recycle C:\Users\tsusa\OneDrive - Automanix\그림\ARS-로고디자인_원본파일.png
[16:25:59.167] [T1] tiles | recycle C:\Users\tsusa\OneDrive - Automanix\그림\DALL·E 2024-07-22 16.05.33 - Simplified version of a logo for 'Automotive Research Solution' with the main elements being 'ARS' in a bold font and a sleek, modern car silhouette. .webp
[16:25:59.167] [T1] tiles | recycle C:\Users\tsusa\OneDrive - Automanix\그림\KakaoTalk_20200117_092011491.png
[16:25:59.167] [T1] tiles | recycle C:\Users\tsusa\OneDrive - Automanix\그림\KakaoTalk_20240703_110337676.jpg
[16:25:59.167] [T1] tiles | recycle C:\Users\tsusa\OneDrive - Automanix\그림\pexels-pixabay-37347.jpg
[16:25:59.167] [T1] tiles | recycle C:\Users\tsusa\OneDrive - Automanix\그림\pexels-polina-zimmerman-3778619.jpg
[16:25:59.167] [T1] tiles | recycle C:\Users\tsusa\OneDrive - Automanix\그림\PXL_20220709_232639106_2.jpg
[16:25:59.167] [T1] tiles | recycle C:\Users\tsusa\OneDrive - Automanix\그림\PXL_20220714_125035942_2.jpg
[16:25:59.167] [T1] tiles | recycle C:\Users\tsusa\OneDrive - Automanix\그림\PXL_20220714_125148380_2.jpg
[16:25:59.167] [T1] tiles | recycle C:\Users\tsusa\OneDrive - Automanix\그림\PXL_20220719_121308973_2.jpg
[16:25:59.168] [T1] tiles | recycle C:\Users\tsusa\OneDrive - Automanix\그림\PXL_20220726_125747369_2.jpg
[16:25:59.168] [T1] tiles | recycle C:\Users\tsusa\OneDrive - Automanix\그림\PXL_20220804_125449327_2.jpg
[16:25:59.168] [T1] tiles | recycle C:\Users\tsusa\OneDrive - Automanix\그림\PXL_20220812_121956977_2.jpg
[16:25:59.168] [T1] tiles | recycle C:\Users\tsusa\OneDrive - Automanix\그림\PXL_20220813_214558393_2.jpg
[16:25:59.168] [T1] tiles | recycle C:\Users\tsusa\OneDrive - Automanix\그림\PXL_20220817_112931072_2.jpg
[16:25:59.168] [T1] tiles | recycle C:\Users\tsusa\OneDrive - Automanix\그림\PXL_20220824_112948946_2.jpg
[16:25:59.168] [T1] tiles | recycle C:\Users\tsusa\OneDrive - Automanix\그림\PXL_20220827_001839431_2.jpg
[16:25:59.168] [T1] tiles | recycle C:\Users\tsusa\OneDrive - Automanix\그림\PXL_20220827_230734531_2.jpg
[16:25:59.168] [T1] tiles | recycle C:\Users\tsusa\OneDrive - Automanix\그림\PXL_20220831_130316984_2.jpg
[16:25:59.169] [T1] tiles | recycle C:\Users\tsusa\OneDrive - Automanix\그림\PXL_20220902_215631957_3.jpg
[16:25:59.169] [T1] tiles | recycle C:\Users\tsusa\OneDrive - Automanix\그림\PXL_20220903_010322367_2.jpg
[16:25:59.169] [T1] tiles | recycle C:\Users\tsusa\OneDrive - Automanix\그림\PXL_20220920_125143842.MOTION-02.ORIGINAL_2.jpg
[16:25:59.169] [T1] tiles | recycle C:\Users\tsusa\OneDrive - Automanix\그림\PXL_20221101_105955590_2.jpg
[16:25:59.169] [T1] tiles | recycle C:\Users\tsusa\OneDrive - Automanix\그림\PXL_20230212_024010110.jpg
[16:25:59.169] [T1] tiles | recycle C:\Users\tsusa\OneDrive - Automanix\그림\PXL_20230212_025601437_2.jpg
[16:25:59.169] [T1] tiles | recycle C:\Users\tsusa\OneDrive - Automanix\그림\PXL_20230422_230822530~2.jpg
[16:25:59.169] [T1] tiles | recycle C:\Users\tsusa\OneDrive - Automanix\그림\vlcsnap-2026-01-18-12h58m03s381.png
[16:25:59.169] [T1] tiles | recycle C:\Users\tsusa\OneDrive - Automanix\그림\vlcsnap-2026-01-19-02h04m39s483.png
[16:25:59.169] [T1] tiles | recycle C:\Users\tsusa\OneDrive - Automanix\그림\vlcsnap-2026-01-27-01h49m01s690.png
[16:25:59.169] [T1] tiles | recycle C:\Users\tsusa\OneDrive - Automanix\그림\민초로부터 온 퇴장 통보.png
[16:25:59.169] [T1] tiles | recycle C:\Users\tsusa\OneDrive - Automanix\그림\아우디 현가장치 관련 리콜.png
[16:25:59.169] [T1] tiles | recycle C:\Users\tsusa\OneDrive - Automanix\그림\오토매닉스 대표이미지.png
[16:25:59.169] [T1] tiles | recycle C:\Users\tsusa\OneDrive - Automanix\그림\오토매닉스 로고.png
[16:25:59.169] [T1] tiles | recycle C:\Users\tsusa\OneDrive - Automanix\그림\오토매닉스 로고이미지.png
[16:25:59.169] [T1] tiles | recycle C:\Users\tsusa\OneDrive - Automanix\그림\오토매닉스_약도.png
[16:25:59.169] [T1] tiles | recycle C:\Users\tsusa\OneDrive - Automanix\그림\오토매닉스_인감_배경제거.png
[16:25:59.169] [T1] tiles | recycle C:\Users\tsusa\OneDrive - Automanix\그림\코인챗 로고 long 188_79.png
[16:25:59.170] [T1] tiles | recycle C:\Users\tsusa\OneDrive - Automanix\그림\코인챗 로고 square 148_148.png
[16:25:59.170] [T1] tiles | recycle C:\Users\tsusa\OneDrive - Automanix\그림\코인챗_211012_아이폰XS_2대_중고구매.png
[16:25:59.170] [T1] tiles | recycle C:\Users\tsusa\OneDrive - Automanix\그림\코인챗_사무실.jpg
[16:25:59.170] [T1] tiles | recycle C:\Users\tsusa\OneDrive - Automanix\그림\코인챗_회의실.jpg
[16:25:59.170] [T1] tiles | recycle C:\Users\tsusa\OneDrive - Automanix\그림\포가차.jpg
[16:25:59.170] [T1] tiles | recycle C:\Users\tsusa\OneDrive - Automanix\그림\화면 캡처 2020-11-26 162745.png
[16:25:59.170] [T1] tiles | recycle C:\Users\tsusa\OneDrive - Automanix\그림\화면 캡처 2022-06-21 003453.png
[16:25:59.170] [T1] tiles | recycle C:\Users\tsusa\OneDrive - Automanix\그림\화면 캡처 2022-08-01 115837.jpg
[16:25:59.170] [T1] tiles | recycle C:\Users\tsusa\OneDrive - Automanix\그림\화면 캡처 2022-08-01 115837.png
[16:25:59.170] [T1] tiles | recycle C:\Users\tsusa\OneDrive - Automanix\그림\화면 캡처 2022-08-07 171622.png
[16:25:59.170] [T1] tiles | recycle C:\Users\tsusa\OneDrive - Automanix\그림\화면 캡처 2022-09-29 233922.png
[16:25:59.170] [T1] tiles | recycle C:\Users\tsusa\OneDrive - Automanix\그림\화면 캡처 2022-10-18 181358.png
[16:25:59.170] [T1] tiles | recycle C:\Users\tsusa\OneDrive - Automanix\그림\화면 캡처 2022-10-21 005745.png
[16:25:59.172] [T1] tiles | phase0 C:\Users\tsusa\OneDrive - Automanix\그림\240323 강가 별장
[16:25:59.173] [T1] tiles | phase0 C:\Users\tsusa\OneDrive - Automanix\그림\aaa
[16:25:59.174] [T1] tiles | phase0 C:\Users\tsusa\OneDrive - Automanix\그림\Feedback
[16:25:59.175] [T1] tiles | phase0 C:\Users\tsusa\OneDrive - Automanix\그림\Saved Pictures
[16:25:59.176] [T1] tiles | phase0 C:\Users\tsusa\OneDrive - Automanix\그림\Scan
[16:25:59.177] [T1] tiles | phase0 C:\Users\tsusa\OneDrive - Automanix\그림\Screenshots
[16:25:59.178] [T1] tiles | phase0 C:\Users\tsusa\OneDrive - Automanix\그림\Zwift
[16:25:59.179] [T1] tiles | phase0 C:\Users\tsusa\OneDrive - Automanix\그림\바탕화면
[16:25:59.180] [T1] tiles | phase0 C:\Users\tsusa\OneDrive - Automanix\그림\스캔
[16:25:59.181] [T1] tiles | phase0 C:\Users\tsusa\OneDrive - Automanix\그림\스크린샷
[16:25:59.182] [T1] tiles | phase0 C:\Users\tsusa\OneDrive - Automanix\그림\카메라 앨범
[16:25:59.183] [T1] tiles | phase0 C:\Users\tsusa\OneDrive - Automanix\그림\220731 강화도.mp4_005246116.jpeg
[16:25:59.184] [T1] tiles | phase0 C:\Users\tsusa\OneDrive - Automanix\그림\220731 강화도.mp4_005246116.jpg
[16:25:59.185] [T1] tiles | phase0 C:\Users\tsusa\OneDrive - Automanix\그림\220731 강화도.mp4_005246116.png
[16:25:59.186] [T1] tiles | phase0 C:\Users\tsusa\OneDrive - Automanix\그림\AMX.jpg
[16:25:59.187] [T1] tiles | phase0 C:\Users\tsusa\OneDrive - Automanix\그림\ARS-로고디자인_원본파일.png
[16:25:59.188] [T1] tiles | phase0 C:\Users\tsusa\OneDrive - Automanix\그림\DALL·E 2024-07-22 16.05.33 - Simplified version of a logo for 'Automotive Research Solution' with the main elements being 'ARS' in a bold font and a sleek, modern car silhouette. .webp
[16:25:59.189] [T1] tiles | phase0 C:\Users\tsusa\OneDrive - Automanix\그림\KakaoTalk_20200117_092011491.png
[16:25:59.190] [T1] tiles | phase0 C:\Users\tsusa\OneDrive - Automanix\그림\KakaoTalk_20240703_110337676.jpg
[16:25:59.191] [T1] tiles | phase0 C:\Users\tsusa\OneDrive - Automanix\그림\pexels-pixabay-37347.jpg
[16:25:59.193] [T1] list | phase0 C:\Users\tsusa\OneDrive - Automanix\그림\240323 강가 별장
[16:25:59.195] [T1] list | phase0 C:\Users\tsusa\OneDrive - Automanix\그림\aaa
[16:25:59.197] [T1] list | phase0 C:\Users\tsusa\OneDrive - Automanix\그림\Feedback
[16:25:59.199] [T1] list | phase0 C:\Users\tsusa\OneDrive - Automanix\그림\Saved Pictures
[16:25:59.201] [T1] list | phase0 C:\Users\tsusa\OneDrive - Automanix\그림\Scan
[16:25:59.203] [T1] list | phase0 C:\Users\tsusa\OneDrive - Automanix\그림\Screenshots
[16:25:59.205] [T1] list | phase0 C:\Users\tsusa\OneDrive - Automanix\그림\Zwift
[16:25:59.207] [T1] list | phase0 C:\Users\tsusa\OneDrive - Automanix\그림\바탕화면
[16:25:59.209] [T1] list | phase0 C:\Users\tsusa\OneDrive - Automanix\그림\스캔
[16:25:59.211] [T1] list | phase0 C:\Users\tsusa\OneDrive - Automanix\그림\스크린샷
[16:25:59.213] [T1] list | phase0 C:\Users\tsusa\OneDrive - Automanix\그림\카메라 앨범
[16:25:59.215] [T1] list | phase0 C:\Users\tsusa\OneDrive - Automanix\그림\220731 강화도.mp4_005246116.jpeg
[16:25:59.217] [T1] list | phase0 C:\Users\tsusa\OneDrive - Automanix\그림\220731 강화도.mp4_005246116.jpg
[16:25:59.219] [T1] list | phase0 C:\Users\tsusa\OneDrive - Automanix\그림\220731 강화도.mp4_005246116.png
[16:25:59.221] [T1] list | phase0 C:\Users\tsusa\OneDrive - Automanix\그림\AMX.jpg
[16:25:59.223] [T1] list | phase0 C:\Users\tsusa\OneDrive - Automanix\그림\ARS-로고디자인_원본파일.png
[16:25:59.243] [T1] list | phase0 C:\Users\tsusa\OneDrive - Automanix\그림\DALL·E 2024-07-22 16.05.33 - Simplified version of a logo for 'Automotive Research Solution' with the main elements being 'ARS' in a bold font and a sleek, modern car silhouette. .webp
[16:25:59.246] [T1] list | phase0 C:\Users\tsusa\OneDrive - Automanix\그림\KakaoTalk_20200117_092011491.png
[16:25:59.248] [T1] list | phase0 C:\Users\tsusa\OneDrive - Automanix\그림\KakaoTalk_20240703_110337676.jpg
[16:25:59.250] [T1] list | phase0 C:\Users\tsusa\OneDrive - Automanix\그림\pexels-pixabay-37347.jpg
[16:25:59.252] [T1] list | phase0 C:\Users\tsusa\OneDrive - Automanix\그림\pexels-polina-zimmerman-3778619.jpg
[16:25:59.254] [T1] list | phase0 C:\Users\tsusa\OneDrive - Automanix\그림\PXL_20220709_232639106_2.jpg
[16:25:59.256] [T1] list | phase0 C:\Users\tsusa\OneDrive - Automanix\그림\PXL_20220714_125035942_2.jpg
[16:25:59.259] [T1] list | phase0 C:\Users\tsusa\OneDrive - Automanix\그림\PXL_20220714_125148380_2.jpg
[16:25:59.261] [T1] list | phase0 C:\Users\tsusa\OneDrive - Automanix\그림\PXL_20220719_121308973_2.jpg
[16:25:59.263] [T1] list | phase0 C:\Users\tsusa\OneDrive - Automanix\그림\PXL_20220726_125747369_2.jpg
[16:25:59.265] [T1] list | phase0 C:\Users\tsusa\OneDrive - Automanix\그림\PXL_20220804_125449327_2.jpg
[16:25:59.267] [T1] list | phase0 C:\Users\tsusa\OneDrive - Automanix\그림\PXL_20220812_121956977_2.jpg
[16:25:59.269] [T1] list | phase0 C:\Users\tsusa\OneDrive - Automanix\그림\PXL_20220813_214558393_2.jpg
[16:25:59.271] [T1] list | phase0 C:\Users\tsusa\OneDrive - Automanix\그림\PXL_20220817_112931072_2.jpg
[16:25:59.273] [T1] list | phase0 C:\Users\tsusa\OneDrive - Automanix\그림\PXL_20220824_112948946_2.jpg
[16:25:59.350] [T42] exc | OperationCanceledException: The operation was canceled. @ at System.Threading.CancellationToken.ThrowOperationCanceledException()
[16:25:59.350] [T42] exc | OperationCanceledException: The operation was canceled. @ at System.Threading.SemaphoreSlim.Wait(Int32 millisecondsTimeout, CancellationToken cancellationToken)
[16:25:59.358] [T1] tiles | fill cached C:\Users\tsusa\OneDrive - Automanix\그림\220731 강화도.mp4_005246116.jpeg
[16:25:59.359] [T1] tiles | fill cached C:\Users\tsusa\OneDrive - Automanix\그림\220731 강화도.mp4_005246116.jpg
[16:25:59.360] [T1] tiles | fill cached C:\Users\tsusa\OneDrive - Automanix\그림\220731 강화도.mp4_005246116.png
[16:25:59.360] [T1] tiles | fill cached C:\Users\tsusa\OneDrive - Automanix\그림\AMX.jpg
[16:25:59.361] [T1] tiles | fill cached C:\Users\tsusa\OneDrive - Automanix\그림\ARS-로고디자인_원본파일.png
[16:25:59.361] [T1] tiles | fill cached C:\Users\tsusa\OneDrive - Automanix\그림\DALL·E 2024-07-22 16.05.33 - Simplified version of a logo for 'Automotive Research Solution' with the main elements being 'ARS' in a bold font and a sleek, modern car silhouette. .webp
[16:25:59.362] [T1] tiles | fill cached C:\Users\tsusa\OneDrive - Automanix\그림\KakaoTalk_20200117_092011491.png
[16:25:59.362] [T1] tiles | fill cached C:\Users\tsusa\OneDrive - Automanix\그림\KakaoTalk_20240703_110337676.jpg
[16:25:59.363] [T1] tiles | fill cached C:\Users\tsusa\OneDrive - Automanix\그림\pexels-pixabay-37347.jpg
[16:25:59.419] [T1] tiles | phase0 C:\Users\tsusa\OneDrive - Automanix\그림\pexels-polina-zimmerman-3778619.jpg
[16:25:59.420] [T1] tiles | phase0 C:\Users\tsusa\OneDrive - Automanix\그림\PXL_20220709_232639106_2.jpg
[16:25:59.421] [T1] tiles | phase0 C:\Users\tsusa\OneDrive - Automanix\그림\PXL_20220714_125035942_2.jpg
[16:25:59.422] [T1] tiles | phase0 C:\Users\tsusa\OneDrive - Automanix\그림\PXL_20220714_125148380_2.jpg
[16:25:59.432] [T1] tiles | cached done C:\Users\tsusa\OneDrive - Automanix\그림\AMX.jpg
[16:25:59.433] [T1] tiles | cached done C:\Users\tsusa\OneDrive - Automanix\그림\ARS-로고디자인_원본파일.png
[16:25:59.433] [T1] tiles | cached done C:\Users\tsusa\OneDrive - Automanix\그림\220731 강화도.mp4_005246116.jpg
[16:25:59.433] [T1] tiles | cached done C:\Users\tsusa\OneDrive - Automanix\그림\220731 강화도.mp4_005246116.jpeg
[16:25:59.453] [T1] tiles | fill cached C:\Users\tsusa\OneDrive - Automanix\그림\pexels-polina-zimmerman-3778619.jpg
[16:25:59.454] [T1] tiles | fill cached C:\Users\tsusa\OneDrive - Automanix\그림\PXL_20220709_232639106_2.jpg
[16:25:59.455] [T1] tiles | fill cached C:\Users\tsusa\OneDrive - Automanix\그림\PXL_20220714_125035942_2.jpg
[16:25:59.456] [T1] tiles | fill cached C:\Users\tsusa\OneDrive - Automanix\그림\PXL_20220714_125148380_2.jpg
[16:25:59.462] [T1] tiles | cached done C:\Users\tsusa\OneDrive - Automanix\그림\KakaoTalk_20200117_092011491.png
[16:25:59.462] [T1] tiles | cached done C:\Users\tsusa\OneDrive - Automanix\그림\pexels-pixabay-37347.jpg
[16:25:59.462] [T1] tiles | cached done C:\Users\tsusa\OneDrive - Automanix\그림\220731 강화도.mp4_005246116.png
[16:25:59.470] [T1] tiles | cached done C:\Users\tsusa\OneDrive - Automanix\그림\DALL·E 2024-07-22 16.05.33 - Simplified version of a logo for 'Automotive Research Solution' with the main elements being 'ARS' in a bold font and a sleek, modern car silhouette. .webp
[16:25:59.470] [T1] tiles | cached done C:\Users\tsusa\OneDrive - Automanix\그림\KakaoTalk_20240703_110337676.jpg
[16:25:59.472] [T1] tiles | cached done C:\Users\tsusa\OneDrive - Automanix\그림\pexels-polina-zimmerman-3778619.jpg
[16:25:59.472] [T1] tiles | cached done C:\Users\tsusa\OneDrive - Automanix\그림\PXL_20220714_125035942_2.jpg
[16:25:59.475] [T1] list | phase0 C:\Users\tsusa\OneDrive - Automanix\그림\PXL_20220827_001839431_2.jpg
[16:25:59.478] [T1] list | phase0 C:\Users\tsusa\OneDrive - Automanix\그림\PXL_20220827_230734531_2.jpg
[16:25:59.485] [T1] tiles | cached done C:\Users\tsusa\OneDrive - Automanix\그림\PXL_20220709_232639106_2.jpg
[16:25:59.485] [T1] tiles | cached done C:\Users\tsusa\OneDrive - Automanix\그림\PXL_20220714_125148380_2.jpg
[16:25:59.500] [T1] list | phase0 C:\Users\tsusa\OneDrive - Automanix\그림\PXL_20220831_130316984_2.jpg
[16:25:59.503] [T1] list | phase0 C:\Users\tsusa\OneDrive - Automanix\그림\PXL_20220902_215631957_3.jpg
[16:25:59.506] [T1] list | phase0 C:\Users\tsusa\OneDrive - Automanix\그림\PXL_20220903_010322367_2.jpg
[16:25:59.517] [T1] tiles | phase0 C:\Users\tsusa\OneDrive - Automanix\그림\PXL_20220719_121308973_2.jpg
[16:25:59.518] [T1] tiles | phase0 C:\Users\tsusa\OneDrive - Automanix\그림\PXL_20220726_125747369_2.jpg
[16:25:59.519] [T1] tiles | phase0 C:\Users\tsusa\OneDrive - Automanix\그림\PXL_20220804_125449327_2.jpg
[16:25:59.520] [T1] tiles | phase0 C:\Users\tsusa\OneDrive - Automanix\그림\PXL_20220812_121956977_2.jpg
[16:25:59.528] [T1] tiles | fill cached C:\Users\tsusa\OneDrive - Automanix\그림\PXL_20220719_121308973_2.jpg
[16:25:59.528] [T1] tiles | fill cached C:\Users\tsusa\OneDrive - Automanix\그림\PXL_20220726_125747369_2.jpg
[16:25:59.529] [T1] tiles | fill cached C:\Users\tsusa\OneDrive - Automanix\그림\PXL_20220804_125449327_2.jpg
[16:25:59.529] [T1] tiles | fill cached C:\Users\tsusa\OneDrive - Automanix\그림\PXL_20220812_121956977_2.jpg
[16:25:59.532] [T1] list | phase0 C:\Users\tsusa\OneDrive - Automanix\그림\PXL_20220920_125143842.MOTION-02.ORIGINAL_2.jpg
[16:25:59.535] [T1] list | phase0 C:\Users\tsusa\OneDrive - Automanix\그림\PXL_20221101_105955590_2.jpg
[16:25:59.585] [T1] tiles | cached done C:\Users\tsusa\OneDrive - Automanix\그림\PXL_20220719_121308973_2.jpg
[16:25:59.585] [T1] tiles | cached done C:\Users\tsusa\OneDrive - Automanix\그림\PXL_20220726_125747369_2.jpg
[16:25:59.585] [T1] tiles | cached done C:\Users\tsusa\OneDrive - Automanix\그림\PXL_20220804_125449327_2.jpg
[16:25:59.586] [T1] tiles | cached done C:\Users\tsusa\OneDrive - Automanix\그림\PXL_20220812_121956977_2.jpg
[16:25:59.590] [T1] list | phase0 C:\Users\tsusa\OneDrive - Automanix\그림\PXL_20230212_024010110.jpg
[16:25:59.593] [T1] list | phase0 C:\Users\tsusa\OneDrive - Automanix\그림\PXL_20230212_025601437_2.jpg
[16:25:59.595] [T1] list | phase0 C:\Users\tsusa\OneDrive - Automanix\그림\PXL_20230422_230822530~2.jpg
[16:25:59.615] [T1] list | phase0 C:\Users\tsusa\OneDrive - Automanix\그림\vlcsnap-2026-01-18-12h58m03s381.png
[16:25:59.615] [T1] detail | fetch Image C:\Users\tsusa\OneDrive - Automanix\그림\vlcsnap-2026-01-18-12h58m03s381.png
[16:25:59.617] [T1] list | phase0 C:\Users\tsusa\OneDrive - Automanix\그림\vlcsnap-2026-01-19-02h04m39s483.png
[16:25:59.617] [T1] detail | fetch Image C:\Users\tsusa\OneDrive - Automanix\그림\vlcsnap-2026-01-19-02h04m39s483.png
[16:25:59.626] [T1] tiles | phase0 C:\Users\tsusa\OneDrive - Automanix\그림\PXL_20220813_214558393_2.jpg
[16:25:59.627] [T1] tiles | phase0 C:\Users\tsusa\OneDrive - Automanix\그림\PXL_20220817_112931072_2.jpg
[16:25:59.628] [T1] tiles | phase0 C:\Users\tsusa\OneDrive - Automanix\그림\PXL_20220824_112948946_2.jpg
[16:25:59.629] [T1] tiles | phase0 C:\Users\tsusa\OneDrive - Automanix\그림\PXL_20220827_001839431_2.jpg
[16:25:59.637] [T1] tiles | fill cached C:\Users\tsusa\OneDrive - Automanix\그림\PXL_20220813_214558393_2.jpg
[16:25:59.637] [T1] tiles | fill cached C:\Users\tsusa\OneDrive - Automanix\그림\PXL_20220817_112931072_2.jpg
[16:25:59.638] [T1] tiles | fill cached C:\Users\tsusa\OneDrive - Automanix\그림\PXL_20220824_112948946_2.jpg
[16:25:59.638] [T1] tiles | fill cached C:\Users\tsusa\OneDrive - Automanix\그림\PXL_20220827_001839431_2.jpg
[16:25:59.641] [T1] list | phase0 C:\Users\tsusa\OneDrive - Automanix\그림\vlcsnap-2026-01-27-01h49m01s690.png
[16:25:59.641] [T1] detail | fetch Image C:\Users\tsusa\OneDrive - Automanix\그림\vlcsnap-2026-01-27-01h49m01s690.png
[16:25:59.644] [T1] list | phase0 C:\Users\tsusa\OneDrive - Automanix\그림\민초로부터 온 퇴장 통보.png
[16:25:59.644] [T1] detail | fetch Image C:\Users\tsusa\OneDrive - Automanix\그림\민초로부터 온 퇴장 통보.png
[16:25:59.647] [T1] list | phase0 C:\Users\tsusa\OneDrive - Automanix\그림\아우디 현가장치 관련 리콜.png
[16:25:59.664] [T1] list | phase0 C:\Users\tsusa\OneDrive - Automanix\그림\오토매닉스 대표이미지.png
[16:25:59.667] [T1] list | phase0 C:\Users\tsusa\OneDrive - Automanix\그림\오토매닉스 로고.png
[16:25:59.673] [T1] tiles | cached done C:\Users\tsusa\OneDrive - Automanix\그림\PXL_20220817_112931072_2.jpg
[16:25:59.677] [T1] tiles | cached done C:\Users\tsusa\OneDrive - Automanix\그림\PXL_20220824_112948946_2.jpg
[16:25:59.677] [T1] tiles | cached done C:\Users\tsusa\OneDrive - Automanix\그림\PXL_20220813_214558393_2.jpg
[16:25:59.678] [T1] tiles | cached done C:\Users\tsusa\OneDrive - Automanix\그림\PXL_20220827_001839431_2.jpg
[16:25:59.680] [T1] tiles | phase0 C:\Users\tsusa\OneDrive - Automanix\그림\PXL_20220827_230734531_2.jpg
[16:25:59.681] [T1] tiles | phase0 C:\Users\tsusa\OneDrive - Automanix\그림\PXL_20220831_130316984_2.jpg
[16:25:59.682] [T1] tiles | phase0 C:\Users\tsusa\OneDrive - Automanix\그림\PXL_20220902_215631957_3.jpg
[16:25:59.683] [T1] tiles | phase0 C:\Users\tsusa\OneDrive - Automanix\그림\PXL_20220903_010322367_2.jpg
[16:25:59.684] [T1] tiles | fill cached C:\Users\tsusa\OneDrive - Automanix\그림\PXL_20220827_230734531_2.jpg
[16:25:59.685] [T1] tiles | fill cached C:\Users\tsusa\OneDrive - Automanix\그림\PXL_20220831_130316984_2.jpg
[16:25:59.686] [T1] tiles | fill cached C:\Users\tsusa\OneDrive - Automanix\그림\PXL_20220902_215631957_3.jpg
[16:25:59.686] [T1] tiles | fill cached C:\Users\tsusa\OneDrive - Automanix\그림\PXL_20220903_010322367_2.jpg
[16:25:59.690] [T1] list | phase0 C:\Users\tsusa\OneDrive - Automanix\그림\오토매닉스 로고이미지.png
[16:25:59.693] [T1] list | phase0 C:\Users\tsusa\OneDrive - Automanix\그림\오토매닉스_약도.png
[16:25:59.696] [T1] list | phase0 C:\Users\tsusa\OneDrive - Automanix\그림\오토매닉스_인감_배경제거.png
[16:25:59.752] [T1] tiles | cached done C:\Users\tsusa\OneDrive - Automanix\그림\PXL_20220827_230734531_2.jpg
[16:25:59.753] [T1] tiles | cached done C:\Users\tsusa\OneDrive - Automanix\그림\PXL_20220831_130316984_2.jpg
[16:25:59.754] [T1] tiles | cached done C:\Users\tsusa\OneDrive - Automanix\그림\PXL_20220902_215631957_3.jpg
[16:25:59.757] [T1] list | phase0 C:\Users\tsusa\OneDrive - Automanix\그림\코인챗 로고 long 188_79.png
[16:25:59.759] [T1] list | phase0 C:\Users\tsusa\OneDrive - Automanix\그림\코인챗 로고 square 148_148.png
[16:25:59.766] [T1] tiles | cached done C:\Users\tsusa\OneDrive - Automanix\그림\PXL_20220903_010322367_2.jpg
[16:25:59.802] [T1] list | phase0 C:\Users\tsusa\OneDrive - Automanix\그림\코인챗_211012_아이폰XS_2대_중고구매.png
[16:25:59.805] [T1] list | phase0 C:\Users\tsusa\OneDrive - Automanix\그림\코인챗_사무실.jpg
[16:25:59.807] [T1] list | phase0 C:\Users\tsusa\OneDrive - Automanix\그림\코인챗_회의실.jpg
[16:25:59.833] [T1] list | phase0 C:\Users\tsusa\OneDrive - Automanix\그림\포가차.jpg
[16:25:59.835] [T1] list | phase0 C:\Users\tsusa\OneDrive - Automanix\그림\화면 캡처 2020-11-26 162745.png
[16:25:59.863] [T1] list | phase0 C:\Users\tsusa\OneDrive - Automanix\그림\화면 캡처 2022-06-21 003453.png
[16:25:59.865] [T1] list | phase0 C:\Users\tsusa\OneDrive - Automanix\그림\화면 캡처 2022-08-01 115837.jpg
[16:25:59.867] [T1] list | phase0 C:\Users\tsusa\OneDrive - Automanix\그림\화면 캡처 2022-08-01 115837.png
[16:25:59.898] [T1] tiles | phase0 C:\Users\tsusa\OneDrive - Automanix\그림\PXL_20220920_125143842.MOTION-02.ORIGINAL_2.jpg
[16:25:59.899] [T1] tiles | phase0 C:\Users\tsusa\OneDrive - Automanix\그림\PXL_20221101_105955590_2.jpg
[16:25:59.900] [T1] tiles | phase0 C:\Users\tsusa\OneDrive - Automanix\그림\PXL_20230212_024010110.jpg
[16:25:59.901] [T1] tiles | phase0 C:\Users\tsusa\OneDrive - Automanix\그림\PXL_20230212_025601437_2.jpg
[16:25:59.909] [T1] tiles | fill cached C:\Users\tsusa\OneDrive - Automanix\그림\PXL_20220920_125143842.MOTION-02.ORIGINAL_2.jpg
[16:25:59.910] [T1] tiles | fill cached C:\Users\tsusa\OneDrive - Automanix\그림\PXL_20221101_105955590_2.jpg
[16:25:59.910] [T1] tiles | fill cached C:\Users\tsusa\OneDrive - Automanix\그림\PXL_20230212_024010110.jpg
[16:25:59.911] [T1] tiles | fill cached C:\Users\tsusa\OneDrive - Automanix\그림\PXL_20230212_025601437_2.jpg
[16:25:59.923] [T1] tiles | cached done C:\Users\tsusa\OneDrive - Automanix\그림\PXL_20221101_105955590_2.jpg
[16:25:59.925] [T1] tiles | cached done C:\Users\tsusa\OneDrive - Automanix\그림\PXL_20230212_024010110.jpg
[16:25:59.925] [T1] tiles | cached done C:\Users\tsusa\OneDrive - Automanix\그림\PXL_20220920_125143842.MOTION-02.ORIGINAL_2.jpg
[16:25:59.932] [T1] tiles | cached done C:\Users\tsusa\OneDrive - Automanix\그림\PXL_20230212_025601437_2.jpg
[16:25:59.947] [T1] list | phase0 C:\Users\tsusa\OneDrive - Automanix\그림\화면 캡처 2022-08-07 171622.png
[16:25:59.949] [T1] list | phase0 C:\Users\tsusa\OneDrive - Automanix\그림\화면 캡처 2022-09-29 233922.png
[16:25:59.965] [T1] list | phase0 C:\Users\tsusa\OneDrive - Automanix\그림\화면 캡처 2022-10-18 181358.png
[16:25:59.968] [T1] list | phase0 C:\Users\tsusa\OneDrive - Automanix\그림\화면 캡처 2022-10-21 005745.png
[16:26:00.050] [T1] tiles | phase0 C:\Users\tsusa\OneDrive - Automanix\그림\PXL_20230422_230822530~2.jpg
[16:26:00.051] [T1] tiles | phase0 C:\Users\tsusa\OneDrive - Automanix\그림\vlcsnap-2026-01-18-12h58m03s381.png
[16:26:00.052] [T1] tiles | phase0 C:\Users\tsusa\OneDrive - Automanix\그림\vlcsnap-2026-01-19-02h04m39s483.png
[16:26:00.053] [T1] tiles | phase0 C:\Users\tsusa\OneDrive - Automanix\그림\vlcsnap-2026-01-27-01h49m01s690.png
[16:26:00.061] [T1] tiles | fill cached C:\Users\tsusa\OneDrive - Automanix\그림\PXL_20230422_230822530~2.jpg
[16:26:00.062] [T1] tiles | fill shell C:\Users\tsusa\OneDrive - Automanix\그림\vlcsnap-2026-01-18-12h58m03s381.png
[16:26:00.062] [T1] tiles | fill shell C:\Users\tsusa\OneDrive - Automanix\그림\vlcsnap-2026-01-19-02h04m39s483.png
[16:26:00.062] [T1] tiles | fill shell C:\Users\tsusa\OneDrive - Automanix\그림\vlcsnap-2026-01-27-01h49m01s690.png
[16:26:00.080] [T1] tiles | shell done C:\Users\tsusa\OneDrive - Automanix\그림\vlcsnap-2026-01-27-01h49m01s690.png
[16:26:00.081] [T1] tiles | shell done C:\Users\tsusa\OneDrive - Automanix\그림\vlcsnap-2026-01-19-02h04m39s483.png
[16:26:00.081] [T1] tiles | shell done C:\Users\tsusa\OneDrive - Automanix\그림\vlcsnap-2026-01-18-12h58m03s381.png
[16:26:00.087] [T1] tiles | cached done C:\Users\tsusa\OneDrive - Automanix\그림\PXL_20230422_230822530~2.jpg
[16:26:00.152] [T1] tiles | phase0 C:\Users\tsusa\OneDrive - Automanix\그림\민초로부터 온 퇴장 통보.png
[16:26:00.153] [T1] tiles | phase0 C:\Users\tsusa\OneDrive - Automanix\그림\아우디 현가장치 관련 리콜.png
[16:26:00.154] [T1] tiles | phase0 C:\Users\tsusa\OneDrive - Automanix\그림\오토매닉스 대표이미지.png
[16:26:00.155] [T1] tiles | phase0 C:\Users\tsusa\OneDrive - Automanix\그림\오토매닉스 로고.png
[16:26:00.158] [T1] tiles | fill shell C:\Users\tsusa\OneDrive - Automanix\그림\민초로부터 온 퇴장 통보.png
[16:26:00.158] [T1] tiles | fill cached C:\Users\tsusa\OneDrive - Automanix\그림\아우디 현가장치 관련 리콜.png
[16:26:00.160] [T1] tiles | fill cached C:\Users\tsusa\OneDrive - Automanix\그림\오토매닉스 대표이미지.png
[16:26:00.161] [T1] tiles | fill cached C:\Users\tsusa\OneDrive - Automanix\그림\오토매닉스 로고.png
[16:26:00.167] [T1] tiles | shell done C:\Users\tsusa\OneDrive - Automanix\그림\민초로부터 온 퇴장 통보.png
[16:26:00.173] [T1] tiles | cached done C:\Users\tsusa\OneDrive - Automanix\그림\오토매닉스 로고.png
[16:26:00.189] [T1] tiles | cached done C:\Users\tsusa\OneDrive - Automanix\그림\아우디 현가장치 관련 리콜.png
[16:26:00.190] [T1] tiles | cached done C:\Users\tsusa\OneDrive - Automanix\그림\오토매닉스 대표이미지.png
[16:26:00.213] [T1] tiles | phase0 C:\Users\tsusa\OneDrive - Automanix\그림\오토매닉스 로고이미지.png
[16:26:00.214] [T1] tiles | phase0 C:\Users\tsusa\OneDrive - Automanix\그림\오토매닉스_약도.png
[16:26:00.215] [T1] tiles | phase0 C:\Users\tsusa\OneDrive - Automanix\그림\오토매닉스_인감_배경제거.png
[16:26:00.216] [T1] tiles | phase0 C:\Users\tsusa\OneDrive - Automanix\그림\코인챗 로고 long 188_79.png
[16:26:00.218] [T1] tiles | fill cached C:\Users\tsusa\OneDrive - Automanix\그림\오토매닉스 로고이미지.png
[16:26:00.219] [T1] tiles | fill cached C:\Users\tsusa\OneDrive - Automanix\그림\오토매닉스_약도.png
[16:26:00.219] [T1] tiles | fill cached C:\Users\tsusa\OneDrive - Automanix\그림\오토매닉스_인감_배경제거.png
[16:26:00.220] [T1] tiles | fill cached C:\Users\tsusa\OneDrive - Automanix\그림\코인챗 로고 long 188_79.png
[16:26:00.231] [T1] tiles | cached done C:\Users\tsusa\OneDrive - Automanix\그림\오토매닉스 로고이미지.png
[16:26:00.232] [T1] tiles | cached done C:\Users\tsusa\OneDrive - Automanix\그림\오토매닉스_인감_배경제거.png
[16:26:00.232] [T1] tiles | cached done C:\Users\tsusa\OneDrive - Automanix\그림\오토매닉스_약도.png
[16:26:00.233] [T1] tiles | cached done C:\Users\tsusa\OneDrive - Automanix\그림\코인챗 로고 long 188_79.png
[16:26:00.431] [T1] tiles | phase0 C:\Users\tsusa\OneDrive - Automanix\그림\코인챗 로고 square 148_148.png
[16:26:00.432] [T1] tiles | phase0 C:\Users\tsusa\OneDrive - Automanix\그림\코인챗_211012_아이폰XS_2대_중고구매.png
[16:26:00.433] [T1] tiles | phase0 C:\Users\tsusa\OneDrive - Automanix\그림\코인챗_사무실.jpg
[16:26:00.434] [T1] tiles | phase0 C:\Users\tsusa\OneDrive - Automanix\그림\코인챗_회의실.jpg
[16:26:00.443] [T1] tiles | fill cached C:\Users\tsusa\OneDrive - Automanix\그림\코인챗 로고 square 148_148.png
[16:26:00.443] [T1] tiles | fill cached C:\Users\tsusa\OneDrive - Automanix\그림\코인챗_211012_아이폰XS_2대_중고구매.png
[16:26:00.444] [T1] tiles | fill cached C:\Users\tsusa\OneDrive - Automanix\그림\코인챗_사무실.jpg
[16:26:00.444] [T1] tiles | fill cached C:\Users\tsusa\OneDrive - Automanix\그림\코인챗_회의실.jpg
[16:26:00.455] [T1] tiles | cached done C:\Users\tsusa\OneDrive - Automanix\그림\코인챗 로고 square 148_148.png
[16:26:00.456] [T1] tiles | cached done C:\Users\tsusa\OneDrive - Automanix\그림\코인챗_211012_아이폰XS_2대_중고구매.png
[16:26:00.457] [T1] tiles | cached done C:\Users\tsusa\OneDrive - Automanix\그림\코인챗_사무실.jpg
[16:26:00.458] [T1] tiles | cached done C:\Users\tsusa\OneDrive - Automanix\그림\코인챗_회의실.jpg
[16:26:00.510] [T1] tiles | phase0 C:\Users\tsusa\OneDrive - Automanix\그림\포가차.jpg
[16:26:00.511] [T1] tiles | phase0 C:\Users\tsusa\OneDrive - Automanix\그림\화면 캡처 2020-11-26 162745.png
[16:26:00.512] [T1] tiles | phase0 C:\Users\tsusa\OneDrive - Automanix\그림\화면 캡처 2022-06-21 003453.png
[16:26:00.513] [T1] tiles | phase0 C:\Users\tsusa\OneDrive - Automanix\그림\화면 캡처 2022-08-01 115837.jpg
[16:26:00.521] [T1] tiles | fill cached C:\Users\tsusa\OneDrive - Automanix\그림\포가차.jpg
[16:26:00.522] [T1] tiles | fill cached C:\Users\tsusa\OneDrive - Automanix\그림\화면 캡처 2020-11-26 162745.png
[16:26:00.522] [T1] tiles | fill cached C:\Users\tsusa\OneDrive - Automanix\그림\화면 캡처 2022-06-21 003453.png
[16:26:00.523] [T1] tiles | fill cached C:\Users\tsusa\OneDrive - Automanix\그림\화면 캡처 2022-08-01 115837.jpg
[16:26:00.533] [T1] tiles | cached done C:\Users\tsusa\OneDrive - Automanix\그림\화면 캡처 2020-11-26 162745.png
[16:26:00.537] [T1] tiles | cached done C:\Users\tsusa\OneDrive - Automanix\그림\화면 캡처 2022-06-21 003453.png
[16:26:00.538] [T1] tiles | cached done C:\Users\tsusa\OneDrive - Automanix\그림\포가차.jpg
[16:26:00.539] [T1] tiles | cached done C:\Users\tsusa\OneDrive - Automanix\그림\화면 캡처 2022-08-01 115837.jpg
[16:26:00.553] [T1] tiles | phase0 C:\Users\tsusa\OneDrive - Automanix\그림\화면 캡처 2022-08-01 115837.png
[16:26:00.554] [T1] tiles | phase0 C:\Users\tsusa\OneDrive - Automanix\그림\화면 캡처 2022-08-07 171622.png
[16:26:00.555] [T1] tiles | phase0 C:\Users\tsusa\OneDrive - Automanix\그림\화면 캡처 2022-09-29 233922.png
[16:26:00.556] [T1] tiles | phase0 C:\Users\tsusa\OneDrive - Automanix\그림\화면 캡처 2022-10-18 181358.png
[16:26:00.564] [T1] tiles | fill cached C:\Users\tsusa\OneDrive - Automanix\그림\화면 캡처 2022-08-01 115837.png
[16:26:00.564] [T1] tiles | fill cached C:\Users\tsusa\OneDrive - Automanix\그림\화면 캡처 2022-08-07 171622.png
[16:26:00.565] [T1] tiles | fill cached C:\Users\tsusa\OneDrive - Automanix\그림\화면 캡처 2022-09-29 233922.png
[16:26:00.566] [T1] tiles | fill cached C:\Users\tsusa\OneDrive - Automanix\그림\화면 캡처 2022-10-18 181358.png
[16:26:00.579] [T1] tiles | cached done C:\Users\tsusa\OneDrive - Automanix\그림\화면 캡처 2022-09-29 233922.png
[16:26:00.579] [T1] tiles | cached done C:\Users\tsusa\OneDrive - Automanix\그림\화면 캡처 2022-08-07 171622.png
[16:26:00.580] [T1] tiles | cached done C:\Users\tsusa\OneDrive - Automanix\그림\화면 캡처 2022-08-01 115837.png
[16:26:00.584] [T1] tiles | cached done C:\Users\tsusa\OneDrive - Automanix\그림\화면 캡처 2022-10-18 181358.png
[16:26:00.589] [T1] tiles | phase0 C:\Users\tsusa\OneDrive - Automanix\그림\화면 캡처 2022-10-21 005745.png
[16:26:00.590] [T1] tiles | fill cached C:\Users\tsusa\OneDrive - Automanix\그림\화면 캡처 2022-10-21 005745.png
[16:26:00.602] [T1] tiles | cached done C:\Users\tsusa\OneDrive - Automanix\그림\화면 캡처 2022-10-21 005745.png
[16:26:15.442] [T1] nav | NavigateToAsync C:\Users\tsusa\OneDrive - Automanix\그림\aaa exts=48
[16:26:15.442] [T1] list | recycle C:\Users\tsusa\OneDrive - Automanix\그림\240323 강가 별장
[16:26:15.442] [T1] list | ForceFinish(recycle)
[16:26:15.442] [T1] list | recycle C:\Users\tsusa\OneDrive - Automanix\그림\aaa
[16:26:15.442] [T1] list | ForceFinish(recycle)
[16:26:15.442] [T1] list | recycle C:\Users\tsusa\OneDrive - Automanix\그림\Feedback
[16:26:15.442] [T1] list | ForceFinish(recycle)
[16:26:15.442] [T1] list | recycle C:\Users\tsusa\OneDrive - Automanix\그림\Saved Pictures
[16:26:15.442] [T1] list | ForceFinish(recycle)
[16:26:15.442] [T1] list | recycle C:\Users\tsusa\OneDrive - Automanix\그림\Scan
[16:26:15.442] [T1] list | ForceFinish(recycle)
[16:26:15.442] [T1] list | recycle C:\Users\tsusa\OneDrive - Automanix\그림\Screenshots
[16:26:15.442] [T1] list | ForceFinish(recycle)
[16:26:15.442] [T1] list | recycle C:\Users\tsusa\OneDrive - Automanix\그림\Zwift
[16:26:15.442] [T1] list | ForceFinish(recycle)
[16:26:15.442] [T1] list | recycle C:\Users\tsusa\OneDrive - Automanix\그림\바탕화면
[16:26:15.442] [T1] list | ForceFinish(recycle)
[16:26:15.442] [T1] list | recycle C:\Users\tsusa\OneDrive - Automanix\그림\스캔
[16:26:15.442] [T1] list | ForceFinish(recycle)
[16:26:15.442] [T1] list | recycle C:\Users\tsusa\OneDrive - Automanix\그림\스크린샷
[16:26:15.442] [T1] list | ForceFinish(recycle)
[16:26:15.442] [T1] list | recycle C:\Users\tsusa\OneDrive - Automanix\그림\카메라 앨범
[16:26:15.442] [T1] list | ForceFinish(recycle)
[16:26:15.442] [T1] list | recycle C:\Users\tsusa\OneDrive - Automanix\그림\220731 강화도.mp4_005246116.jpeg
[16:26:15.442] [T1] list | ForceFinish(recycle)
[16:26:15.442] [T1] list | recycle C:\Users\tsusa\OneDrive - Automanix\그림\220731 강화도.mp4_005246116.jpg
[16:26:15.442] [T1] list | ForceFinish(recycle)
[16:26:15.442] [T1] list | recycle C:\Users\tsusa\OneDrive - Automanix\그림\220731 강화도.mp4_005246116.png
[16:26:15.442] [T1] list | ForceFinish(recycle)
[16:26:15.442] [T1] list | recycle C:\Users\tsusa\OneDrive - Automanix\그림\AMX.jpg
[16:26:15.442] [T1] list | ForceFinish(recycle)
[16:26:15.442] [T1] list | recycle C:\Users\tsusa\OneDrive - Automanix\그림\ARS-로고디자인_원본파일.png
[16:26:15.442] [T1] list | ForceFinish(recycle)
[16:26:15.442] [T1] list | recycle C:\Users\tsusa\OneDrive - Automanix\그림\DALL·E 2024-07-22 16.05.33 - Simplified version of a logo for 'Automotive Research Solution' with the main elements being 'ARS' in a bold font and a sleek, modern car silhouette. .webp
[16:26:15.443] [T1] list | ForceFinish(recycle)
[16:26:15.443] [T1] list | recycle C:\Users\tsusa\OneDrive - Automanix\그림\KakaoTalk_20200117_092011491.png
[16:26:15.443] [T1] list | ForceFinish(recycle)
[16:26:15.443] [T1] list | recycle C:\Users\tsusa\OneDrive - Automanix\그림\KakaoTalk_20240703_110337676.jpg
[16:26:15.443] [T1] list | ForceFinish(recycle)
[16:26:15.443] [T1] list | recycle C:\Users\tsusa\OneDrive - Automanix\그림\pexels-pixabay-37347.jpg
[16:26:15.443] [T1] list | ForceFinish(recycle)
[16:26:15.443] [T1] list | recycle C:\Users\tsusa\OneDrive - Automanix\그림\pexels-polina-zimmerman-3778619.jpg
[16:26:15.443] [T1] list | ForceFinish(recycle)
[16:26:15.443] [T1] list | recycle C:\Users\tsusa\OneDrive - Automanix\그림\PXL_20220709_232639106_2.jpg
[16:26:15.443] [T1] list | ForceFinish(recycle)
[16:26:15.443] [T1] list | recycle C:\Users\tsusa\OneDrive - Automanix\그림\PXL_20220714_125035942_2.jpg
[16:26:15.443] [T1] list | ForceFinish(recycle)
[16:26:15.443] [T1] list | recycle C:\Users\tsusa\OneDrive - Automanix\그림\PXL_20220714_125148380_2.jpg
[16:26:15.443] [T1] list | ForceFinish(recycle)
[16:26:15.443] [T1] list | recycle C:\Users\tsusa\OneDrive - Automanix\그림\PXL_20220719_121308973_2.jpg
[16:26:15.443] [T1] list | ForceFinish(recycle)
[16:26:15.443] [T1] list | recycle C:\Users\tsusa\OneDrive - Automanix\그림\PXL_20220726_125747369_2.jpg
[16:26:15.443] [T1] list | ForceFinish(recycle)
[16:26:15.443] [T1] list | recycle C:\Users\tsusa\OneDrive - Automanix\그림\PXL_20220804_125449327_2.jpg
[16:26:15.443] [T1] list | ForceFinish(recycle)
[16:26:15.443] [T1] list | recycle C:\Users\tsusa\OneDrive - Automanix\그림\PXL_20220812_121956977_2.jpg
[16:26:15.443] [T1] list | ForceFinish(recycle)
[16:26:15.443] [T1] list | recycle C:\Users\tsusa\OneDrive - Automanix\그림\PXL_20220813_214558393_2.jpg
[16:26:15.443] [T1] list | ForceFinish(recycle)
[16:26:15.443] [T1] list | recycle C:\Users\tsusa\OneDrive - Automanix\그림\PXL_20220817_112931072_2.jpg
[16:26:15.443] [T1] list | ForceFinish(recycle)
[16:26:15.443] [T1] list | recycle C:\Users\tsusa\OneDrive - Automanix\그림\PXL_20220824_112948946_2.jpg
[16:26:15.443] [T1] list | ForceFinish(recycle)
[16:26:15.443] [T1] list | recycle C:\Users\tsusa\OneDrive - Automanix\그림\PXL_20220827_001839431_2.jpg
[16:26:15.443] [T1] list | ForceFinish(recycle)
[16:26:15.443] [T1] list | recycle C:\Users\tsusa\OneDrive - Automanix\그림\PXL_20220827_230734531_2.jpg
[16:26:15.443] [T1] list | ForceFinish(recycle)
[16:26:15.459] [T1] list | recycle C:\Users\tsusa\OneDrive - Automanix\그림\PXL_20220831_130316984_2.jpg
[16:26:15.459] [T1] list | ForceFinish(recycle)
[16:26:15.459] [T1] list | recycle C:\Users\tsusa\OneDrive - Automanix\그림\PXL_20220902_215631957_3.jpg
[16:26:15.459] [T1] list | ForceFinish(recycle)
[16:26:15.459] [T1] list | recycle C:\Users\tsusa\OneDrive - Automanix\그림\PXL_20220903_010322367_2.jpg
[16:26:15.459] [T1] list | ForceFinish(recycle)
[16:26:15.459] [T1] list | recycle C:\Users\tsusa\OneDrive - Automanix\그림\PXL_20220920_125143842.MOTION-02.ORIGINAL_2.jpg
[16:26:15.459] [T1] list | ForceFinish(recycle)
[16:26:15.459] [T1] list | recycle C:\Users\tsusa\OneDrive - Automanix\그림\PXL_20221101_105955590_2.jpg
[16:26:15.459] [T1] list | ForceFinish(recycle)
[16:26:15.459] [T1] list | recycle C:\Users\tsusa\OneDrive - Automanix\그림\PXL_20230212_024010110.jpg
[16:26:15.459] [T1] list | ForceFinish(recycle)
[16:26:15.459] [T1] list | recycle C:\Users\tsusa\OneDrive - Automanix\그림\PXL_20230212_025601437_2.jpg
[16:26:15.459] [T1] list | ForceFinish(recycle)
[16:26:15.459] [T1] list | recycle C:\Users\tsusa\OneDrive - Automanix\그림\PXL_20230422_230822530~2.jpg
[16:26:15.459] [T1] list | ForceFinish(recycle)
[16:26:15.459] [T1] list | recycle C:\Users\tsusa\OneDrive - Automanix\그림\vlcsnap-2026-01-18-12h58m03s381.png
[16:26:15.459] [T1] list | ForceFinish(recycle)
[16:26:15.459] [T1] list | recycle C:\Users\tsusa\OneDrive - Automanix\그림\vlcsnap-2026-01-19-02h04m39s483.png
[16:26:15.459] [T1] list | ForceFinish(recycle)
[16:26:15.459] [T1] list | recycle C:\Users\tsusa\OneDrive - Automanix\그림\vlcsnap-2026-01-27-01h49m01s690.png
[16:26:15.459] [T1] list | ForceFinish(recycle)
[16:26:15.459] [T1] list | recycle C:\Users\tsusa\OneDrive - Automanix\그림\민초로부터 온 퇴장 통보.png
[16:26:15.459] [T1] list | ForceFinish(recycle)
[16:26:15.459] [T1] list | recycle C:\Users\tsusa\OneDrive - Automanix\그림\아우디 현가장치 관련 리콜.png
[16:26:15.459] [T1] list | ForceFinish(recycle)
[16:26:15.459] [T1] list | recycle C:\Users\tsusa\OneDrive - Automanix\그림\오토매닉스 대표이미지.png
[16:26:15.459] [T1] list | ForceFinish(recycle)
[16:26:15.459] [T1] list | recycle C:\Users\tsusa\OneDrive - Automanix\그림\오토매닉스 로고.png
[16:26:15.459] [T1] list | ForceFinish(recycle)
[16:26:15.459] [T1] list | recycle C:\Users\tsusa\OneDrive - Automanix\그림\오토매닉스 로고이미지.png
[16:26:15.459] [T1] list | ForceFinish(recycle)
[16:26:15.459] [T1] list | recycle C:\Users\tsusa\OneDrive - Automanix\그림\오토매닉스_약도.png
[16:26:15.459] [T1] list | ForceFinish(recycle)
[16:26:15.459] [T1] list | recycle C:\Users\tsusa\OneDrive - Automanix\그림\오토매닉스_인감_배경제거.png
[16:26:15.459] [T1] list | ForceFinish(recycle)
[16:26:15.459] [T1] list | recycle C:\Users\tsusa\OneDrive - Automanix\그림\코인챗 로고 long 188_79.png
[16:26:15.459] [T1] list | ForceFinish(recycle)
[16:26:15.459] [T1] list | recycle C:\Users\tsusa\OneDrive - Automanix\그림\코인챗 로고 square 148_148.png
[16:26:15.459] [T1] list | ForceFinish(recycle)
[16:26:15.459] [T1] list | recycle C:\Users\tsusa\OneDrive - Automanix\그림\코인챗_211012_아이폰XS_2대_중고구매.png
[16:26:15.459] [T1] list | ForceFinish(recycle)
[16:26:15.459] [T1] list | recycle C:\Users\tsusa\OneDrive - Automanix\그림\코인챗_사무실.jpg
[16:26:15.459] [T1] list | ForceFinish(recycle)
[16:26:15.459] [T1] list | recycle C:\Users\tsusa\OneDrive - Automanix\그림\코인챗_회의실.jpg
[16:26:15.459] [T1] list | ForceFinish(recycle)
[16:26:15.459] [T1] list | recycle C:\Users\tsusa\OneDrive - Automanix\그림\포가차.jpg
[16:26:15.459] [T1] list | ForceFinish(recycle)
[16:26:15.459] [T1] list | recycle C:\Users\tsusa\OneDrive - Automanix\그림\화면 캡처 2020-11-26 162745.png
[16:26:15.459] [T1] list | ForceFinish(recycle)
[16:26:15.459] [T1] list | recycle C:\Users\tsusa\OneDrive - Automanix\그림\화면 캡처 2022-06-21 003453.png
[16:26:15.459] [T1] list | ForceFinish(recycle)
[16:26:15.459] [T1] list | recycle C:\Users\tsusa\OneDrive - Automanix\그림\화면 캡처 2022-08-01 115837.jpg
[16:26:15.459] [T1] list | ForceFinish(recycle)
[16:26:15.459] [T1] list | recycle C:\Users\tsusa\OneDrive - Automanix\그림\화면 캡처 2022-08-01 115837.png
[16:26:15.459] [T1] list | ForceFinish(recycle)
[16:26:15.459] [T1] list | recycle C:\Users\tsusa\OneDrive - Automanix\그림\화면 캡처 2022-08-07 171622.png
[16:26:15.459] [T1] list | ForceFinish(recycle)
[16:26:15.459] [T1] list | recycle C:\Users\tsusa\OneDrive - Automanix\그림\화면 캡처 2022-09-29 233922.png
[16:26:15.459] [T1] list | ForceFinish(recycle)
[16:26:15.459] [T1] list | recycle C:\Users\tsusa\OneDrive - Automanix\그림\화면 캡처 2022-10-18 181358.png
[16:26:15.459] [T1] list | ForceFinish(recycle)
[16:26:15.459] [T1] list | recycle C:\Users\tsusa\OneDrive - Automanix\그림\화면 캡처 2022-10-21 005745.png
[16:26:15.459] [T1] list | ForceFinish(recycle)
[16:26:15.460] [T1] tiles | ShowLoading C:\Users\tsusa\OneDrive - Automanix\그림\aaa
[16:26:15.460] [T1] tiles | recycle C:\Users\tsusa\OneDrive - Automanix\그림\240323 강가 별장
[16:26:15.460] [T1] tiles | recycle C:\Users\tsusa\OneDrive - Automanix\그림\aaa
[16:26:15.460] [T1] tiles | recycle C:\Users\tsusa\OneDrive - Automanix\그림\Feedback
[16:26:15.460] [T1] tiles | recycle C:\Users\tsusa\OneDrive - Automanix\그림\Saved Pictures
[16:26:15.460] [T1] tiles | recycle C:\Users\tsusa\OneDrive - Automanix\그림\Scan
[16:26:15.460] [T1] tiles | recycle C:\Users\tsusa\OneDrive - Automanix\그림\Screenshots
[16:26:15.460] [T1] tiles | recycle C:\Users\tsusa\OneDrive - Automanix\그림\Zwift
[16:26:15.460] [T1] tiles | recycle C:\Users\tsusa\OneDrive - Automanix\그림\바탕화면
[16:26:15.460] [T1] tiles | recycle C:\Users\tsusa\OneDrive - Automanix\그림\스캔
[16:26:15.460] [T1] tiles | recycle C:\Users\tsusa\OneDrive - Automanix\그림\스크린샷
[16:26:15.460] [T1] tiles | recycle C:\Users\tsusa\OneDrive - Automanix\그림\카메라 앨범
[16:26:15.461] [T1] tiles | recycle C:\Users\tsusa\OneDrive - Automanix\그림\220731 강화도.mp4_005246116.jpeg
[16:26:15.461] [T1] tiles | recycle C:\Users\tsusa\OneDrive - Automanix\그림\220731 강화도.mp4_005246116.jpg
[16:26:15.461] [T1] tiles | recycle C:\Users\tsusa\OneDrive - Automanix\그림\220731 강화도.mp4_005246116.png
[16:26:15.461] [T1] tiles | recycle C:\Users\tsusa\OneDrive - Automanix\그림\AMX.jpg
[16:26:15.461] [T1] tiles | recycle C:\Users\tsusa\OneDrive - Automanix\그림\ARS-로고디자인_원본파일.png
[16:26:15.461] [T1] tiles | recycle C:\Users\tsusa\OneDrive - Automanix\그림\DALL·E 2024-07-22 16.05.33 - Simplified version of a logo for 'Automotive Research Solution' with the main elements being 'ARS' in a bold font and a sleek, modern car silhouette. .webp
[16:26:15.461] [T1] tiles | recycle C:\Users\tsusa\OneDrive - Automanix\그림\KakaoTalk_20200117_092011491.png
[16:26:15.461] [T1] tiles | recycle C:\Users\tsusa\OneDrive - Automanix\그림\KakaoTalk_20240703_110337676.jpg
[16:26:15.461] [T1] tiles | recycle C:\Users\tsusa\OneDrive - Automanix\그림\pexels-pixabay-37347.jpg
[16:26:15.461] [T1] tiles | recycle C:\Users\tsusa\OneDrive - Automanix\그림\pexels-polina-zimmerman-3778619.jpg
[16:26:15.461] [T1] tiles | recycle C:\Users\tsusa\OneDrive - Automanix\그림\PXL_20220709_232639106_2.jpg
[16:26:15.461] [T1] tiles | recycle C:\Users\tsusa\OneDrive - Automanix\그림\PXL_20220714_125035942_2.jpg
[16:26:15.461] [T1] tiles | recycle C:\Users\tsusa\OneDrive - Automanix\그림\PXL_20220714_125148380_2.jpg
[16:26:15.461] [T1] tiles | recycle C:\Users\tsusa\OneDrive - Automanix\그림\PXL_20220719_121308973_2.jpg
[16:26:15.461] [T1] tiles | recycle C:\Users\tsusa\OneDrive - Automanix\그림\PXL_20220726_125747369_2.jpg
[16:26:15.461] [T1] tiles | recycle C:\Users\tsusa\OneDrive - Automanix\그림\PXL_20220804_125449327_2.jpg
[16:26:15.461] [T1] tiles | recycle C:\Users\tsusa\OneDrive - Automanix\그림\PXL_20220812_121956977_2.jpg
[16:26:15.461] [T1] tiles | recycle C:\Users\tsusa\OneDrive - Automanix\그림\PXL_20220813_214558393_2.jpg
[16:26:15.461] [T1] tiles | recycle C:\Users\tsusa\OneDrive - Automanix\그림\PXL_20220817_112931072_2.jpg
[16:26:15.462] [T1] tiles | recycle C:\Users\tsusa\OneDrive - Automanix\그림\PXL_20220824_112948946_2.jpg
[16:26:15.462] [T1] tiles | recycle C:\Users\tsusa\OneDrive - Automanix\그림\PXL_20220827_001839431_2.jpg
[16:26:15.462] [T1] tiles | recycle C:\Users\tsusa\OneDrive - Automanix\그림\PXL_20220827_230734531_2.jpg
[16:26:15.462] [T1] tiles | recycle C:\Users\tsusa\OneDrive - Automanix\그림\PXL_20220831_130316984_2.jpg
[16:26:15.462] [T1] tiles | recycle C:\Users\tsusa\OneDrive - Automanix\그림\PXL_20220902_215631957_3.jpg
[16:26:15.462] [T1] tiles | recycle C:\Users\tsusa\OneDrive - Automanix\그림\PXL_20220903_010322367_2.jpg
[16:26:15.462] [T1] tiles | recycle C:\Users\tsusa\OneDrive - Automanix\그림\PXL_20220920_125143842.MOTION-02.ORIGINAL_2.jpg
[16:26:15.462] [T1] tiles | recycle C:\Users\tsusa\OneDrive - Automanix\그림\PXL_20221101_105955590_2.jpg
[16:26:15.462] [T1] tiles | recycle C:\Users\tsusa\OneDrive - Automanix\그림\PXL_20230212_024010110.jpg
[16:26:15.462] [T1] tiles | recycle C:\Users\tsusa\OneDrive - Automanix\그림\PXL_20230212_025601437_2.jpg
[16:26:15.462] [T1] tiles | recycle C:\Users\tsusa\OneDrive - Automanix\그림\PXL_20230422_230822530~2.jpg
[16:26:15.462] [T1] tiles | recycle C:\Users\tsusa\OneDrive - Automanix\그림\vlcsnap-2026-01-18-12h58m03s381.png
[16:26:15.462] [T1] tiles | recycle C:\Users\tsusa\OneDrive - Automanix\그림\vlcsnap-2026-01-19-02h04m39s483.png
[16:26:15.462] [T1] tiles | recycle C:\Users\tsusa\OneDrive - Automanix\그림\vlcsnap-2026-01-27-01h49m01s690.png
[16:26:15.462] [T1] tiles | recycle C:\Users\tsusa\OneDrive - Automanix\그림\민초로부터 온 퇴장 통보.png
[16:26:15.462] [T1] tiles | recycle C:\Users\tsusa\OneDrive - Automanix\그림\아우디 현가장치 관련 리콜.png
[16:26:15.462] [T1] tiles | recycle C:\Users\tsusa\OneDrive - Automanix\그림\오토매닉스 대표이미지.png
[16:26:15.462] [T1] tiles | recycle C:\Users\tsusa\OneDrive - Automanix\그림\오토매닉스 로고.png
[16:26:15.462] [T1] tiles | recycle C:\Users\tsusa\OneDrive - Automanix\그림\오토매닉스 로고이미지.png
[16:26:15.462] [T1] tiles | recycle C:\Users\tsusa\OneDrive - Automanix\그림\오토매닉스_약도.png
[16:26:15.462] [T1] tiles | recycle C:\Users\tsusa\OneDrive - Automanix\그림\오토매닉스_인감_배경제거.png
[16:26:15.462] [T1] tiles | recycle C:\Users\tsusa\OneDrive - Automanix\그림\코인챗 로고 long 188_79.png
[16:26:15.462] [T1] tiles | recycle C:\Users\tsusa\OneDrive - Automanix\그림\코인챗 로고 square 148_148.png
[16:26:15.463] [T1] tiles | recycle C:\Users\tsusa\OneDrive - Automanix\그림\코인챗_211012_아이폰XS_2대_중고구매.png
[16:26:15.463] [T1] tiles | recycle C:\Users\tsusa\OneDrive - Automanix\그림\코인챗_사무실.jpg
[16:26:15.463] [T1] tiles | recycle C:\Users\tsusa\OneDrive - Automanix\그림\코인챗_회의실.jpg
[16:26:15.463] [T1] tiles | recycle C:\Users\tsusa\OneDrive - Automanix\그림\포가차.jpg
[16:26:15.463] [T1] tiles | recycle C:\Users\tsusa\OneDrive - Automanix\그림\화면 캡처 2020-11-26 162745.png
[16:26:15.463] [T1] tiles | recycle C:\Users\tsusa\OneDrive - Automanix\그림\화면 캡처 2022-06-21 003453.png
[16:26:15.463] [T1] tiles | recycle C:\Users\tsusa\OneDrive - Automanix\그림\화면 캡처 2022-08-01 115837.jpg
[16:26:15.463] [T1] tiles | recycle C:\Users\tsusa\OneDrive - Automanix\그림\화면 캡처 2022-08-01 115837.png
[16:26:15.463] [T1] tiles | recycle C:\Users\tsusa\OneDrive - Automanix\그림\화면 캡처 2022-08-07 171622.png
[16:26:15.463] [T1] tiles | recycle C:\Users\tsusa\OneDrive - Automanix\그림\화면 캡처 2022-09-29 233922.png
[16:26:15.463] [T1] tiles | recycle C:\Users\tsusa\OneDrive - Automanix\그림\화면 캡처 2022-10-18 181358.png
[16:26:15.463] [T1] tiles | recycle C:\Users\tsusa\OneDrive - Automanix\그림\화면 캡처 2022-10-21 005745.png
[16:26:15.466] [T1] nav | scan done C:\Users\tsusa\OneDrive - Automanix\그림\aaa count=4
[16:26:15.466] [T1] nav | RefreshView C:\Users\tsusa\OneDrive - Automanix\그림\aaa count=4
[16:26:15.467] [T1] tiles | ShowEntries C:\Users\tsusa\OneDrive - Automanix\그림\aaa count=4
[16:26:15.468] [T1] tiles | phase0 C:\Users\tsusa\OneDrive - Automanix\그림\aaa\vlcsnap-2026-01-18-12h58m03s381.png
[16:26:15.469] [T1] tiles | phase0 C:\Users\tsusa\OneDrive - Automanix\그림\aaa\vlcsnap-2026-01-19-02h04m39s483.png
[16:26:15.470] [T1] tiles | phase0 C:\Users\tsusa\OneDrive - Automanix\그림\aaa\vlcsnap-2026-01-27-01h49m01s690.png
[16:26:15.471] [T1] tiles | phase0 C:\Users\tsusa\OneDrive - Automanix\그림\aaa\민초로부터 온 퇴장 통보.png
[16:26:15.473] [T1] list | phase0 C:\Users\tsusa\OneDrive - Automanix\그림\aaa\vlcsnap-2026-01-18-12h58m03s381.png
[16:26:15.473] [T1] detail | fetch Image C:\Users\tsusa\OneDrive - Automanix\그림\aaa\vlcsnap-2026-01-18-12h58m03s381.png
[16:26:15.476] [T1] list | phase0 C:\Users\tsusa\OneDrive - Automanix\그림\aaa\vlcsnap-2026-01-19-02h04m39s483.png
[16:26:15.476] [T1] detail | fetch Image C:\Users\tsusa\OneDrive - Automanix\그림\aaa\vlcsnap-2026-01-19-02h04m39s483.png
[16:26:15.478] [T1] list | phase0 C:\Users\tsusa\OneDrive - Automanix\그림\aaa\vlcsnap-2026-01-27-01h49m01s690.png
[16:26:15.478] [T1] detail | fetch Image C:\Users\tsusa\OneDrive - Automanix\그림\aaa\vlcsnap-2026-01-27-01h49m01s690.png
[16:26:15.480] [T1] list | phase0 C:\Users\tsusa\OneDrive - Automanix\그림\aaa\민초로부터 온 퇴장 통보.png
[16:26:15.480] [T1] detail | fetch Image C:\Users\tsusa\OneDrive - Automanix\그림\aaa\민초로부터 온 퇴장 통보.png
[16:26:15.498] [T1] detail | done C:\Users\tsusa\OneDrive - Automanix\그림\aaa\vlcsnap-2026-01-18-12h58m03s381.png
[16:26:15.498] [T1] detail | done C:\Users\tsusa\OneDrive - Automanix\그림\aaa\vlcsnap-2026-01-27-01h49m01s690.png
[16:26:15.498] [T1] detail | done C:\Users\tsusa\OneDrive - Automanix\그림\aaa\vlcsnap-2026-01-19-02h04m39s483.png
[16:26:15.541] [T1] detail | done C:\Users\tsusa\OneDrive - Automanix\그림\aaa\민초로부터 온 퇴장 통보.png
[16:26:15.551] [T1] tiles | fill shell C:\Users\tsusa\OneDrive - Automanix\그림\aaa\vlcsnap-2026-01-18-12h58m03s381.png
[16:26:15.552] [T1] tiles | fill shell C:\Users\tsusa\OneDrive - Automanix\그림\aaa\vlcsnap-2026-01-19-02h04m39s483.png
[16:26:15.552] [T1] tiles | fill shell C:\Users\tsusa\OneDrive - Automanix\그림\aaa\vlcsnap-2026-01-27-01h49m01s690.png
[16:26:15.552] [T1] tiles | fill shell C:\Users\tsusa\OneDrive - Automanix\그림\aaa\민초로부터 온 퇴장 통보.png
[16:26:22.640] [T46] exc | OperationCanceledException: The operation was canceled. @ at System.Threading.CancellationToken.ThrowOperationCanceledException()
[16:26:22.640] [T46] exc | OperationCanceledException: The operation was canceled. @ at System.Threading.SemaphoreSlim.Wait(Int32 millisecondsTimeout, CancellationToken cancellationToken)
[16:33:40.396] [T1] shell | ShowModule allreadable path=(none)
[16:33:40.404] [T1] smtc | Attach (none)
[16:33:40.404] [T1] smtc | Detach
[16:33:40.405] [T1] nav | NavigateToAsync C:\Users\tsusa\OneDrive - Automanix\그림\aaa exts=48
[16:33:40.407] [T1] nav | scan done C:\Users\tsusa\OneDrive - Automanix\그림\aaa count=4
[16:33:40.407] [T1] nav | RefreshView C:\Users\tsusa\OneDrive - Automanix\그림\aaa count=4
[16:33:40.407] [T1] list | recycle C:\Users\tsusa\OneDrive - Automanix\그림\aaa\vlcsnap-2026-01-18-12h58m03s381.png
[16:33:40.407] [T1] list | ForceFinish(recycle)
[16:33:40.407] [T1] list | recycle C:\Users\tsusa\OneDrive - Automanix\그림\aaa\vlcsnap-2026-01-19-02h04m39s483.png
[16:33:40.407] [T1] list | ForceFinish(recycle)
[16:33:40.407] [T1] list | recycle C:\Users\tsusa\OneDrive - Automanix\그림\aaa\vlcsnap-2026-01-27-01h49m01s690.png
[16:33:40.407] [T1] list | ForceFinish(recycle)
[16:33:40.407] [T1] list | recycle C:\Users\tsusa\OneDrive - Automanix\그림\aaa\민초로부터 온 퇴장 통보.png
[16:33:40.407] [T1] list | ForceFinish(recycle)
[16:33:40.407] [T1] tiles | ShowEntries C:\Users\tsusa\OneDrive - Automanix\그림\aaa count=4
[16:33:40.407] [T1] tiles | recycle C:\Users\tsusa\OneDrive - Automanix\그림\aaa\vlcsnap-2026-01-18-12h58m03s381.png
[16:33:40.407] [T1] tiles | recycle C:\Users\tsusa\OneDrive - Automanix\그림\aaa\vlcsnap-2026-01-19-02h04m39s483.png
[16:33:40.407] [T1] tiles | recycle C:\Users\tsusa\OneDrive - Automanix\그림\aaa\vlcsnap-2026-01-27-01h49m01s690.png
[16:33:40.408] [T1] tiles | recycle C:\Users\tsusa\OneDrive - Automanix\그림\aaa\민초로부터 온 퇴장 통보.png
[16:33:40.409] [T1] tiles | phase0 C:\Users\tsusa\OneDrive - Automanix\그림\aaa\vlcsnap-2026-01-18-12h58m03s381.png
[16:33:40.410] [T1] tiles | phase0 C:\Users\tsusa\OneDrive - Automanix\그림\aaa\vlcsnap-2026-01-19-02h04m39s483.png
[16:33:40.411] [T1] tiles | phase0 C:\Users\tsusa\OneDrive - Automanix\그림\aaa\vlcsnap-2026-01-27-01h49m01s690.png
[16:33:40.412] [T1] tiles | phase0 C:\Users\tsusa\OneDrive - Automanix\그림\aaa\민초로부터 온 퇴장 통보.png
[16:33:40.415] [T1] list | phase0 C:\Users\tsusa\OneDrive - Automanix\그림\aaa\vlcsnap-2026-01-18-12h58m03s381.png
[16:33:40.415] [T1] detail | fetch Image C:\Users\tsusa\OneDrive - Automanix\그림\aaa\vlcsnap-2026-01-18-12h58m03s381.png
[16:33:40.417] [T1] list | phase0 C:\Users\tsusa\OneDrive - Automanix\그림\aaa\vlcsnap-2026-01-19-02h04m39s483.png
[16:33:40.417] [T1] detail | fetch Image C:\Users\tsusa\OneDrive - Automanix\그림\aaa\vlcsnap-2026-01-19-02h04m39s483.png
[16:33:40.419] [T1] list | phase0 C:\Users\tsusa\OneDrive - Automanix\그림\aaa\vlcsnap-2026-01-27-01h49m01s690.png
[16:33:40.419] [T1] detail | fetch Image C:\Users\tsusa\OneDrive - Automanix\그림\aaa\vlcsnap-2026-01-27-01h49m01s690.png
[16:33:40.421] [T1] list | phase0 C:\Users\tsusa\OneDrive - Automanix\그림\aaa\민초로부터 온 퇴장 통보.png
[16:33:40.421] [T1] detail | fetch Image C:\Users\tsusa\OneDrive - Automanix\그림\aaa\민초로부터 온 퇴장 통보.png
[16:33:40.438] [T42] exc | OperationCanceledException: The operation was canceled. @ at System.Threading.CancellationToken.ThrowOperationCanceledException()
[16:33:40.438] [T42] exc | OperationCanceledException: The operation was canceled. @ at System.Threading.SemaphoreSlim.Wait(Int32 millisecondsTimeout, CancellationToken cancellationToken)
[16:33:40.438] [T1] tiles | fill shell C:\Users\tsusa\OneDrive - Automanix\그림\aaa\vlcsnap-2026-01-18-12h58m03s381.png
[16:33:40.439] [T1] tiles | fill shell C:\Users\tsusa\OneDrive - Automanix\그림\aaa\vlcsnap-2026-01-19-02h04m39s483.png
[16:33:40.439] [T1] tiles | fill shell C:\Users\tsusa\OneDrive - Automanix\그림\aaa\vlcsnap-2026-01-27-01h49m01s690.png
[16:33:40.439] [T1] tiles | fill shell C:\Users\tsusa\OneDrive - Automanix\그림\aaa\민초로부터 온 퇴장 통보.png
[16:33:40.529] [T1] tiles | shell done C:\Users\tsusa\OneDrive - Automanix\그림\aaa\vlcsnap-2026-01-27-01h49m01s690.png
[16:33:40.529] [T1] tiles | shell done C:\Users\tsusa\OneDrive - Automanix\그림\aaa\vlcsnap-2026-01-18-12h58m03s381.png
[16:33:40.530] [T1] tiles | shell done C:\Users\tsusa\OneDrive - Automanix\그림\aaa\vlcsnap-2026-01-19-02h04m39s483.png
[16:33:40.539] [T1] tiles | shell done C:\Users\tsusa\OneDrive - Automanix\그림\aaa\민초로부터 온 퇴장 통보.png
[16:33:43.066] [T1] nav | NavigateToAsync C:\Users\tsusa\OneDrive - Automanix\그림 exts=48
[16:33:43.066] [T1] list | recycle C:\Users\tsusa\OneDrive - Automanix\그림\aaa\vlcsnap-2026-01-18-12h58m03s381.png
[16:33:43.066] [T1] list | ForceFinish(recycle)
[16:33:43.066] [T1] list | recycle C:\Users\tsusa\OneDrive - Automanix\그림\aaa\vlcsnap-2026-01-19-02h04m39s483.png
[16:33:43.066] [T1] list | ForceFinish(recycle)
[16:33:43.066] [T1] list | recycle C:\Users\tsusa\OneDrive - Automanix\그림\aaa\vlcsnap-2026-01-27-01h49m01s690.png
[16:33:43.066] [T1] list | ForceFinish(recycle)
[16:33:43.066] [T1] list | recycle C:\Users\tsusa\OneDrive - Automanix\그림\aaa\민초로부터 온 퇴장 통보.png
[16:33:43.066] [T1] list | ForceFinish(recycle)
[16:33:43.066] [T1] tiles | ShowLoading C:\Users\tsusa\OneDrive - Automanix\그림
[16:33:43.066] [T1] tiles | recycle C:\Users\tsusa\OneDrive - Automanix\그림\aaa\vlcsnap-2026-01-18-12h58m03s381.png
[16:33:43.066] [T1] tiles | recycle C:\Users\tsusa\OneDrive - Automanix\그림\aaa\vlcsnap-2026-01-19-02h04m39s483.png
[16:33:43.066] [T1] tiles | recycle C:\Users\tsusa\OneDrive - Automanix\그림\aaa\vlcsnap-2026-01-27-01h49m01s690.png
[16:33:43.066] [T1] tiles | recycle C:\Users\tsusa\OneDrive - Automanix\그림\aaa\민초로부터 온 퇴장 통보.png
[16:33:43.069] [T1] nav | scan done C:\Users\tsusa\OneDrive - Automanix\그림 count=65
[16:33:43.069] [T1] nav | RefreshView C:\Users\tsusa\OneDrive - Automanix\그림 count=65
[16:33:43.070] [T1] tiles | ShowEntries C:\Users\tsusa\OneDrive - Automanix\그림 count=65
[16:33:43.071] [T1] tiles | phase0 C:\Users\tsusa\OneDrive - Automanix\그림\240323 강가 별장
[16:33:43.072] [T1] tiles | phase0 C:\Users\tsusa\OneDrive - Automanix\그림\aaa
[16:33:43.073] [T1] tiles | phase0 C:\Users\tsusa\OneDrive - Automanix\그림\Feedback
[16:33:43.074] [T1] tiles | phase0 C:\Users\tsusa\OneDrive - Automanix\그림\Saved Pictures
[16:33:43.075] [T1] tiles | phase0 C:\Users\tsusa\OneDrive - Automanix\그림\Scan
[16:33:43.076] [T1] tiles | phase0 C:\Users\tsusa\OneDrive - Automanix\그림\Screenshots
[16:33:43.077] [T1] tiles | phase0 C:\Users\tsusa\OneDrive - Automanix\그림\Zwift
[16:33:43.078] [T1] tiles | phase0 C:\Users\tsusa\OneDrive - Automanix\그림\바탕화면
[16:33:43.078] [T1] tiles | phase0 C:\Users\tsusa\OneDrive - Automanix\그림\스캔
[16:33:43.079] [T1] tiles | phase0 C:\Users\tsusa\OneDrive - Automanix\그림\스크린샷
[16:33:43.080] [T1] tiles | phase0 C:\Users\tsusa\OneDrive - Automanix\그림\카메라 앨범
[16:33:43.081] [T1] tiles | phase0 C:\Users\tsusa\OneDrive - Automanix\그림\220731 강화도.mp4_005246116.jpeg
[16:33:43.082] [T1] tiles | phase0 C:\Users\tsusa\OneDrive - Automanix\그림\220731 강화도.mp4_005246116.jpg
[16:33:43.083] [T1] tiles | phase0 C:\Users\tsusa\OneDrive - Automanix\그림\220731 강화도.mp4_005246116.png
[16:33:43.084] [T1] tiles | phase0 C:\Users\tsusa\OneDrive - Automanix\그림\AMX.jpg
[16:33:43.085] [T1] tiles | phase0 C:\Users\tsusa\OneDrive - Automanix\그림\ARS-로고디자인_원본파일.png
[16:33:43.086] [T1] tiles | phase0 C:\Users\tsusa\OneDrive - Automanix\그림\DALL·E 2024-07-22 16.05.33 - Simplified version of a logo for 'Automotive Research Solution' with the main elements being 'ARS' in a bold font and a sleek, modern car silhouette. .webp
[16:33:43.087] [T1] tiles | phase0 C:\Users\tsusa\OneDrive - Automanix\그림\KakaoTalk_20200117_092011491.png
[16:33:43.088] [T1] tiles | phase0 C:\Users\tsusa\OneDrive - Automanix\그림\KakaoTalk_20240703_110337676.jpg
[16:33:43.089] [T1] tiles | phase0 C:\Users\tsusa\OneDrive - Automanix\그림\pexels-pixabay-37347.jpg
[16:33:43.091] [T1] list | phase0 C:\Users\tsusa\OneDrive - Automanix\그림\240323 강가 별장
[16:33:43.093] [T1] list | phase0 C:\Users\tsusa\OneDrive - Automanix\그림\aaa
[16:33:43.095] [T1] list | phase0 C:\Users\tsusa\OneDrive - Automanix\그림\Feedback
[16:33:43.097] [T1] list | phase0 C:\Users\tsusa\OneDrive - Automanix\그림\Saved Pictures
[16:33:43.099] [T1] list | phase0 C:\Users\tsusa\OneDrive - Automanix\그림\Scan
[16:33:43.101] [T1] list | phase0 C:\Users\tsusa\OneDrive - Automanix\그림\Screenshots
[16:33:43.103] [T1] list | phase0 C:\Users\tsusa\OneDrive - Automanix\그림\Zwift
[16:33:43.105] [T1] list | phase0 C:\Users\tsusa\OneDrive - Automanix\그림\바탕화면
[16:33:43.107] [T1] list | phase0 C:\Users\tsusa\OneDrive - Automanix\그림\스캔
[16:33:43.109] [T1] list | phase0 C:\Users\tsusa\OneDrive - Automanix\그림\스크린샷
[16:33:43.112] [T1] list | phase0 C:\Users\tsusa\OneDrive - Automanix\그림\카메라 앨범
[16:33:43.114] [T1] list | phase0 C:\Users\tsusa\OneDrive - Automanix\그림\220731 강화도.mp4_005246116.jpeg
[16:33:43.117] [T1] list | phase0 C:\Users\tsusa\OneDrive - Automanix\그림\220731 강화도.mp4_005246116.jpg
[16:33:43.119] [T1] list | phase0 C:\Users\tsusa\OneDrive - Automanix\그림\220731 강화도.mp4_005246116.png
[16:33:43.122] [T1] list | phase0 C:\Users\tsusa\OneDrive - Automanix\그림\AMX.jpg
[16:33:43.124] [T1] list | phase0 C:\Users\tsusa\OneDrive - Automanix\그림\ARS-로고디자인_원본파일.png
[16:33:43.126] [T1] list | phase0 C:\Users\tsusa\OneDrive - Automanix\그림\DALL·E 2024-07-22 16.05.33 - Simplified version of a logo for 'Automotive Research Solution' with the main elements being 'ARS' in a bold font and a sleek, modern car silhouette. .webp
[16:33:43.129] [T1] list | phase0 C:\Users\tsusa\OneDrive - Automanix\그림\KakaoTalk_20200117_092011491.png
[16:33:43.131] [T1] list | phase0 C:\Users\tsusa\OneDrive - Automanix\그림\KakaoTalk_20240703_110337676.jpg
[16:33:43.134] [T1] list | phase0 C:\Users\tsusa\OneDrive - Automanix\그림\pexels-pixabay-37347.jpg
[16:33:43.136] [T1] list | phase0 C:\Users\tsusa\OneDrive - Automanix\그림\pexels-polina-zimmerman-3778619.jpg
[16:33:43.138] [T1] list | phase0 C:\Users\tsusa\OneDrive - Automanix\그림\PXL_20220709_232639106_2.jpg
[16:33:43.140] [T1] list | phase0 C:\Users\tsusa\OneDrive - Automanix\그림\PXL_20220714_125035942_2.jpg
[16:33:43.146] [T1] list | phase0 C:\Users\tsusa\OneDrive - Automanix\그림\PXL_20220714_125148380_2.jpg
[16:33:43.148] [T1] list | phase0 C:\Users\tsusa\OneDrive - Automanix\그림\PXL_20220719_121308973_2.jpg
[16:33:43.150] [T1] list | phase0 C:\Users\tsusa\OneDrive - Automanix\그림\PXL_20220726_125747369_2.jpg
[16:33:43.152] [T1] list | phase0 C:\Users\tsusa\OneDrive - Automanix\그림\PXL_20220804_125449327_2.jpg
[16:33:43.154] [T1] list | phase0 C:\Users\tsusa\OneDrive - Automanix\그림\PXL_20220812_121956977_2.jpg
[16:33:43.157] [T1] list | phase0 C:\Users\tsusa\OneDrive - Automanix\그림\PXL_20220813_214558393_2.jpg
[16:33:43.159] [T1] list | phase0 C:\Users\tsusa\OneDrive - Automanix\그림\PXL_20220817_112931072_2.jpg
[16:33:43.161] [T1] list | phase0 C:\Users\tsusa\OneDrive - Automanix\그림\PXL_20220824_112948946_2.jpg
[16:33:43.207] [T1] tiles | fill cached C:\Users\tsusa\OneDrive - Automanix\그림\220731 강화도.mp4_005246116.jpeg
[16:33:43.208] [T1] tiles | fill cached C:\Users\tsusa\OneDrive - Automanix\그림\220731 강화도.mp4_005246116.jpg
[16:33:43.209] [T1] tiles | fill cached C:\Users\tsusa\OneDrive - Automanix\그림\220731 강화도.mp4_005246116.png
[16:33:43.209] [T1] tiles | fill cached C:\Users\tsusa\OneDrive - Automanix\그림\AMX.jpg
[16:33:43.209] [T1] tiles | fill cached C:\Users\tsusa\OneDrive - Automanix\그림\ARS-로고디자인_원본파일.png
[16:33:43.210] [T1] tiles | fill cached C:\Users\tsusa\OneDrive - Automanix\그림\DALL·E 2024-07-22 16.05.33 - Simplified version of a logo for 'Automotive Research Solution' with the main elements being 'ARS' in a bold font and a sleek, modern car silhouette. .webp
[16:33:43.211] [T1] tiles | fill cached C:\Users\tsusa\OneDrive - Automanix\그림\KakaoTalk_20200117_092011491.png
[16:33:43.211] [T1] tiles | fill cached C:\Users\tsusa\OneDrive - Automanix\그림\KakaoTalk_20240703_110337676.jpg
[16:33:43.212] [T1] tiles | fill cached C:\Users\tsusa\OneDrive - Automanix\그림\pexels-pixabay-37347.jpg
[16:33:43.226] [T1] list | phase0 C:\Users\tsusa\OneDrive - Automanix\그림\PXL_20220827_001839431_2.jpg
[16:33:43.229] [T1] list | phase0 C:\Users\tsusa\OneDrive - Automanix\그림\PXL_20220827_230734531_2.jpg
[16:33:43.250] [T1] list | phase0 C:\Users\tsusa\OneDrive - Automanix\그림\PXL_20220831_130316984_2.jpg
[16:33:43.273] [T1] list | phase0 C:\Users\tsusa\OneDrive - Automanix\그림\PXL_20220902_215631957_3.jpg
[16:33:43.275] [T1] list | phase0 C:\Users\tsusa\OneDrive - Automanix\그림\PXL_20220903_010322367_2.jpg
[16:33:43.288] [T1] tiles | cached done C:\Users\tsusa\OneDrive - Automanix\그림\KakaoTalk_20200117_092011491.png
[16:33:43.289] [T1] tiles | cached done C:\Users\tsusa\OneDrive - Automanix\그림\220731 강화도.mp4_005246116.png
[16:33:43.289] [T1] tiles | cached done C:\Users\tsusa\OneDrive - Automanix\그림\220731 강화도.mp4_005246116.jpeg
[16:33:43.290] [T1] tiles | cached done C:\Users\tsusa\OneDrive - Automanix\그림\220731 강화도.mp4_005246116.jpg
[16:33:43.291] [T1] tiles | cached done C:\Users\tsusa\OneDrive - Automanix\그림\AMX.jpg
[16:33:43.291] [T1] tiles | cached done C:\Users\tsusa\OneDrive - Automanix\그림\ARS-로고디자인_원본파일.png
[16:33:43.292] [T1] tiles | cached done C:\Users\tsusa\OneDrive - Automanix\그림\pexels-pixabay-37347.jpg
[16:33:43.292] [T1] tiles | cached done C:\Users\tsusa\OneDrive - Automanix\그림\DALL·E 2024-07-22 16.05.33 - Simplified version of a logo for 'Automotive Research Solution' with the main elements being 'ARS' in a bold font and a sleek, modern car silhouette. .webp
[16:33:43.300] [T1] tiles | cached done C:\Users\tsusa\OneDrive - Automanix\그림\KakaoTalk_20240703_110337676.jpg
[16:33:43.337] [T1] list | phase0 C:\Users\tsusa\OneDrive - Automanix\그림\PXL_20220920_125143842.MOTION-02.ORIGINAL_2.jpg
[16:33:43.339] [T1] list | phase0 C:\Users\tsusa\OneDrive - Automanix\그림\PXL_20221101_105955590_2.jpg
[16:33:43.367] [T1] list | phase0 C:\Users\tsusa\OneDrive - Automanix\그림\PXL_20230212_024010110.jpg
[16:33:43.369] [T1] list | phase0 C:\Users\tsusa\OneDrive - Automanix\그림\PXL_20230212_025601437_2.jpg
[16:33:43.372] [T1] list | phase0 C:\Users\tsusa\OneDrive - Automanix\그림\PXL_20230422_230822530~2.jpg
[16:33:43.397] [T1] list | phase0 C:\Users\tsusa\OneDrive - Automanix\그림\vlcsnap-2026-01-18-12h58m03s381.png
[16:33:43.398] [T1] detail | fetch Image C:\Users\tsusa\OneDrive - Automanix\그림\vlcsnap-2026-01-18-12h58m03s381.png
[16:33:43.400] [T1] list | phase0 C:\Users\tsusa\OneDrive - Automanix\그림\vlcsnap-2026-01-19-02h04m39s483.png
[16:33:43.400] [T1] detail | fetch Image C:\Users\tsusa\OneDrive - Automanix\그림\vlcsnap-2026-01-19-02h04m39s483.png
[16:33:43.427] [T1] list | phase0 C:\Users\tsusa\OneDrive - Automanix\그림\vlcsnap-2026-01-27-01h49m01s690.png
[16:33:43.428] [T1] detail | fetch Image C:\Users\tsusa\OneDrive - Automanix\그림\vlcsnap-2026-01-27-01h49m01s690.png
[16:33:43.430] [T1] list | phase0 C:\Users\tsusa\OneDrive - Automanix\그림\민초로부터 온 퇴장 통보.png
[16:33:43.430] [T1] detail | fetch Image C:\Users\tsusa\OneDrive - Automanix\그림\민초로부터 온 퇴장 통보.png
[16:33:43.432] [T1] list | phase0 C:\Users\tsusa\OneDrive - Automanix\그림\아우디 현가장치 관련 리콜.png
[16:33:43.450] [T1] tiles | phase0 C:\Users\tsusa\OneDrive - Automanix\그림\pexels-polina-zimmerman-3778619.jpg
[16:33:43.451] [T1] tiles | phase0 C:\Users\tsusa\OneDrive - Automanix\그림\PXL_20220709_232639106_2.jpg
[16:33:43.452] [T1] tiles | phase0 C:\Users\tsusa\OneDrive - Automanix\그림\PXL_20220714_125035942_2.jpg
[16:33:43.453] [T1] tiles | phase0 C:\Users\tsusa\OneDrive - Automanix\그림\PXL_20220714_125148380_2.jpg
[16:33:43.462] [T1] tiles | fill cached C:\Users\tsusa\OneDrive - Automanix\그림\pexels-polina-zimmerman-3778619.jpg
[16:33:43.463] [T1] tiles | fill cached C:\Users\tsusa\OneDrive - Automanix\그림\PXL_20220709_232639106_2.jpg
[16:33:43.463] [T1] tiles | fill cached C:\Users\tsusa\OneDrive - Automanix\그림\PXL_20220714_125035942_2.jpg
[16:33:43.464] [T1] tiles | fill cached C:\Users\tsusa\OneDrive - Automanix\그림\PXL_20220714_125148380_2.jpg
[16:33:43.478] [T1] tiles | cached done C:\Users\tsusa\OneDrive - Automanix\그림\pexels-polina-zimmerman-3778619.jpg
[16:33:43.479] [T1] tiles | cached done C:\Users\tsusa\OneDrive - Automanix\그림\PXL_20220714_125035942_2.jpg
[16:33:43.487] [T1] tiles | cached done C:\Users\tsusa\OneDrive - Automanix\그림\PXL_20220709_232639106_2.jpg
[16:33:43.490] [T1] list | phase0 C:\Users\tsusa\OneDrive - Automanix\그림\오토매닉스 대표이미지.png
[16:33:43.493] [T1] list | phase0 C:\Users\tsusa\OneDrive - Automanix\그림\오토매닉스 로고.png
[16:33:43.500] [T1] tiles | cached done C:\Users\tsusa\OneDrive - Automanix\그림\PXL_20220714_125148380_2.jpg
[16:33:43.561] [T1] list | phase0 C:\Users\tsusa\OneDrive - Automanix\그림\오토매닉스 로고이미지.png
[16:33:43.563] [T1] list | phase0 C:\Users\tsusa\OneDrive - Automanix\그림\오토매닉스_약도.png
[16:33:43.565] [T1] list | phase0 C:\Users\tsusa\OneDrive - Automanix\그림\오토매닉스_인감_배경제거.png
[16:33:43.591] [T1] list | phase0 C:\Users\tsusa\OneDrive - Automanix\그림\코인챗 로고 long 188_79.png
[16:33:43.593] [T1] list | phase0 C:\Users\tsusa\OneDrive - Automanix\그림\코인챗 로고 square 148_148.png
[16:33:43.621] [T1] list | phase0 C:\Users\tsusa\OneDrive - Automanix\그림\코인챗_211012_아이폰XS_2대_중고구매.png
[16:33:43.623] [T1] list | phase0 C:\Users\tsusa\OneDrive - Automanix\그림\코인챗_사무실.jpg
[16:33:43.626] [T1] list | phase0 C:\Users\tsusa\OneDrive - Automanix\그림\코인챗_회의실.jpg
[16:33:43.633] [T1] tiles | phase0 C:\Users\tsusa\OneDrive - Automanix\그림\PXL_20220719_121308973_2.jpg
[16:33:43.634] [T1] tiles | phase0 C:\Users\tsusa\OneDrive - Automanix\그림\PXL_20220726_125747369_2.jpg
[16:33:43.635] [T1] tiles | phase0 C:\Users\tsusa\OneDrive - Automanix\그림\PXL_20220804_125449327_2.jpg
[16:33:43.636] [T1] tiles | phase0 C:\Users\tsusa\OneDrive - Automanix\그림\PXL_20220812_121956977_2.jpg
[16:33:43.643] [T1] tiles | fill cached C:\Users\tsusa\OneDrive - Automanix\그림\PXL_20220719_121308973_2.jpg
[16:33:43.644] [T1] tiles | fill cached C:\Users\tsusa\OneDrive - Automanix\그림\PXL_20220726_125747369_2.jpg
[16:33:43.644] [T1] tiles | fill cached C:\Users\tsusa\OneDrive - Automanix\그림\PXL_20220804_125449327_2.jpg
[16:33:43.645] [T1] tiles | fill cached C:\Users\tsusa\OneDrive - Automanix\그림\PXL_20220812_121956977_2.jpg
[16:33:43.658] [T1] list | phase0 C:\Users\tsusa\OneDrive - Automanix\그림\포가차.jpg
[16:33:43.660] [T1] list | phase0 C:\Users\tsusa\OneDrive - Automanix\그림\화면 캡처 2020-11-26 162745.png
[16:33:43.670] [T1] tiles | cached done C:\Users\tsusa\OneDrive - Automanix\그림\PXL_20220719_121308973_2.jpg
[16:33:43.671] [T1] tiles | cached done C:\Users\tsusa\OneDrive - Automanix\그림\PXL_20220726_125747369_2.jpg
[16:33:43.671] [T1] tiles | cached done C:\Users\tsusa\OneDrive - Automanix\그림\PXL_20220804_125449327_2.jpg
[16:33:43.671] [T1] tiles | cached done C:\Users\tsusa\OneDrive - Automanix\그림\PXL_20220812_121956977_2.jpg
[16:33:43.676] [T1] list | phase0 C:\Users\tsusa\OneDrive - Automanix\그림\화면 캡처 2022-06-21 003453.png
[16:33:43.679] [T1] list | phase0 C:\Users\tsusa\OneDrive - Automanix\그림\화면 캡처 2022-08-01 115837.jpg
[16:33:43.681] [T1] list | phase0 C:\Users\tsusa\OneDrive - Automanix\그림\화면 캡처 2022-08-01 115837.png
[16:33:43.693] [T1] tiles | phase0 C:\Users\tsusa\OneDrive - Automanix\그림\PXL_20220813_214558393_2.jpg
[16:33:43.694] [T1] tiles | phase0 C:\Users\tsusa\OneDrive - Automanix\그림\PXL_20220817_112931072_2.jpg
[16:33:43.695] [T1] tiles | phase0 C:\Users\tsusa\OneDrive - Automanix\그림\PXL_20220824_112948946_2.jpg
[16:33:43.696] [T1] tiles | phase0 C:\Users\tsusa\OneDrive - Automanix\그림\PXL_20220827_001839431_2.jpg
[16:33:43.704] [T1] tiles | fill cached C:\Users\tsusa\OneDrive - Automanix\그림\PXL_20220813_214558393_2.jpg
[16:33:43.705] [T1] tiles | fill cached C:\Users\tsusa\OneDrive - Automanix\그림\PXL_20220817_112931072_2.jpg
[16:33:43.705] [T1] tiles | fill cached C:\Users\tsusa\OneDrive - Automanix\그림\PXL_20220824_112948946_2.jpg
[16:33:43.706] [T1] tiles | fill cached C:\Users\tsusa\OneDrive - Automanix\그림\PXL_20220827_001839431_2.jpg
[16:33:43.709] [T1] list | phase0 C:\Users\tsusa\OneDrive - Automanix\그림\화면 캡처 2022-08-07 171622.png
[16:33:43.712] [T1] list | phase0 C:\Users\tsusa\OneDrive - Automanix\그림\화면 캡처 2022-09-29 233922.png
[16:33:43.760] [T1] tiles | cached done C:\Users\tsusa\OneDrive - Automanix\그림\PXL_20220817_112931072_2.jpg
[16:33:43.760] [T1] tiles | cached done C:\Users\tsusa\OneDrive - Automanix\그림\PXL_20220824_112948946_2.jpg
[16:33:43.760] [T1] tiles | cached done C:\Users\tsusa\OneDrive - Automanix\그림\PXL_20220813_214558393_2.jpg
[16:33:43.761] [T1] tiles | cached done C:\Users\tsusa\OneDrive - Automanix\그림\PXL_20220827_001839431_2.jpg
[16:33:43.772] [T1] list | phase0 C:\Users\tsusa\OneDrive - Automanix\그림\화면 캡처 2022-10-18 181358.png
[16:33:43.774] [T1] list | phase0 C:\Users\tsusa\OneDrive - Automanix\그림\화면 캡처 2022-10-21 005745.png
[16:33:43.783] [T1] tiles | phase0 C:\Users\tsusa\OneDrive - Automanix\그림\PXL_20220827_230734531_2.jpg
[16:33:43.784] [T1] tiles | phase0 C:\Users\tsusa\OneDrive - Automanix\그림\PXL_20220831_130316984_2.jpg
[16:33:43.785] [T1] tiles | phase0 C:\Users\tsusa\OneDrive - Automanix\그림\PXL_20220902_215631957_3.jpg
[16:33:43.786] [T1] tiles | phase0 C:\Users\tsusa\OneDrive - Automanix\그림\PXL_20220903_010322367_2.jpg
[16:33:43.788] [T1] tiles | fill cached C:\Users\tsusa\OneDrive - Automanix\그림\PXL_20220827_230734531_2.jpg
[16:33:43.789] [T1] tiles | fill cached C:\Users\tsusa\OneDrive - Automanix\그림\PXL_20220831_130316984_2.jpg
[16:33:43.789] [T1] tiles | fill cached C:\Users\tsusa\OneDrive - Automanix\그림\PXL_20220902_215631957_3.jpg
[16:33:43.790] [T1] tiles | fill cached C:\Users\tsusa\OneDrive - Automanix\그림\PXL_20220903_010322367_2.jpg
[16:33:43.803] [T1] tiles | cached done C:\Users\tsusa\OneDrive - Automanix\그림\PXL_20220827_230734531_2.jpg
[16:33:43.803] [T1] tiles | cached done C:\Users\tsusa\OneDrive - Automanix\그림\PXL_20220831_130316984_2.jpg
[16:33:43.806] [T1] tiles | cached done C:\Users\tsusa\OneDrive - Automanix\그림\PXL_20220902_215631957_3.jpg
[16:33:43.809] [T1] tiles | cached done C:\Users\tsusa\OneDrive - Automanix\그림\PXL_20220903_010322367_2.jpg
[16:33:43.844] [T1] tiles | phase0 C:\Users\tsusa\OneDrive - Automanix\그림\PXL_20220920_125143842.MOTION-02.ORIGINAL_2.jpg
[16:33:43.845] [T1] tiles | phase0 C:\Users\tsusa\OneDrive - Automanix\그림\PXL_20221101_105955590_2.jpg
[16:33:43.846] [T1] tiles | phase0 C:\Users\tsusa\OneDrive - Automanix\그림\PXL_20230212_024010110.jpg
[16:33:43.847] [T1] tiles | phase0 C:\Users\tsusa\OneDrive - Automanix\그림\PXL_20230212_025601437_2.jpg
[16:33:43.849] [T1] tiles | fill cached C:\Users\tsusa\OneDrive - Automanix\그림\PXL_20220920_125143842.MOTION-02.ORIGINAL_2.jpg
[16:33:43.850] [T1] tiles | fill cached C:\Users\tsusa\OneDrive - Automanix\그림\PXL_20221101_105955590_2.jpg
[16:33:43.851] [T1] tiles | fill cached C:\Users\tsusa\OneDrive - Automanix\그림\PXL_20230212_024010110.jpg
[16:33:43.852] [T1] tiles | fill cached C:\Users\tsusa\OneDrive - Automanix\그림\PXL_20230212_025601437_2.jpg
[16:33:43.862] [T1] tiles | cached done C:\Users\tsusa\OneDrive - Automanix\그림\PXL_20221101_105955590_2.jpg
[16:33:43.865] [T1] tiles | cached done C:\Users\tsusa\OneDrive - Automanix\그림\PXL_20220920_125143842.MOTION-02.ORIGINAL_2.jpg
[16:33:43.866] [T1] tiles | cached done C:\Users\tsusa\OneDrive - Automanix\그림\PXL_20230212_024010110.jpg
[16:33:43.889] [T1] tiles | cached done C:\Users\tsusa\OneDrive - Automanix\그림\PXL_20230212_025601437_2.jpg
[16:33:43.966] [T1] tiles | phase0 C:\Users\tsusa\OneDrive - Automanix\그림\PXL_20230422_230822530~2.jpg
[16:33:43.967] [T1] tiles | phase0 C:\Users\tsusa\OneDrive - Automanix\그림\vlcsnap-2026-01-18-12h58m03s381.png
[16:33:43.968] [T1] tiles | phase0 C:\Users\tsusa\OneDrive - Automanix\그림\vlcsnap-2026-01-19-02h04m39s483.png
[16:33:43.969] [T1] tiles | phase0 C:\Users\tsusa\OneDrive - Automanix\그림\vlcsnap-2026-01-27-01h49m01s690.png
[16:33:43.976] [T1] tiles | fill cached C:\Users\tsusa\OneDrive - Automanix\그림\PXL_20230422_230822530~2.jpg
[16:33:43.977] [T1] tiles | fill shell C:\Users\tsusa\OneDrive - Automanix\그림\vlcsnap-2026-01-18-12h58m03s381.png
[16:33:43.977] [T1] tiles | fill shell C:\Users\tsusa\OneDrive - Automanix\그림\vlcsnap-2026-01-19-02h04m39s483.png
[16:33:43.978] [T1] tiles | fill shell C:\Users\tsusa\OneDrive - Automanix\그림\vlcsnap-2026-01-27-01h49m01s690.png
[16:33:43.990] [T1] tiles | cached done C:\Users\tsusa\OneDrive - Automanix\그림\PXL_20230422_230822530~2.jpg
[16:33:43.994] [T1] tiles | shell done C:\Users\tsusa\OneDrive - Automanix\그림\vlcsnap-2026-01-18-12h58m03s381.png
[16:33:43.994] [T1] tiles | shell done C:\Users\tsusa\OneDrive - Automanix\그림\vlcsnap-2026-01-27-01h49m01s690.png
[16:33:43.998] [T1] tiles | shell done C:\Users\tsusa\OneDrive - Automanix\그림\vlcsnap-2026-01-19-02h04m39s483.png
[16:33:44.002] [T1] tiles | phase0 C:\Users\tsusa\OneDrive - Automanix\그림\민초로부터 온 퇴장 통보.png
[16:33:44.003] [T1] tiles | phase0 C:\Users\tsusa\OneDrive - Automanix\그림\아우디 현가장치 관련 리콜.png
[16:33:44.004] [T1] tiles | phase0 C:\Users\tsusa\OneDrive - Automanix\그림\오토매닉스 대표이미지.png
[16:33:44.005] [T1] tiles | phase0 C:\Users\tsusa\OneDrive - Automanix\그림\오토매닉스 로고.png
[16:33:44.006] [T1] tiles | fill shell C:\Users\tsusa\OneDrive - Automanix\그림\민초로부터 온 퇴장 통보.png
[16:33:44.006] [T1] tiles | fill cached C:\Users\tsusa\OneDrive - Automanix\그림\아우디 현가장치 관련 리콜.png
[16:33:44.007] [T1] tiles | fill cached C:\Users\tsusa\OneDrive - Automanix\그림\오토매닉스 대표이미지.png
[16:33:44.008] [T1] tiles | fill cached C:\Users\tsusa\OneDrive - Automanix\그림\오토매닉스 로고.png
[16:33:44.019] [T1] tiles | shell done C:\Users\tsusa\OneDrive - Automanix\그림\민초로부터 온 퇴장 통보.png
[16:33:44.020] [T1] tiles | cached done C:\Users\tsusa\OneDrive - Automanix\그림\오토매닉스 로고.png
[16:33:44.022] [T1] tiles | cached done C:\Users\tsusa\OneDrive - Automanix\그림\오토매닉스 대표이미지.png
[16:33:44.027] [T1] tiles | cached done C:\Users\tsusa\OneDrive - Automanix\그림\아우디 현가장치 관련 리콜.png
[16:33:44.032] [T1] tiles | phase0 C:\Users\tsusa\OneDrive - Automanix\그림\오토매닉스 로고이미지.png
[16:33:44.033] [T1] tiles | phase0 C:\Users\tsusa\OneDrive - Automanix\그림\오토매닉스_약도.png
[16:33:44.034] [T1] tiles | phase0 C:\Users\tsusa\OneDrive - Automanix\그림\오토매닉스_인감_배경제거.png
[16:33:44.035] [T1] tiles | phase0 C:\Users\tsusa\OneDrive - Automanix\그림\코인챗 로고 long 188_79.png
[16:33:44.036] [T1] tiles | fill cached C:\Users\tsusa\OneDrive - Automanix\그림\오토매닉스 로고이미지.png
[16:33:44.036] [T1] tiles | fill cached C:\Users\tsusa\OneDrive - Automanix\그림\오토매닉스_약도.png
[16:33:44.037] [T1] tiles | fill cached C:\Users\tsusa\OneDrive - Automanix\그림\오토매닉스_인감_배경제거.png
[16:33:44.037] [T1] tiles | fill cached C:\Users\tsusa\OneDrive - Automanix\그림\코인챗 로고 long 188_79.png
[16:33:44.049] [T1] tiles | cached done C:\Users\tsusa\OneDrive - Automanix\그림\오토매닉스_인감_배경제거.png
[16:33:44.052] [T1] tiles | cached done C:\Users\tsusa\OneDrive - Automanix\그림\오토매닉스_약도.png
[16:33:44.053] [T1] tiles | cached done C:\Users\tsusa\OneDrive - Automanix\그림\코인챗 로고 long 188_79.png
[16:33:44.053] [T1] tiles | cached done C:\Users\tsusa\OneDrive - Automanix\그림\오토매닉스 로고이미지.png
[16:33:44.068] [T1] tiles | phase0 C:\Users\tsusa\OneDrive - Automanix\그림\코인챗 로고 square 148_148.png
[16:33:44.069] [T1] tiles | phase0 C:\Users\tsusa\OneDrive - Automanix\그림\코인챗_211012_아이폰XS_2대_중고구매.png
[16:33:44.070] [T1] tiles | phase0 C:\Users\tsusa\OneDrive - Automanix\그림\코인챗_사무실.jpg
[16:33:44.071] [T1] tiles | phase0 C:\Users\tsusa\OneDrive - Automanix\그림\코인챗_회의실.jpg
[16:33:44.079] [T1] tiles | fill cached C:\Users\tsusa\OneDrive - Automanix\그림\코인챗 로고 square 148_148.png
[16:33:44.080] [T1] tiles | fill cached C:\Users\tsusa\OneDrive - Automanix\그림\코인챗_211012_아이폰XS_2대_중고구매.png
[16:33:44.080] [T1] tiles | fill cached C:\Users\tsusa\OneDrive - Automanix\그림\코인챗_사무실.jpg
[16:33:44.081] [T1] tiles | fill cached C:\Users\tsusa\OneDrive - Automanix\그림\코인챗_회의실.jpg
[16:33:44.106] [T1] tiles | cached done C:\Users\tsusa\OneDrive - Automanix\그림\코인챗 로고 square 148_148.png
[16:33:44.108] [T1] tiles | cached done C:\Users\tsusa\OneDrive - Automanix\그림\코인챗_211012_아이폰XS_2대_중고구매.png
[16:33:44.109] [T1] tiles | cached done C:\Users\tsusa\OneDrive - Automanix\그림\코인챗_회의실.jpg
[16:33:44.113] [T1] tiles | cached done C:\Users\tsusa\OneDrive - Automanix\그림\코인챗_사무실.jpg
[16:33:44.116] [T1] tiles | phase0 C:\Users\tsusa\OneDrive - Automanix\그림\포가차.jpg
[16:33:44.118] [T1] tiles | phase0 C:\Users\tsusa\OneDrive - Automanix\그림\화면 캡처 2020-11-26 162745.png
[16:33:44.118] [T1] tiles | phase0 C:\Users\tsusa\OneDrive - Automanix\그림\화면 캡처 2022-06-21 003453.png
[16:33:44.119] [T1] tiles | phase0 C:\Users\tsusa\OneDrive - Automanix\그림\화면 캡처 2022-08-01 115837.jpg
[16:33:44.120] [T1] tiles | fill cached C:\Users\tsusa\OneDrive - Automanix\그림\포가차.jpg
[16:33:44.121] [T1] tiles | fill cached C:\Users\tsusa\OneDrive - Automanix\그림\화면 캡처 2020-11-26 162745.png
[16:33:44.121] [T1] tiles | fill cached C:\Users\tsusa\OneDrive - Automanix\그림\화면 캡처 2022-06-21 003453.png
[16:33:44.121] [T1] tiles | fill cached C:\Users\tsusa\OneDrive - Automanix\그림\화면 캡처 2022-08-01 115837.jpg
[16:33:44.131] [T1] tiles | cached done C:\Users\tsusa\OneDrive - Automanix\그림\화면 캡처 2020-11-26 162745.png
[16:33:44.136] [T1] tiles | cached done C:\Users\tsusa\OneDrive - Automanix\그림\포가차.jpg
[16:33:44.138] [T1] tiles | cached done C:\Users\tsusa\OneDrive - Automanix\그림\화면 캡처 2022-06-21 003453.png
[16:33:44.138] [T1] tiles | cached done C:\Users\tsusa\OneDrive - Automanix\그림\화면 캡처 2022-08-01 115837.jpg
[16:33:44.141] [T1] tiles | phase0 C:\Users\tsusa\OneDrive - Automanix\그림\화면 캡처 2022-08-01 115837.png
[16:33:44.142] [T1] tiles | phase0 C:\Users\tsusa\OneDrive - Automanix\그림\화면 캡처 2022-08-07 171622.png
[16:33:44.143] [T1] tiles | phase0 C:\Users\tsusa\OneDrive - Automanix\그림\화면 캡처 2022-09-29 233922.png
[16:33:44.144] [T1] tiles | phase0 C:\Users\tsusa\OneDrive - Automanix\그림\화면 캡처 2022-10-18 181358.png
[16:33:44.152] [T1] tiles | fill cached C:\Users\tsusa\OneDrive - Automanix\그림\화면 캡처 2022-08-01 115837.png
[16:33:44.153] [T1] tiles | fill cached C:\Users\tsusa\OneDrive - Automanix\그림\화면 캡처 2022-08-07 171622.png
[16:33:44.154] [T1] tiles | fill cached C:\Users\tsusa\OneDrive - Automanix\그림\화면 캡처 2022-09-29 233922.png
[16:33:44.154] [T1] tiles | fill cached C:\Users\tsusa\OneDrive - Automanix\그림\화면 캡처 2022-10-18 181358.png
[16:33:44.167] [T1] tiles | cached done C:\Users\tsusa\OneDrive - Automanix\그림\화면 캡처 2022-09-29 233922.png
[16:33:44.168] [T1] tiles | cached done C:\Users\tsusa\OneDrive - Automanix\그림\화면 캡처 2022-08-07 171622.png
[16:33:44.173] [T1] tiles | cached done C:\Users\tsusa\OneDrive - Automanix\그림\화면 캡처 2022-10-18 181358.png
[16:33:44.173] [T1] tiles | cached done C:\Users\tsusa\OneDrive - Automanix\그림\화면 캡처 2022-08-01 115837.png
[16:33:44.178] [T1] tiles | phase0 C:\Users\tsusa\OneDrive - Automanix\그림\화면 캡처 2022-10-21 005745.png
[16:33:44.181] [T1] tiles | fill cached C:\Users\tsusa\OneDrive - Automanix\그림\화면 캡처 2022-10-21 005745.png
[16:33:44.194] [T1] tiles | cached done C:\Users\tsusa\OneDrive - Automanix\그림\화면 캡처 2022-10-21 005745.png
[16:34:04.128] [T1] nav | NavigateToAsync C:\Users\tsusa\OneDrive - Automanix\그림 exts=48
[16:34:04.128] [T1] nav | scan done C:\Users\tsusa\OneDrive - Automanix\그림 count=66
[16:34:04.129] [T1] nav | RefreshView C:\Users\tsusa\OneDrive - Automanix\그림 count=66
[16:34:04.129] [T1] list | recycle C:\Users\tsusa\OneDrive - Automanix\그림\240323 강가 별장
[16:34:04.129] [T1] list | ForceFinish(recycle)
[16:34:04.129] [T1] list | recycle C:\Users\tsusa\OneDrive - Automanix\그림\aaa
[16:34:04.129] [T1] list | ForceFinish(recycle)
[16:34:04.129] [T1] list | recycle C:\Users\tsusa\OneDrive - Automanix\그림\Feedback
[16:34:04.129] [T1] list | ForceFinish(recycle)
[16:34:04.129] [T1] list | recycle C:\Users\tsusa\OneDrive - Automanix\그림\Saved Pictures
[16:34:04.129] [T1] list | ForceFinish(recycle)
[16:34:04.129] [T1] list | recycle C:\Users\tsusa\OneDrive - Automanix\그림\Scan
[16:34:04.129] [T1] list | ForceFinish(recycle)
[16:34:04.129] [T1] list | recycle C:\Users\tsusa\OneDrive - Automanix\그림\Screenshots
[16:34:04.129] [T1] list | ForceFinish(recycle)
[16:34:04.129] [T1] list | recycle C:\Users\tsusa\OneDrive - Automanix\그림\Zwift
[16:34:04.129] [T1] list | ForceFinish(recycle)
[16:34:04.129] [T1] list | recycle C:\Users\tsusa\OneDrive - Automanix\그림\바탕화면
[16:34:04.129] [T1] list | ForceFinish(recycle)
[16:34:04.129] [T1] list | recycle C:\Users\tsusa\OneDrive - Automanix\그림\스캔
[16:34:04.129] [T1] list | ForceFinish(recycle)
[16:34:04.129] [T1] list | recycle C:\Users\tsusa\OneDrive - Automanix\그림\스크린샷
[16:34:04.129] [T1] list | ForceFinish(recycle)
[16:34:04.129] [T1] list | recycle C:\Users\tsusa\OneDrive - Automanix\그림\카메라 앨범
[16:34:04.129] [T1] list | ForceFinish(recycle)
[16:34:04.129] [T1] list | recycle C:\Users\tsusa\OneDrive - Automanix\그림\220731 강화도.mp4_005246116.jpeg
[16:34:04.129] [T1] list | ForceFinish(recycle)
[16:34:04.129] [T1] list | recycle C:\Users\tsusa\OneDrive - Automanix\그림\220731 강화도.mp4_005246116.jpg
[16:34:04.129] [T1] list | ForceFinish(recycle)
[16:34:04.129] [T1] list | recycle C:\Users\tsusa\OneDrive - Automanix\그림\220731 강화도.mp4_005246116.png
[16:34:04.129] [T1] list | ForceFinish(recycle)
[16:34:04.129] [T1] list | recycle C:\Users\tsusa\OneDrive - Automanix\그림\AMX.jpg
[16:34:04.129] [T1] list | ForceFinish(recycle)
[16:34:04.129] [T1] list | recycle C:\Users\tsusa\OneDrive - Automanix\그림\ARS-로고디자인_원본파일.png
[16:34:04.129] [T1] list | ForceFinish(recycle)
[16:34:04.129] [T1] list | recycle C:\Users\tsusa\OneDrive - Automanix\그림\DALL·E 2024-07-22 16.05.33 - Simplified version of a logo for 'Automotive Research Solution' with the main elements being 'ARS' in a bold font and a sleek, modern car silhouette. .webp
[16:34:04.129] [T1] list | ForceFinish(recycle)
[16:34:04.129] [T1] list | recycle C:\Users\tsusa\OneDrive - Automanix\그림\KakaoTalk_20200117_092011491.png
[16:34:04.129] [T1] list | ForceFinish(recycle)
[16:34:04.129] [T1] list | recycle C:\Users\tsusa\OneDrive - Automanix\그림\KakaoTalk_20240703_110337676.jpg
[16:34:04.129] [T1] list | ForceFinish(recycle)
[16:34:04.130] [T1] list | recycle C:\Users\tsusa\OneDrive - Automanix\그림\pexels-pixabay-37347.jpg
[16:34:04.130] [T1] list | ForceFinish(recycle)
[16:34:04.130] [T1] list | recycle C:\Users\tsusa\OneDrive - Automanix\그림\pexels-polina-zimmerman-3778619.jpg
[16:34:04.130] [T1] list | ForceFinish(recycle)
[16:34:04.130] [T1] list | recycle C:\Users\tsusa\OneDrive - Automanix\그림\PXL_20220709_232639106_2.jpg
[16:34:04.130] [T1] list | ForceFinish(recycle)
[16:34:04.130] [T1] list | recycle C:\Users\tsusa\OneDrive - Automanix\그림\PXL_20220714_125035942_2.jpg
[16:34:04.130] [T1] list | ForceFinish(recycle)
[16:34:04.130] [T1] list | recycle C:\Users\tsusa\OneDrive - Automanix\그림\PXL_20220714_125148380_2.jpg
[16:34:04.130] [T1] list | ForceFinish(recycle)
[16:34:04.130] [T1] list | recycle C:\Users\tsusa\OneDrive - Automanix\그림\PXL_20220719_121308973_2.jpg
[16:34:04.130] [T1] list | ForceFinish(recycle)
[16:34:04.130] [T1] list | recycle C:\Users\tsusa\OneDrive - Automanix\그림\PXL_20220726_125747369_2.jpg
[16:34:04.130] [T1] list | ForceFinish(recycle)
[16:34:04.130] [T1] list | recycle C:\Users\tsusa\OneDrive - Automanix\그림\PXL_20220804_125449327_2.jpg
[16:34:04.130] [T1] list | ForceFinish(recycle)
[16:34:04.130] [T1] list | recycle C:\Users\tsusa\OneDrive - Automanix\그림\PXL_20220812_121956977_2.jpg
[16:34:04.130] [T1] list | ForceFinish(recycle)
[16:34:04.130] [T1] list | recycle C:\Users\tsusa\OneDrive - Automanix\그림\PXL_20220813_214558393_2.jpg
[16:34:04.130] [T1] list | ForceFinish(recycle)
[16:34:04.130] [T1] list | recycle C:\Users\tsusa\OneDrive - Automanix\그림\PXL_20220817_112931072_2.jpg
[16:34:04.130] [T1] list | ForceFinish(recycle)
[16:34:04.130] [T1] list | recycle C:\Users\tsusa\OneDrive - Automanix\그림\PXL_20220824_112948946_2.jpg
[16:34:04.130] [T1] list | ForceFinish(recycle)
[16:34:04.130] [T1] list | recycle C:\Users\tsusa\OneDrive - Automanix\그림\PXL_20220827_001839431_2.jpg
[16:34:04.130] [T1] list | ForceFinish(recycle)
[16:34:04.130] [T1] list | recycle C:\Users\tsusa\OneDrive - Automanix\그림\PXL_20220827_230734531_2.jpg
[16:34:04.130] [T1] list | ForceFinish(recycle)
[16:34:04.130] [T1] list | recycle C:\Users\tsusa\OneDrive - Automanix\그림\PXL_20220831_130316984_2.jpg
[16:34:04.130] [T1] list | ForceFinish(recycle)
[16:34:04.130] [T1] list | recycle C:\Users\tsusa\OneDrive - Automanix\그림\PXL_20220902_215631957_3.jpg
[16:34:04.130] [T1] list | ForceFinish(recycle)
[16:34:04.130] [T1] list | recycle C:\Users\tsusa\OneDrive - Automanix\그림\PXL_20220903_010322367_2.jpg
[16:34:04.130] [T1] list | ForceFinish(recycle)
[16:34:04.130] [T1] list | recycle C:\Users\tsusa\OneDrive - Automanix\그림\PXL_20220920_125143842.MOTION-02.ORIGINAL_2.jpg
[16:34:04.130] [T1] list | ForceFinish(recycle)
[16:34:04.130] [T1] list | recycle C:\Users\tsusa\OneDrive - Automanix\그림\PXL_20221101_105955590_2.jpg
[16:34:04.130] [T1] list | ForceFinish(recycle)
[16:34:04.130] [T1] list | recycle C:\Users\tsusa\OneDrive - Automanix\그림\PXL_20230212_024010110.jpg
[16:34:04.130] [T1] list | ForceFinish(recycle)
[16:34:04.130] [T1] list | recycle C:\Users\tsusa\OneDrive - Automanix\그림\PXL_20230212_025601437_2.jpg
[16:34:04.130] [T1] list | ForceFinish(recycle)
[16:34:04.130] [T1] list | recycle C:\Users\tsusa\OneDrive - Automanix\그림\PXL_20230422_230822530~2.jpg
[16:34:04.130] [T1] list | ForceFinish(recycle)
[16:34:04.130] [T1] list | recycle C:\Users\tsusa\OneDrive - Automanix\그림\vlcsnap-2026-01-18-12h58m03s381.png
[16:34:04.130] [T1] list | ForceFinish(recycle)
[16:34:04.130] [T1] list | recycle C:\Users\tsusa\OneDrive - Automanix\그림\vlcsnap-2026-01-19-02h04m39s483.png
[16:34:04.130] [T1] list | ForceFinish(recycle)
[16:34:04.130] [T1] list | recycle C:\Users\tsusa\OneDrive - Automanix\그림\vlcsnap-2026-01-27-01h49m01s690.png
[16:34:04.130] [T1] list | ForceFinish(recycle)
[16:34:04.130] [T1] list | recycle C:\Users\tsusa\OneDrive - Automanix\그림\민초로부터 온 퇴장 통보.png
[16:34:04.130] [T1] list | ForceFinish(recycle)
[16:34:04.130] [T1] list | recycle C:\Users\tsusa\OneDrive - Automanix\그림\아우디 현가장치 관련 리콜.png
[16:34:04.130] [T1] list | ForceFinish(recycle)
[16:34:04.130] [T1] list | recycle C:\Users\tsusa\OneDrive - Automanix\그림\오토매닉스 대표이미지.png
[16:34:04.130] [T1] list | ForceFinish(recycle)
[16:34:04.130] [T1] list | recycle C:\Users\tsusa\OneDrive - Automanix\그림\오토매닉스 로고.png
[16:34:04.130] [T1] list | ForceFinish(recycle)
[16:34:04.130] [T1] list | recycle C:\Users\tsusa\OneDrive - Automanix\그림\오토매닉스 로고이미지.png
[16:34:04.130] [T1] list | ForceFinish(recycle)
[16:34:04.130] [T1] list | recycle C:\Users\tsusa\OneDrive - Automanix\그림\오토매닉스_약도.png
[16:34:04.130] [T1] list | ForceFinish(recycle)
[16:34:04.130] [T1] list | recycle C:\Users\tsusa\OneDrive - Automanix\그림\오토매닉스_인감_배경제거.png
[16:34:04.130] [T1] list | ForceFinish(recycle)
[16:34:04.130] [T1] list | recycle C:\Users\tsusa\OneDrive - Automanix\그림\코인챗 로고 long 188_79.png
[16:34:04.130] [T1] list | ForceFinish(recycle)
[16:34:04.130] [T1] list | recycle C:\Users\tsusa\OneDrive - Automanix\그림\코인챗 로고 square 148_148.png
[16:34:04.130] [T1] list | ForceFinish(recycle)
[16:34:04.130] [T1] list | recycle C:\Users\tsusa\OneDrive - Automanix\그림\코인챗_211012_아이폰XS_2대_중고구매.png
[16:34:04.130] [T1] list | ForceFinish(recycle)
[16:34:04.130] [T1] list | recycle C:\Users\tsusa\OneDrive - Automanix\그림\코인챗_사무실.jpg
[16:34:04.130] [T1] list | ForceFinish(recycle)
[16:34:04.130] [T1] list | recycle C:\Users\tsusa\OneDrive - Automanix\그림\코인챗_회의실.jpg
[16:34:04.130] [T1] list | ForceFinish(recycle)
[16:34:04.130] [T1] list | recycle C:\Users\tsusa\OneDrive - Automanix\그림\포가차.jpg
[16:34:04.130] [T1] list | ForceFinish(recycle)
[16:34:04.131] [T1] list | recycle C:\Users\tsusa\OneDrive - Automanix\그림\화면 캡처 2020-11-26 162745.png
[16:34:04.131] [T1] list | ForceFinish(recycle)
[16:34:04.131] [T1] list | recycle C:\Users\tsusa\OneDrive - Automanix\그림\화면 캡처 2022-06-21 003453.png
[16:34:04.131] [T1] list | ForceFinish(recycle)
[16:34:04.131] [T1] list | recycle C:\Users\tsusa\OneDrive - Automanix\그림\화면 캡처 2022-08-01 115837.jpg
[16:34:04.131] [T1] list | ForceFinish(recycle)
[16:34:04.131] [T1] list | recycle C:\Users\tsusa\OneDrive - Automanix\그림\화면 캡처 2022-08-01 115837.png
[16:34:04.131] [T1] list | ForceFinish(recycle)
[16:34:04.131] [T1] list | recycle C:\Users\tsusa\OneDrive - Automanix\그림\화면 캡처 2022-08-07 171622.png
[16:34:04.131] [T1] list | ForceFinish(recycle)
[16:34:04.131] [T1] list | recycle C:\Users\tsusa\OneDrive - Automanix\그림\화면 캡처 2022-09-29 233922.png
[16:34:04.131] [T1] list | ForceFinish(recycle)
[16:34:04.131] [T1] list | recycle C:\Users\tsusa\OneDrive - Automanix\그림\화면 캡처 2022-10-18 181358.png
[16:34:04.131] [T1] list | ForceFinish(recycle)
[16:34:04.131] [T1] list | recycle C:\Users\tsusa\OneDrive - Automanix\그림\화면 캡처 2022-10-21 005745.png
[16:34:04.131] [T1] list | ForceFinish(recycle)
[16:34:04.131] [T1] tiles | ShowEntries C:\Users\tsusa\OneDrive - Automanix\그림 count=66
[16:34:04.131] [T1] tiles | recycle C:\Users\tsusa\OneDrive - Automanix\그림\240323 강가 별장
[16:34:04.132] [T1] tiles | recycle C:\Users\tsusa\OneDrive - Automanix\그림\aaa
[16:34:04.132] [T1] tiles | recycle C:\Users\tsusa\OneDrive - Automanix\그림\Feedback
[16:34:04.132] [T1] tiles | recycle C:\Users\tsusa\OneDrive - Automanix\그림\Saved Pictures
[16:34:04.132] [T1] tiles | recycle C:\Users\tsusa\OneDrive - Automanix\그림\Scan
[16:34:04.132] [T1] tiles | recycle C:\Users\tsusa\OneDrive - Automanix\그림\Screenshots
[16:34:04.132] [T1] tiles | recycle C:\Users\tsusa\OneDrive - Automanix\그림\Zwift
[16:34:04.132] [T1] tiles | recycle C:\Users\tsusa\OneDrive - Automanix\그림\바탕화면
[16:34:04.132] [T1] tiles | recycle C:\Users\tsusa\OneDrive - Automanix\그림\스캔
[16:34:04.132] [T1] tiles | recycle C:\Users\tsusa\OneDrive - Automanix\그림\스크린샷
[16:34:04.132] [T1] tiles | recycle C:\Users\tsusa\OneDrive - Automanix\그림\카메라 앨범
[16:34:04.133] [T1] tiles | recycle C:\Users\tsusa\OneDrive - Automanix\그림\220731 강화도.mp4_005246116.jpeg
[16:34:04.133] [T1] tiles | recycle C:\Users\tsusa\OneDrive - Automanix\그림\220731 강화도.mp4_005246116.jpg
[16:34:04.133] [T1] tiles | recycle C:\Users\tsusa\OneDrive - Automanix\그림\220731 강화도.mp4_005246116.png
[16:34:04.133] [T1] tiles | recycle C:\Users\tsusa\OneDrive - Automanix\그림\AMX.jpg
[16:34:04.133] [T1] tiles | recycle C:\Users\tsusa\OneDrive - Automanix\그림\ARS-로고디자인_원본파일.png
[16:34:04.133] [T1] tiles | recycle C:\Users\tsusa\OneDrive - Automanix\그림\DALL·E 2024-07-22 16.05.33 - Simplified version of a logo for 'Automotive Research Solution' with the main elements being 'ARS' in a bold font and a sleek, modern car silhouette. .webp
[16:34:04.133] [T1] tiles | recycle C:\Users\tsusa\OneDrive - Automanix\그림\KakaoTalk_20200117_092011491.png
[16:34:04.133] [T1] tiles | recycle C:\Users\tsusa\OneDrive - Automanix\그림\KakaoTalk_20240703_110337676.jpg
[16:34:04.133] [T1] tiles | recycle C:\Users\tsusa\OneDrive - Automanix\그림\pexels-pixabay-37347.jpg
[16:34:04.133] [T1] tiles | recycle C:\Users\tsusa\OneDrive - Automanix\그림\pexels-polina-zimmerman-3778619.jpg
[16:34:04.133] [T1] tiles | recycle C:\Users\tsusa\OneDrive - Automanix\그림\PXL_20220709_232639106_2.jpg
[16:34:04.133] [T1] tiles | recycle C:\Users\tsusa\OneDrive - Automanix\그림\PXL_20220714_125035942_2.jpg
[16:34:04.133] [T1] tiles | recycle C:\Users\tsusa\OneDrive - Automanix\그림\PXL_20220714_125148380_2.jpg
[16:34:04.134] [T1] tiles | recycle C:\Users\tsusa\OneDrive - Automanix\그림\PXL_20220719_121308973_2.jpg
[16:34:04.134] [T1] tiles | recycle C:\Users\tsusa\OneDrive - Automanix\그림\PXL_20220726_125747369_2.jpg
[16:34:04.134] [T1] tiles | recycle C:\Users\tsusa\OneDrive - Automanix\그림\PXL_20220804_125449327_2.jpg
[16:34:04.134] [T1] tiles | recycle C:\Users\tsusa\OneDrive - Automanix\그림\PXL_20220812_121956977_2.jpg
[16:34:04.134] [T1] tiles | recycle C:\Users\tsusa\OneDrive - Automanix\그림\PXL_20220813_214558393_2.jpg
[16:34:04.134] [T1] tiles | recycle C:\Users\tsusa\OneDrive - Automanix\그림\PXL_20220817_112931072_2.jpg
[16:34:04.134] [T1] tiles | recycle C:\Users\tsusa\OneDrive - Automanix\그림\PXL_20220824_112948946_2.jpg
[16:34:04.134] [T1] tiles | recycle C:\Users\tsusa\OneDrive - Automanix\그림\PXL_20220827_001839431_2.jpg
[16:34:04.134] [T1] tiles | recycle C:\Users\tsusa\OneDrive - Automanix\그림\PXL_20220827_230734531_2.jpg
[16:34:04.134] [T1] tiles | recycle C:\Users\tsusa\OneDrive - Automanix\그림\PXL_20220831_130316984_2.jpg
[16:34:04.134] [T1] tiles | recycle C:\Users\tsusa\OneDrive - Automanix\그림\PXL_20220902_215631957_3.jpg
[16:34:04.134] [T1] tiles | recycle C:\Users\tsusa\OneDrive - Automanix\그림\PXL_20220903_010322367_2.jpg
[16:34:04.134] [T1] tiles | recycle C:\Users\tsusa\OneDrive - Automanix\그림\PXL_20220920_125143842.MOTION-02.ORIGINAL_2.jpg
[16:34:04.134] [T1] tiles | recycle C:\Users\tsusa\OneDrive - Automanix\그림\PXL_20221101_105955590_2.jpg
[16:34:04.134] [T1] tiles | recycle C:\Users\tsusa\OneDrive - Automanix\그림\PXL_20230212_024010110.jpg
[16:34:04.134] [T1] tiles | recycle C:\Users\tsusa\OneDrive - Automanix\그림\PXL_20230212_025601437_2.jpg
[16:34:04.134] [T1] tiles | recycle C:\Users\tsusa\OneDrive - Automanix\그림\PXL_20230422_230822530~2.jpg
[16:34:04.135] [T1] tiles | recycle C:\Users\tsusa\OneDrive - Automanix\그림\vlcsnap-2026-01-18-12h58m03s381.png
[16:34:04.135] [T1] tiles | recycle C:\Users\tsusa\OneDrive - Automanix\그림\vlcsnap-2026-01-19-02h04m39s483.png
[16:34:04.135] [T1] tiles | recycle C:\Users\tsusa\OneDrive - Automanix\그림\vlcsnap-2026-01-27-01h49m01s690.png
[16:34:04.135] [T1] tiles | recycle C:\Users\tsusa\OneDrive - Automanix\그림\민초로부터 온 퇴장 통보.png
[16:34:04.135] [T1] tiles | recycle C:\Users\tsusa\OneDrive - Automanix\그림\아우디 현가장치 관련 리콜.png
[16:34:04.135] [T1] tiles | recycle C:\Users\tsusa\OneDrive - Automanix\그림\오토매닉스 대표이미지.png
[16:34:04.135] [T1] tiles | recycle C:\Users\tsusa\OneDrive - Automanix\그림\오토매닉스 로고.png
[16:34:04.164] [T1] tiles | recycle C:\Users\tsusa\OneDrive - Automanix\그림\오토매닉스 로고이미지.png
[16:34:04.164] [T1] tiles | recycle C:\Users\tsusa\OneDrive - Automanix\그림\오토매닉스_약도.png
[16:34:04.164] [T1] tiles | recycle C:\Users\tsusa\OneDrive - Automanix\그림\오토매닉스_인감_배경제거.png
[16:34:04.164] [T1] tiles | recycle C:\Users\tsusa\OneDrive - Automanix\그림\코인챗 로고 long 188_79.png
[16:34:04.164] [T1] tiles | recycle C:\Users\tsusa\OneDrive - Automanix\그림\코인챗 로고 square 148_148.png
[16:34:04.164] [T1] tiles | recycle C:\Users\tsusa\OneDrive - Automanix\그림\코인챗_211012_아이폰XS_2대_중고구매.png
[16:34:04.164] [T1] tiles | recycle C:\Users\tsusa\OneDrive - Automanix\그림\코인챗_사무실.jpg
[16:34:04.164] [T1] tiles | recycle C:\Users\tsusa\OneDrive - Automanix\그림\코인챗_회의실.jpg
[16:34:04.164] [T1] tiles | recycle C:\Users\tsusa\OneDrive - Automanix\그림\포가차.jpg
[16:34:04.164] [T1] tiles | recycle C:\Users\tsusa\OneDrive - Automanix\그림\화면 캡처 2020-11-26 162745.png
[16:34:04.165] [T1] tiles | recycle C:\Users\tsusa\OneDrive - Automanix\그림\화면 캡처 2022-06-21 003453.png
[16:34:04.165] [T1] tiles | recycle C:\Users\tsusa\OneDrive - Automanix\그림\화면 캡처 2022-08-01 115837.jpg
[16:34:04.165] [T1] tiles | recycle C:\Users\tsusa\OneDrive - Automanix\그림\화면 캡처 2022-08-01 115837.png
[16:34:04.165] [T1] tiles | recycle C:\Users\tsusa\OneDrive - Automanix\그림\화면 캡처 2022-08-07 171622.png
[16:34:04.165] [T1] tiles | recycle C:\Users\tsusa\OneDrive - Automanix\그림\화면 캡처 2022-09-29 233922.png
[16:34:04.165] [T1] tiles | recycle C:\Users\tsusa\OneDrive - Automanix\그림\화면 캡처 2022-10-18 181358.png
[16:34:04.165] [T1] tiles | recycle C:\Users\tsusa\OneDrive - Automanix\그림\화면 캡처 2022-10-21 005745.png
[16:34:04.166] [T1] tiles | phase0 C:\Users\tsusa\OneDrive - Automanix\그림\240323 강가 별장
[16:34:04.168] [T1] tiles | phase0 C:\Users\tsusa\OneDrive - Automanix\그림\aaa
[16:34:04.170] [T1] tiles | phase0 C:\Users\tsusa\OneDrive - Automanix\그림\Feedback
[16:34:04.171] [T1] tiles | phase0 C:\Users\tsusa\OneDrive - Automanix\그림\Saved Pictures
[16:34:04.172] [T1] tiles | phase0 C:\Users\tsusa\OneDrive - Automanix\그림\Scan
[16:34:04.173] [T1] tiles | phase0 C:\Users\tsusa\OneDrive - Automanix\그림\Screenshots
[16:34:04.176] [T1] tiles | phase0 C:\Users\tsusa\OneDrive - Automanix\그림\Zwift
[16:34:04.179] [T1] tiles | phase0 C:\Users\tsusa\OneDrive - Automanix\그림\바탕화면
[16:34:04.184] [T1] tiles | phase0 C:\Users\tsusa\OneDrive - Automanix\그림\새 폴더
[16:34:04.187] [T1] tiles | phase0 C:\Users\tsusa\OneDrive - Automanix\그림\스캔
[16:34:04.189] [T1] tiles | phase0 C:\Users\tsusa\OneDrive - Automanix\그림\스크린샷
[16:34:04.190] [T1] tiles | phase0 C:\Users\tsusa\OneDrive - Automanix\그림\카메라 앨범
[16:34:04.191] [T1] tiles | phase0 C:\Users\tsusa\OneDrive - Automanix\그림\220731 강화도.mp4_005246116.jpeg
[16:34:04.192] [T1] tiles | phase0 C:\Users\tsusa\OneDrive - Automanix\그림\220731 강화도.mp4_005246116.jpg
[16:34:04.195] [T1] tiles | phase0 C:\Users\tsusa\OneDrive - Automanix\그림\220731 강화도.mp4_005246116.png
[16:34:04.197] [T1] tiles | phase0 C:\Users\tsusa\OneDrive - Automanix\그림\AMX.jpg
[16:34:04.198] [T1] tiles | phase0 C:\Users\tsusa\OneDrive - Automanix\그림\ARS-로고디자인_원본파일.png
[16:34:04.199] [T1] tiles | phase0 C:\Users\tsusa\OneDrive - Automanix\그림\DALL·E 2024-07-22 16.05.33 - Simplified version of a logo for 'Automotive Research Solution' with the main elements being 'ARS' in a bold font and a sleek, modern car silhouette. .webp
[16:34:04.201] [T1] tiles | phase0 C:\Users\tsusa\OneDrive - Automanix\그림\KakaoTalk_20200117_092011491.png
[16:34:04.203] [T1] tiles | phase0 C:\Users\tsusa\OneDrive - Automanix\그림\KakaoTalk_20240703_110337676.jpg
[16:34:04.204] [T1] tiles | phase0 C:\Users\tsusa\OneDrive - Automanix\그림\pexels-pixabay-37347.jpg
[16:34:04.207] [T1] tiles | phase0 C:\Users\tsusa\OneDrive - Automanix\그림\pexels-polina-zimmerman-3778619.jpg
[16:34:04.208] [T1] tiles | phase0 C:\Users\tsusa\OneDrive - Automanix\그림\PXL_20220709_232639106_2.jpg
[16:34:04.209] [T1] tiles | phase0 C:\Users\tsusa\OneDrive - Automanix\그림\PXL_20220714_125035942_2.jpg
[16:34:04.210] [T1] tiles | phase0 C:\Users\tsusa\OneDrive - Automanix\그림\PXL_20220714_125148380_2.jpg
[16:34:04.211] [T1] tiles | phase0 C:\Users\tsusa\OneDrive - Automanix\그림\PXL_20220719_121308973_2.jpg
[16:34:04.212] [T1] tiles | phase0 C:\Users\tsusa\OneDrive - Automanix\그림\PXL_20220726_125747369_2.jpg
[16:34:04.213] [T1] tiles | phase0 C:\Users\tsusa\OneDrive - Automanix\그림\PXL_20220804_125449327_2.jpg
[16:34:04.214] [T1] tiles | phase0 C:\Users\tsusa\OneDrive - Automanix\그림\PXL_20220812_121956977_2.jpg
[16:34:04.215] [T1] tiles | phase0 C:\Users\tsusa\OneDrive - Automanix\그림\PXL_20220813_214558393_2.jpg
[16:34:04.243] [T1] tiles | fill cached C:\Users\tsusa\OneDrive - Automanix\그림\220731 강화도.mp4_005246116.jpeg
[16:34:04.243] [T1] tiles | fill cached C:\Users\tsusa\OneDrive - Automanix\그림\220731 강화도.mp4_005246116.jpg
[16:34:04.244] [T1] tiles | fill cached C:\Users\tsusa\OneDrive - Automanix\그림\220731 강화도.mp4_005246116.png
[16:34:04.244] [T1] tiles | fill cached C:\Users\tsusa\OneDrive - Automanix\그림\AMX.jpg
[16:34:04.244] [T1] tiles | fill cached C:\Users\tsusa\OneDrive - Automanix\그림\ARS-로고디자인_원본파일.png
[16:34:04.245] [T1] tiles | fill cached C:\Users\tsusa\OneDrive - Automanix\그림\DALL·E 2024-07-22 16.05.33 - Simplified version of a logo for 'Automotive Research Solution' with the main elements being 'ARS' in a bold font and a sleek, modern car silhouette. .webp
[16:34:04.245] [T1] tiles | fill cached C:\Users\tsusa\OneDrive - Automanix\그림\KakaoTalk_20200117_092011491.png
[16:34:04.245] [T1] tiles | fill cached C:\Users\tsusa\OneDrive - Automanix\그림\KakaoTalk_20240703_110337676.jpg
[16:34:04.246] [T1] tiles | fill cached C:\Users\tsusa\OneDrive - Automanix\그림\pexels-pixabay-37347.jpg
[16:34:04.246] [T1] tiles | fill cached C:\Users\tsusa\OneDrive - Automanix\그림\pexels-polina-zimmerman-3778619.jpg
[16:34:04.246] [T1] tiles | fill cached C:\Users\tsusa\OneDrive - Automanix\그림\PXL_20220709_232639106_2.jpg
[16:34:04.247] [T1] tiles | fill cached C:\Users\tsusa\OneDrive - Automanix\그림\PXL_20220714_125035942_2.jpg
[16:34:04.247] [T1] tiles | fill cached C:\Users\tsusa\OneDrive - Automanix\그림\PXL_20220714_125148380_2.jpg
[16:34:04.248] [T1] tiles | fill cached C:\Users\tsusa\OneDrive - Automanix\그림\PXL_20220719_121308973_2.jpg
[16:34:04.248] [T1] tiles | fill cached C:\Users\tsusa\OneDrive - Automanix\그림\PXL_20220726_125747369_2.jpg
[16:34:04.248] [T1] tiles | fill cached C:\Users\tsusa\OneDrive - Automanix\그림\PXL_20220804_125449327_2.jpg
[16:34:04.249] [T1] tiles | fill cached C:\Users\tsusa\OneDrive - Automanix\그림\PXL_20220812_121956977_2.jpg
[16:34:04.249] [T1] tiles | fill cached C:\Users\tsusa\OneDrive - Automanix\그림\PXL_20220813_214558393_2.jpg
[16:34:04.273] [T1] tiles | phase0 C:\Users\tsusa\OneDrive - Automanix\그림\PXL_20220817_112931072_2.jpg
[16:34:04.274] [T1] tiles | phase0 C:\Users\tsusa\OneDrive - Automanix\그림\PXL_20220824_112948946_2.jpg
[16:34:04.275] [T1] tiles | phase0 C:\Users\tsusa\OneDrive - Automanix\그림\PXL_20220827_001839431_2.jpg
[16:34:04.277] [T1] tiles | phase0 C:\Users\tsusa\OneDrive - Automanix\그림\PXL_20220827_230734531_2.jpg
[16:34:04.278] [T1] tiles | phase0 C:\Users\tsusa\OneDrive - Automanix\그림\PXL_20220831_130316984_2.jpg
[16:34:04.279] [T1] tiles | phase0 C:\Users\tsusa\OneDrive - Automanix\그림\PXL_20220902_215631957_3.jpg
[16:34:04.287] [T1] tiles | fill cached C:\Users\tsusa\OneDrive - Automanix\그림\PXL_20220817_112931072_2.jpg
[16:34:04.289] [T1] tiles | fill cached C:\Users\tsusa\OneDrive - Automanix\그림\PXL_20220824_112948946_2.jpg
[16:34:04.291] [T1] tiles | fill cached C:\Users\tsusa\OneDrive - Automanix\그림\PXL_20220827_001839431_2.jpg
[16:34:04.299] [T1] tiles | fill cached C:\Users\tsusa\OneDrive - Automanix\그림\PXL_20220827_230734531_2.jpg
[16:34:04.303] [T1] tiles | fill cached C:\Users\tsusa\OneDrive - Automanix\그림\PXL_20220831_130316984_2.jpg
[16:34:04.304] [T1] tiles | fill cached C:\Users\tsusa\OneDrive - Automanix\그림\PXL_20220902_215631957_3.jpg
[16:34:04.374] [T1] tiles | cached done C:\Users\tsusa\OneDrive - Automanix\그림\KakaoTalk_20200117_092011491.png
[16:34:04.374] [T1] tiles | cached done C:\Users\tsusa\OneDrive - Automanix\그림\ARS-로고디자인_원본파일.png
[16:34:04.375] [T1] tiles | cached done C:\Users\tsusa\OneDrive - Automanix\그림\AMX.jpg
[16:34:04.375] [T1] tiles | cached done C:\Users\tsusa\OneDrive - Automanix\그림\220731 강화도.mp4_005246116.png
[16:34:04.375] [T1] tiles | cached done C:\Users\tsusa\OneDrive - Automanix\그림\KakaoTalk_20240703_110337676.jpg
[16:34:04.376] [T1] tiles | cached done C:\Users\tsusa\OneDrive - Automanix\그림\220731 강화도.mp4_005246116.jpeg
[16:34:04.376] [T1] tiles | cached done C:\Users\tsusa\OneDrive - Automanix\그림\DALL·E 2024-07-22 16.05.33 - Simplified version of a logo for 'Automotive Research Solution' with the main elements being 'ARS' in a bold font and a sleek, modern car silhouette. .webp
[16:34:04.415] [T1] tiles | cached done C:\Users\tsusa\OneDrive - Automanix\그림\pexels-pixabay-37347.jpg
[16:34:04.415] [T1] tiles | cached done C:\Users\tsusa\OneDrive - Automanix\그림\220731 강화도.mp4_005246116.jpg
[16:34:04.415] [T1] tiles | cached done C:\Users\tsusa\OneDrive - Automanix\그림\pexels-polina-zimmerman-3778619.jpg
[16:34:04.416] [T1] tiles | cached done C:\Users\tsusa\OneDrive - Automanix\그림\PXL_20220709_232639106_2.jpg
[16:34:04.416] [T1] tiles | cached done C:\Users\tsusa\OneDrive - Automanix\그림\PXL_20220714_125148380_2.jpg
[16:34:04.416] [T1] tiles | cached done C:\Users\tsusa\OneDrive - Automanix\그림\PXL_20220726_125747369_2.jpg
[16:34:04.416] [T1] tiles | cached done C:\Users\tsusa\OneDrive - Automanix\그림\PXL_20220804_125449327_2.jpg
[16:34:04.417] [T1] tiles | phase0 C:\Users\tsusa\OneDrive - Automanix\그림\PXL_20220903_010322367_2.jpg
[16:34:04.418] [T1] tiles | phase0 C:\Users\tsusa\OneDrive - Automanix\그림\PXL_20220920_125143842.MOTION-02.ORIGINAL_2.jpg
[16:34:04.419] [T1] tiles | phase0 C:\Users\tsusa\OneDrive - Automanix\그림\PXL_20221101_105955590_2.jpg
[16:34:04.421] [T1] tiles | phase0 C:\Users\tsusa\OneDrive - Automanix\그림\PXL_20230212_024010110.jpg
[16:34:04.421] [T1] tiles | phase0 C:\Users\tsusa\OneDrive - Automanix\그림\PXL_20230212_025601437_2.jpg
[16:34:04.422] [T1] tiles | phase0 C:\Users\tsusa\OneDrive - Automanix\그림\PXL_20230422_230822530~2.jpg
[16:34:04.423] [T1] tiles | fill cached C:\Users\tsusa\OneDrive - Automanix\그림\PXL_20220903_010322367_2.jpg
[16:34:04.424] [T1] tiles | fill cached C:\Users\tsusa\OneDrive - Automanix\그림\PXL_20220920_125143842.MOTION-02.ORIGINAL_2.jpg
[16:34:04.425] [T1] tiles | fill cached C:\Users\tsusa\OneDrive - Automanix\그림\PXL_20221101_105955590_2.jpg
[16:34:04.426] [T1] tiles | fill cached C:\Users\tsusa\OneDrive - Automanix\그림\PXL_20230212_024010110.jpg
[16:34:04.427] [T1] tiles | fill cached C:\Users\tsusa\OneDrive - Automanix\그림\PXL_20230212_025601437_2.jpg
[16:34:04.428] [T1] tiles | fill cached C:\Users\tsusa\OneDrive - Automanix\그림\PXL_20230422_230822530~2.jpg
[16:34:04.448] [T1] tiles | cached done C:\Users\tsusa\OneDrive - Automanix\그림\PXL_20220714_125035942_2.jpg
[16:34:04.449] [T1] tiles | cached done C:\Users\tsusa\OneDrive - Automanix\그림\PXL_20220831_130316984_2.jpg
[16:34:04.450] [T1] tiles | cached done C:\Users\tsusa\OneDrive - Automanix\그림\PXL_20220827_230734531_2.jpg
[16:34:04.450] [T1] tiles | cached done C:\Users\tsusa\OneDrive - Automanix\그림\PXL_20220827_001839431_2.jpg
[16:34:04.454] [T1] tiles | cached done C:\Users\tsusa\OneDrive - Automanix\그림\PXL_20220813_214558393_2.jpg
[16:34:04.455] [T1] tiles | cached done C:\Users\tsusa\OneDrive - Automanix\그림\PXL_20220812_121956977_2.jpg
[16:34:04.456] [T1] tiles | cached done C:\Users\tsusa\OneDrive - Automanix\그림\PXL_20220824_112948946_2.jpg
[16:34:04.457] [T1] tiles | cached done C:\Users\tsusa\OneDrive - Automanix\그림\PXL_20220719_121308973_2.jpg
[16:34:04.457] [T1] tiles | cached done C:\Users\tsusa\OneDrive - Automanix\그림\PXL_20220817_112931072_2.jpg
[16:34:04.458] [T1] tiles | cached done C:\Users\tsusa\OneDrive - Automanix\그림\PXL_20220902_215631957_3.jpg
[16:34:04.467] [T1] tiles | phase0 C:\Users\tsusa\OneDrive - Automanix\그림\vlcsnap-2026-01-18-12h58m03s381.png
[16:34:04.468] [T1] tiles | phase0 C:\Users\tsusa\OneDrive - Automanix\그림\vlcsnap-2026-01-19-02h04m39s483.png
[16:34:04.469] [T1] tiles | phase0 C:\Users\tsusa\OneDrive - Automanix\그림\vlcsnap-2026-01-27-01h49m01s690.png
[16:34:04.471] [T1] tiles | phase0 C:\Users\tsusa\OneDrive - Automanix\그림\민초로부터 온 퇴장 통보.png
[16:34:04.473] [T1] tiles | phase0 C:\Users\tsusa\OneDrive - Automanix\그림\아우디 현가장치 관련 리콜.png
[16:34:04.474] [T1] tiles | phase0 C:\Users\tsusa\OneDrive - Automanix\그림\오토매닉스 대표이미지.png
[16:34:04.481] [T1] tiles | cached done C:\Users\tsusa\OneDrive - Automanix\그림\PXL_20221101_105955590_2.jpg
[16:34:04.481] [T1] tiles | cached done C:\Users\tsusa\OneDrive - Automanix\그림\PXL_20220920_125143842.MOTION-02.ORIGINAL_2.jpg
[16:34:04.481] [T1] tiles | cached done C:\Users\tsusa\OneDrive - Automanix\그림\PXL_20230212_025601437_2.jpg
[16:34:04.481] [T1] tiles | cached done C:\Users\tsusa\OneDrive - Automanix\그림\PXL_20220903_010322367_2.jpg
[16:34:04.482] [T1] tiles | cached done C:\Users\tsusa\OneDrive - Automanix\그림\PXL_20230422_230822530~2.jpg
[16:34:04.482] [T1] tiles | cached done C:\Users\tsusa\OneDrive - Automanix\그림\PXL_20230212_024010110.jpg
[16:34:04.485] [T1] tiles | fill shell C:\Users\tsusa\OneDrive - Automanix\그림\vlcsnap-2026-01-18-12h58m03s381.png
[16:34:04.486] [T1] tiles | fill shell C:\Users\tsusa\OneDrive - Automanix\그림\vlcsnap-2026-01-19-02h04m39s483.png
[16:34:04.486] [T1] tiles | fill shell C:\Users\tsusa\OneDrive - Automanix\그림\vlcsnap-2026-01-27-01h49m01s690.png
[16:34:04.486] [T1] tiles | fill shell C:\Users\tsusa\OneDrive - Automanix\그림\민초로부터 온 퇴장 통보.png
[16:34:04.486] [T1] tiles | fill cached C:\Users\tsusa\OneDrive - Automanix\그림\아우디 현가장치 관련 리콜.png
[16:34:04.487] [T1] tiles | fill cached C:\Users\tsusa\OneDrive - Automanix\그림\오토매닉스 대표이미지.png
[16:34:04.543] [T1] tiles | phase0 C:\Users\tsusa\OneDrive - Automanix\그림\오토매닉스 로고.png
[16:34:04.544] [T1] tiles | phase0 C:\Users\tsusa\OneDrive - Automanix\그림\오토매닉스 로고이미지.png
[16:34:04.546] [T1] tiles | phase0 C:\Users\tsusa\OneDrive - Automanix\그림\오토매닉스_약도.png
[16:34:04.547] [T1] tiles | phase0 C:\Users\tsusa\OneDrive - Automanix\그림\오토매닉스_인감_배경제거.png
[16:34:04.548] [T1] tiles | phase0 C:\Users\tsusa\OneDrive - Automanix\그림\코인챗 로고 long 188_79.png
[16:34:04.549] [T1] tiles | phase0 C:\Users\tsusa\OneDrive - Automanix\그림\코인챗 로고 square 148_148.png
[16:34:04.553] [T1] tiles | fill cached C:\Users\tsusa\OneDrive - Automanix\그림\오토매닉스 로고.png
[16:34:04.554] [T1] tiles | fill cached C:\Users\tsusa\OneDrive - Automanix\그림\오토매닉스 로고이미지.png
[16:34:04.554] [T1] tiles | fill cached C:\Users\tsusa\OneDrive - Automanix\그림\오토매닉스_약도.png
[16:34:04.555] [T1] tiles | fill cached C:\Users\tsusa\OneDrive - Automanix\그림\오토매닉스_인감_배경제거.png
[16:34:04.556] [T1] tiles | fill cached C:\Users\tsusa\OneDrive - Automanix\그림\코인챗 로고 long 188_79.png
[16:34:04.556] [T1] tiles | fill cached C:\Users\tsusa\OneDrive - Automanix\그림\코인챗 로고 square 148_148.png
[16:34:04.558] [T1] tiles | shell done C:\Users\tsusa\OneDrive - Automanix\그림\vlcsnap-2026-01-27-01h49m01s690.png
[16:34:04.559] [T1] tiles | shell done C:\Users\tsusa\OneDrive - Automanix\그림\vlcsnap-2026-01-18-12h58m03s381.png
[16:34:04.559] [T1] tiles | shell done C:\Users\tsusa\OneDrive - Automanix\그림\vlcsnap-2026-01-19-02h04m39s483.png
[16:34:04.560] [T1] tiles | cached done C:\Users\tsusa\OneDrive - Automanix\그림\오토매닉스 대표이미지.png
[16:34:04.560] [T1] tiles | cached done C:\Users\tsusa\OneDrive - Automanix\그림\아우디 현가장치 관련 리콜.png
[16:34:04.573] [T1] tiles | cached done C:\Users\tsusa\OneDrive - Automanix\그림\코인챗 로고 long 188_79.png
[16:34:04.574] [T1] tiles | cached done C:\Users\tsusa\OneDrive - Automanix\그림\오토매닉스 로고.png
[16:34:04.575] [T1] tiles | cached done C:\Users\tsusa\OneDrive - Automanix\그림\오토매닉스 로고이미지.png
[16:34:04.575] [T1] tiles | shell done C:\Users\tsusa\OneDrive - Automanix\그림\민초로부터 온 퇴장 통보.png
[16:34:04.577] [T1] tiles | phase0 C:\Users\tsusa\OneDrive - Automanix\그림\코인챗_211012_아이폰XS_2대_중고구매.png
[16:34:04.579] [T1] tiles | phase0 C:\Users\tsusa\OneDrive - Automanix\그림\코인챗_사무실.jpg
[16:34:04.580] [T1] tiles | phase0 C:\Users\tsusa\OneDrive - Automanix\그림\코인챗_회의실.jpg
[16:34:04.581] [T1] tiles | phase0 C:\Users\tsusa\OneDrive - Automanix\그림\포가차.jpg
[16:34:04.582] [T1] tiles | phase0 C:\Users\tsusa\OneDrive - Automanix\그림\화면 캡처 2020-11-26 162745.png
[16:34:04.583] [T1] tiles | phase0 C:\Users\tsusa\OneDrive - Automanix\그림\화면 캡처 2022-06-21 003453.png
[16:34:04.584] [T1] tiles | fill cached C:\Users\tsusa\OneDrive - Automanix\그림\코인챗_211012_아이폰XS_2대_중고구매.png
[16:34:04.585] [T1] tiles | fill cached C:\Users\tsusa\OneDrive - Automanix\그림\코인챗_사무실.jpg
[16:34:04.586] [T1] tiles | fill cached C:\Users\tsusa\OneDrive - Automanix\그림\코인챗_회의실.jpg
[16:34:04.586] [T1] tiles | fill cached C:\Users\tsusa\OneDrive - Automanix\그림\포가차.jpg
[16:34:04.587] [T1] tiles | fill cached C:\Users\tsusa\OneDrive - Automanix\그림\화면 캡처 2020-11-26 162745.png
[16:34:04.588] [T1] tiles | fill cached C:\Users\tsusa\OneDrive - Automanix\그림\화면 캡처 2022-06-21 003453.png
[16:34:04.594] [T1] tiles | cached done C:\Users\tsusa\OneDrive - Automanix\그림\오토매닉스_인감_배경제거.png
[16:34:04.594] [T1] tiles | cached done C:\Users\tsusa\OneDrive - Automanix\그림\코인챗 로고 square 148_148.png
[16:34:04.594] [T1] tiles | cached done C:\Users\tsusa\OneDrive - Automanix\그림\오토매닉스_약도.png
[16:34:04.602] [T1] tiles | phase0 C:\Users\tsusa\OneDrive - Automanix\그림\화면 캡처 2022-08-01 115837.jpg
[16:34:04.603] [T1] tiles | phase0 C:\Users\tsusa\OneDrive - Automanix\그림\화면 캡처 2022-08-01 115837.png
[16:34:04.604] [T1] tiles | phase0 C:\Users\tsusa\OneDrive - Automanix\그림\화면 캡처 2022-08-07 171622.png
[16:34:04.606] [T1] tiles | phase0 C:\Users\tsusa\OneDrive - Automanix\그림\화면 캡처 2022-09-29 233922.png
[16:34:04.607] [T1] tiles | phase0 C:\Users\tsusa\OneDrive - Automanix\그림\화면 캡처 2022-10-18 181358.png
[16:34:04.608] [T1] tiles | phase0 C:\Users\tsusa\OneDrive - Automanix\그림\화면 캡처 2022-10-21 005745.png
[16:34:04.615] [T1] tiles | cached done C:\Users\tsusa\OneDrive - Automanix\그림\코인챗_211012_아이폰XS_2대_중고구매.png
[16:34:04.616] [T1] tiles | cached done C:\Users\tsusa\OneDrive - Automanix\그림\화면 캡처 2020-11-26 162745.png
[16:34:04.616] [T1] tiles | cached done C:\Users\tsusa\OneDrive - Automanix\그림\코인챗_회의실.jpg
[16:34:04.616] [T1] tiles | cached done C:\Users\tsusa\OneDrive - Automanix\그림\코인챗_사무실.jpg
[16:34:04.619] [T1] tiles | fill cached C:\Users\tsusa\OneDrive - Automanix\그림\화면 캡처 2022-08-01 115837.jpg
[16:34:04.619] [T1] tiles | fill cached C:\Users\tsusa\OneDrive - Automanix\그림\화면 캡처 2022-08-01 115837.png
[16:34:04.620] [T1] tiles | fill cached C:\Users\tsusa\OneDrive - Automanix\그림\화면 캡처 2022-08-07 171622.png
[16:34:04.620] [T1] tiles | fill cached C:\Users\tsusa\OneDrive - Automanix\그림\화면 캡처 2022-09-29 233922.png
[16:34:04.621] [T1] tiles | fill cached C:\Users\tsusa\OneDrive - Automanix\그림\화면 캡처 2022-10-18 181358.png
[16:34:04.622] [T1] tiles | fill cached C:\Users\tsusa\OneDrive - Automanix\그림\화면 캡처 2022-10-21 005745.png
[16:34:04.626] [T1] tiles | cached done C:\Users\tsusa\OneDrive - Automanix\그림\포가차.jpg
[16:34:04.638] [T1] tiles | cached done C:\Users\tsusa\OneDrive - Automanix\그림\화면 캡처 2022-06-21 003453.png
[16:34:04.640] [T1] tiles | cached done C:\Users\tsusa\OneDrive - Automanix\그림\화면 캡처 2022-10-18 181358.png
[16:34:04.641] [T1] tiles | cached done C:\Users\tsusa\OneDrive - Automanix\그림\화면 캡처 2022-08-01 115837.png
[16:34:04.641] [T1] tiles | cached done C:\Users\tsusa\OneDrive - Automanix\그림\화면 캡처 2022-08-07 171622.png
[16:34:04.641] [T1] tiles | cached done C:\Users\tsusa\OneDrive - Automanix\그림\화면 캡처 2022-08-01 115837.jpg
[16:34:04.643] [T1] tiles | cached done C:\Users\tsusa\OneDrive - Automanix\그림\화면 캡처 2022-09-29 233922.png
[16:34:04.649] [T1] tiles | cached done C:\Users\tsusa\OneDrive - Automanix\그림\화면 캡처 2022-10-21 005745.png
[16:34:08.893] [T1] nav | NavigateToAsync C:\Users\tsusa\OneDrive - Automanix\그림 exts=48
[16:34:08.894] [T1] nav | scan done C:\Users\tsusa\OneDrive - Automanix\그림 count=66
[16:34:08.894] [T1] nav | RefreshView C:\Users\tsusa\OneDrive - Automanix\그림 count=66
[16:34:08.894] [T1] tiles | ShowEntries C:\Users\tsusa\OneDrive - Automanix\그림 count=66
[16:34:08.894] [T1] tiles | recycle C:\Users\tsusa\OneDrive - Automanix\그림\240323 강가 별장
[16:34:08.895] [T1] tiles | recycle C:\Users\tsusa\OneDrive - Automanix\그림\aaa
[16:34:08.895] [T1] tiles | recycle C:\Users\tsusa\OneDrive - Automanix\그림\Feedback
[16:34:08.895] [T1] tiles | recycle C:\Users\tsusa\OneDrive - Automanix\그림\Saved Pictures
[16:34:08.895] [T1] tiles | recycle C:\Users\tsusa\OneDrive - Automanix\그림\Scan
[16:34:08.895] [T1] tiles | recycle C:\Users\tsusa\OneDrive - Automanix\그림\Screenshots
[16:34:08.895] [T1] tiles | recycle C:\Users\tsusa\OneDrive - Automanix\그림\Zwift
[16:34:08.895] [T1] tiles | recycle C:\Users\tsusa\OneDrive - Automanix\그림\바탕화면
[16:34:08.895] [T1] tiles | recycle C:\Users\tsusa\OneDrive - Automanix\그림\새 폴더
[16:34:08.895] [T1] tiles | recycle C:\Users\tsusa\OneDrive - Automanix\그림\스캔
[16:34:08.895] [T1] tiles | recycle C:\Users\tsusa\OneDrive - Automanix\그림\스크린샷
[16:34:08.895] [T1] tiles | recycle C:\Users\tsusa\OneDrive - Automanix\그림\카메라 앨범
[16:34:08.895] [T1] tiles | recycle C:\Users\tsusa\OneDrive - Automanix\그림\220731 강화도.mp4_005246116.jpeg
[16:34:08.895] [T1] tiles | recycle C:\Users\tsusa\OneDrive - Automanix\그림\220731 강화도.mp4_005246116.jpg
[16:34:08.896] [T1] tiles | recycle C:\Users\tsusa\OneDrive - Automanix\그림\220731 강화도.mp4_005246116.png
[16:34:08.896] [T1] tiles | recycle C:\Users\tsusa\OneDrive - Automanix\그림\AMX.jpg
[16:34:08.896] [T1] tiles | recycle C:\Users\tsusa\OneDrive - Automanix\그림\ARS-로고디자인_원본파일.png
[16:34:08.896] [T1] tiles | recycle C:\Users\tsusa\OneDrive - Automanix\그림\DALL·E 2024-07-22 16.05.33 - Simplified version of a logo for 'Automotive Research Solution' with the main elements being 'ARS' in a bold font and a sleek, modern car silhouette. .webp
[16:34:08.896] [T1] tiles | recycle C:\Users\tsusa\OneDrive - Automanix\그림\KakaoTalk_20200117_092011491.png
[16:34:08.896] [T1] tiles | recycle C:\Users\tsusa\OneDrive - Automanix\그림\KakaoTalk_20240703_110337676.jpg
[16:34:08.896] [T1] tiles | recycle C:\Users\tsusa\OneDrive - Automanix\그림\pexels-pixabay-37347.jpg
[16:34:08.896] [T1] tiles | recycle C:\Users\tsusa\OneDrive - Automanix\그림\pexels-polina-zimmerman-3778619.jpg
[16:34:08.896] [T1] tiles | recycle C:\Users\tsusa\OneDrive - Automanix\그림\PXL_20220709_232639106_2.jpg
[16:34:08.896] [T1] tiles | recycle C:\Users\tsusa\OneDrive - Automanix\그림\PXL_20220714_125035942_2.jpg
[16:34:08.896] [T1] tiles | recycle C:\Users\tsusa\OneDrive - Automanix\그림\PXL_20220714_125148380_2.jpg
[16:34:08.896] [T1] tiles | recycle C:\Users\tsusa\OneDrive - Automanix\그림\PXL_20220719_121308973_2.jpg
[16:34:08.896] [T1] tiles | recycle C:\Users\tsusa\OneDrive - Automanix\그림\PXL_20220726_125747369_2.jpg
[16:34:08.896] [T1] tiles | recycle C:\Users\tsusa\OneDrive - Automanix\그림\PXL_20220804_125449327_2.jpg
[16:34:08.896] [T1] tiles | recycle C:\Users\tsusa\OneDrive - Automanix\그림\PXL_20220812_121956977_2.jpg
[16:34:08.896] [T1] tiles | recycle C:\Users\tsusa\OneDrive - Automanix\그림\PXL_20220813_214558393_2.jpg
[16:34:08.896] [T1] tiles | recycle C:\Users\tsusa\OneDrive - Automanix\그림\PXL_20220817_112931072_2.jpg
[16:34:08.896] [T1] tiles | recycle C:\Users\tsusa\OneDrive - Automanix\그림\PXL_20220824_112948946_2.jpg
[16:34:08.896] [T1] tiles | recycle C:\Users\tsusa\OneDrive - Automanix\그림\PXL_20220827_001839431_2.jpg
[16:34:08.896] [T1] tiles | recycle C:\Users\tsusa\OneDrive - Automanix\그림\PXL_20220827_230734531_2.jpg
[16:34:08.896] [T1] tiles | recycle C:\Users\tsusa\OneDrive - Automanix\그림\PXL_20220831_130316984_2.jpg
[16:34:08.897] [T1] tiles | recycle C:\Users\tsusa\OneDrive - Automanix\그림\PXL_20220902_215631957_3.jpg
[16:34:08.897] [T1] tiles | recycle C:\Users\tsusa\OneDrive - Automanix\그림\PXL_20220903_010322367_2.jpg
[16:34:08.897] [T1] tiles | recycle C:\Users\tsusa\OneDrive - Automanix\그림\PXL_20220920_125143842.MOTION-02.ORIGINAL_2.jpg
[16:34:08.897] [T1] tiles | recycle C:\Users\tsusa\OneDrive - Automanix\그림\PXL_20221101_105955590_2.jpg
[16:34:08.897] [T1] tiles | recycle C:\Users\tsusa\OneDrive - Automanix\그림\PXL_20230212_024010110.jpg
[16:34:08.897] [T1] tiles | recycle C:\Users\tsusa\OneDrive - Automanix\그림\PXL_20230212_025601437_2.jpg
[16:34:08.897] [T1] tiles | recycle C:\Users\tsusa\OneDrive - Automanix\그림\PXL_20230422_230822530~2.jpg
[16:34:08.897] [T1] tiles | recycle C:\Users\tsusa\OneDrive - Automanix\그림\vlcsnap-2026-01-18-12h58m03s381.png
[16:34:08.897] [T1] tiles | recycle C:\Users\tsusa\OneDrive - Automanix\그림\vlcsnap-2026-01-19-02h04m39s483.png
[16:34:08.897] [T1] tiles | recycle C:\Users\tsusa\OneDrive - Automanix\그림\vlcsnap-2026-01-27-01h49m01s690.png
[16:34:08.897] [T1] tiles | recycle C:\Users\tsusa\OneDrive - Automanix\그림\민초로부터 온 퇴장 통보.png
[16:34:08.897] [T1] tiles | recycle C:\Users\tsusa\OneDrive - Automanix\그림\아우디 현가장치 관련 리콜.png
[16:34:08.897] [T1] tiles | recycle C:\Users\tsusa\OneDrive - Automanix\그림\오토매닉스 대표이미지.png
[16:34:08.897] [T1] tiles | recycle C:\Users\tsusa\OneDrive - Automanix\그림\오토매닉스 로고.png
[16:34:08.897] [T1] tiles | recycle C:\Users\tsusa\OneDrive - Automanix\그림\오토매닉스 로고이미지.png
[16:34:08.897] [T1] tiles | recycle C:\Users\tsusa\OneDrive - Automanix\그림\오토매닉스_약도.png
[16:34:08.897] [T1] tiles | recycle C:\Users\tsusa\OneDrive - Automanix\그림\오토매닉스_인감_배경제거.png
[16:34:08.897] [T1] tiles | recycle C:\Users\tsusa\OneDrive - Automanix\그림\코인챗 로고 long 188_79.png
[16:34:08.897] [T1] tiles | recycle C:\Users\tsusa\OneDrive - Automanix\그림\코인챗 로고 square 148_148.png
[16:34:08.897] [T1] tiles | recycle C:\Users\tsusa\OneDrive - Automanix\그림\코인챗_211012_아이폰XS_2대_중고구매.png
[16:34:08.897] [T1] tiles | recycle C:\Users\tsusa\OneDrive - Automanix\그림\코인챗_사무실.jpg
[16:34:08.897] [T1] tiles | recycle C:\Users\tsusa\OneDrive - Automanix\그림\코인챗_회의실.jpg
[16:34:08.897] [T1] tiles | recycle C:\Users\tsusa\OneDrive - Automanix\그림\포가차.jpg
[16:34:08.897] [T1] tiles | recycle C:\Users\tsusa\OneDrive - Automanix\그림\화면 캡처 2020-11-26 162745.png
[16:34:08.897] [T1] tiles | recycle C:\Users\tsusa\OneDrive - Automanix\그림\화면 캡처 2022-06-21 003453.png
[16:34:08.897] [T1] tiles | recycle C:\Users\tsusa\OneDrive - Automanix\그림\화면 캡처 2022-08-01 115837.jpg
[16:34:08.897] [T1] tiles | recycle C:\Users\tsusa\OneDrive - Automanix\그림\화면 캡처 2022-08-01 115837.png
[16:34:08.897] [T1] tiles | recycle C:\Users\tsusa\OneDrive - Automanix\그림\화면 캡처 2022-08-07 171622.png
[16:34:08.897] [T1] tiles | recycle C:\Users\tsusa\OneDrive - Automanix\그림\화면 캡처 2022-09-29 233922.png
[16:34:08.897] [T1] tiles | recycle C:\Users\tsusa\OneDrive - Automanix\그림\화면 캡처 2022-10-18 181358.png
[16:34:08.898] [T1] tiles | recycle C:\Users\tsusa\OneDrive - Automanix\그림\화면 캡처 2022-10-21 005745.png
[16:34:08.899] [T1] tiles | phase0 C:\Users\tsusa\OneDrive - Automanix\그림\240323 강가 별장
[16:34:08.900] [T1] tiles | phase0 C:\Users\tsusa\OneDrive - Automanix\그림\aaa
[16:34:08.901] [T1] tiles | phase0 C:\Users\tsusa\OneDrive - Automanix\그림\bbb
[16:34:08.902] [T1] tiles | phase0 C:\Users\tsusa\OneDrive - Automanix\그림\Feedback
[16:34:08.903] [T1] tiles | phase0 C:\Users\tsusa\OneDrive - Automanix\그림\Saved Pictures
[16:34:08.904] [T1] tiles | phase0 C:\Users\tsusa\OneDrive - Automanix\그림\Scan
[16:34:08.905] [T1] tiles | phase0 C:\Users\tsusa\OneDrive - Automanix\그림\Screenshots
[16:34:08.906] [T1] tiles | phase0 C:\Users\tsusa\OneDrive - Automanix\그림\Zwift
[16:34:08.907] [T1] tiles | phase0 C:\Users\tsusa\OneDrive - Automanix\그림\바탕화면
[16:34:08.907] [T1] tiles | phase0 C:\Users\tsusa\OneDrive - Automanix\그림\스캔
[16:34:08.908] [T1] tiles | phase0 C:\Users\tsusa\OneDrive - Automanix\그림\스크린샷
[16:34:08.909] [T1] tiles | phase0 C:\Users\tsusa\OneDrive - Automanix\그림\카메라 앨범
[16:34:08.910] [T1] tiles | phase0 C:\Users\tsusa\OneDrive - Automanix\그림\220731 강화도.mp4_005246116.jpeg
[16:34:08.911] [T1] tiles | phase0 C:\Users\tsusa\OneDrive - Automanix\그림\220731 강화도.mp4_005246116.jpg
[16:34:08.912] [T1] tiles | phase0 C:\Users\tsusa\OneDrive - Automanix\그림\220731 강화도.mp4_005246116.png
[16:34:08.913] [T1] tiles | phase0 C:\Users\tsusa\OneDrive - Automanix\그림\AMX.jpg
[16:34:08.914] [T1] tiles | phase0 C:\Users\tsusa\OneDrive - Automanix\그림\ARS-로고디자인_원본파일.png
[16:34:08.915] [T1] tiles | phase0 C:\Users\tsusa\OneDrive - Automanix\그림\DALL·E 2024-07-22 16.05.33 - Simplified version of a logo for 'Automotive Research Solution' with the main elements being 'ARS' in a bold font and a sleek, modern car silhouette. .webp
[16:34:08.916] [T1] tiles | phase0 C:\Users\tsusa\OneDrive - Automanix\그림\KakaoTalk_20200117_092011491.png
[16:34:08.916] [T1] tiles | phase0 C:\Users\tsusa\OneDrive - Automanix\그림\KakaoTalk_20240703_110337676.jpg
[16:34:08.917] [T1] tiles | phase0 C:\Users\tsusa\OneDrive - Automanix\그림\pexels-pixabay-37347.jpg
[16:34:08.918] [T1] tiles | phase0 C:\Users\tsusa\OneDrive - Automanix\그림\pexels-polina-zimmerman-3778619.jpg
[16:34:08.919] [T1] tiles | phase0 C:\Users\tsusa\OneDrive - Automanix\그림\PXL_20220709_232639106_2.jpg
[16:34:08.920] [T1] tiles | phase0 C:\Users\tsusa\OneDrive - Automanix\그림\PXL_20220714_125035942_2.jpg
[16:34:08.921] [T1] tiles | phase0 C:\Users\tsusa\OneDrive - Automanix\그림\PXL_20220714_125148380_2.jpg
[16:34:08.922] [T1] tiles | phase0 C:\Users\tsusa\OneDrive - Automanix\그림\PXL_20220719_121308973_2.jpg
[16:34:08.923] [T1] tiles | phase0 C:\Users\tsusa\OneDrive - Automanix\그림\PXL_20220726_125747369_2.jpg
[16:34:08.924] [T1] tiles | phase0 C:\Users\tsusa\OneDrive - Automanix\그림\PXL_20220804_125449327_2.jpg
[16:34:08.924] [T1] tiles | phase0 C:\Users\tsusa\OneDrive - Automanix\그림\PXL_20220812_121956977_2.jpg
[16:34:08.925] [T1] tiles | phase0 C:\Users\tsusa\OneDrive - Automanix\그림\PXL_20220813_214558393_2.jpg
[16:34:08.945] [T1] tiles | fill cached C:\Users\tsusa\OneDrive - Automanix\그림\220731 강화도.mp4_005246116.jpeg
[16:34:08.946] [T1] tiles | fill cached C:\Users\tsusa\OneDrive - Automanix\그림\220731 강화도.mp4_005246116.jpg
[16:34:08.946] [T1] tiles | fill cached C:\Users\tsusa\OneDrive - Automanix\그림\220731 강화도.mp4_005246116.png
[16:34:08.947] [T1] tiles | fill cached C:\Users\tsusa\OneDrive - Automanix\그림\AMX.jpg
[16:34:08.947] [T1] tiles | fill cached C:\Users\tsusa\OneDrive - Automanix\그림\ARS-로고디자인_원본파일.png
[16:34:08.947] [T1] tiles | fill cached C:\Users\tsusa\OneDrive - Automanix\그림\DALL·E 2024-07-22 16.05.33 - Simplified version of a logo for 'Automotive Research Solution' with the main elements being 'ARS' in a bold font and a sleek, modern car silhouette. .webp
[16:34:08.948] [T1] tiles | fill cached C:\Users\tsusa\OneDrive - Automanix\그림\KakaoTalk_20200117_092011491.png
[16:34:08.948] [T1] tiles | fill cached C:\Users\tsusa\OneDrive - Automanix\그림\KakaoTalk_20240703_110337676.jpg
[16:34:08.949] [T1] tiles | fill cached C:\Users\tsusa\OneDrive - Automanix\그림\pexels-pixabay-37347.jpg
[16:34:08.949] [T1] tiles | fill cached C:\Users\tsusa\OneDrive - Automanix\그림\pexels-polina-zimmerman-3778619.jpg
[16:34:08.949] [T1] tiles | fill cached C:\Users\tsusa\OneDrive - Automanix\그림\PXL_20220709_232639106_2.jpg
[16:34:08.950] [T1] tiles | fill cached C:\Users\tsusa\OneDrive - Automanix\그림\PXL_20220714_125035942_2.jpg
[16:34:08.950] [T1] tiles | fill cached C:\Users\tsusa\OneDrive - Automanix\그림\PXL_20220714_125148380_2.jpg
[16:34:08.950] [T1] tiles | fill cached C:\Users\tsusa\OneDrive - Automanix\그림\PXL_20220719_121308973_2.jpg
[16:34:08.951] [T1] tiles | fill cached C:\Users\tsusa\OneDrive - Automanix\그림\PXL_20220726_125747369_2.jpg
[16:34:08.951] [T1] tiles | fill cached C:\Users\tsusa\OneDrive - Automanix\그림\PXL_20220804_125449327_2.jpg
[16:34:08.952] [T1] tiles | fill cached C:\Users\tsusa\OneDrive - Automanix\그림\PXL_20220812_121956977_2.jpg
[16:34:08.953] [T1] tiles | fill cached C:\Users\tsusa\OneDrive - Automanix\그림\PXL_20220813_214558393_2.jpg
[16:34:08.972] [T1] tiles | phase0 C:\Users\tsusa\OneDrive - Automanix\그림\PXL_20220817_112931072_2.jpg
[16:34:08.973] [T1] tiles | phase0 C:\Users\tsusa\OneDrive - Automanix\그림\PXL_20220824_112948946_2.jpg
[16:34:08.974] [T1] tiles | phase0 C:\Users\tsusa\OneDrive - Automanix\그림\PXL_20220827_001839431_2.jpg
[16:34:08.975] [T1] tiles | phase0 C:\Users\tsusa\OneDrive - Automanix\그림\PXL_20220827_230734531_2.jpg
[16:34:08.977] [T1] tiles | phase0 C:\Users\tsusa\OneDrive - Automanix\그림\PXL_20220831_130316984_2.jpg
[16:34:08.978] [T1] tiles | phase0 C:\Users\tsusa\OneDrive - Automanix\그림\PXL_20220902_215631957_3.jpg
[16:34:08.999] [T1] tiles | fill cached C:\Users\tsusa\OneDrive - Automanix\그림\PXL_20220817_112931072_2.jpg
[16:34:09.003] [T1] tiles | fill cached C:\Users\tsusa\OneDrive - Automanix\그림\PXL_20220824_112948946_2.jpg
[16:34:09.006] [T1] tiles | fill cached C:\Users\tsusa\OneDrive - Automanix\그림\PXL_20220827_001839431_2.jpg
[16:34:09.009] [T1] tiles | fill cached C:\Users\tsusa\OneDrive - Automanix\그림\PXL_20220827_230734531_2.jpg
[16:34:09.010] [T1] tiles | fill cached C:\Users\tsusa\OneDrive - Automanix\그림\PXL_20220831_130316984_2.jpg
[16:34:09.013] [T1] tiles | fill cached C:\Users\tsusa\OneDrive - Automanix\그림\PXL_20220902_215631957_3.jpg
[16:34:09.063] [T1] tiles | cached done C:\Users\tsusa\OneDrive - Automanix\그림\KakaoTalk_20200117_092011491.png
[16:34:09.064] [T1] tiles | cached done C:\Users\tsusa\OneDrive - Automanix\그림\ARS-로고디자인_원본파일.png
[16:34:09.064] [T1] tiles | cached done C:\Users\tsusa\OneDrive - Automanix\그림\220731 강화도.mp4_005246116.png
[16:34:09.105] [T1] tiles | cached done C:\Users\tsusa\OneDrive - Automanix\그림\AMX.jpg
[16:34:09.106] [T1] tiles | cached done C:\Users\tsusa\OneDrive - Automanix\그림\pexels-polina-zimmerman-3778619.jpg
[16:34:09.107] [T1] tiles | cached done C:\Users\tsusa\OneDrive - Automanix\그림\220731 강화도.mp4_005246116.jpg
[16:34:09.108] [T1] tiles | cached done C:\Users\tsusa\OneDrive - Automanix\그림\220731 강화도.mp4_005246116.jpeg
[16:34:09.108] [T1] tiles | cached done C:\Users\tsusa\OneDrive - Automanix\그림\DALL·E 2024-07-22 16.05.33 - Simplified version of a logo for 'Automotive Research Solution' with the main elements being 'ARS' in a bold font and a sleek, modern car silhouette. .webp
[16:34:09.108] [T1] tiles | cached done C:\Users\tsusa\OneDrive - Automanix\그림\pexels-pixabay-37347.jpg
[16:34:09.126] [T1] tiles | cached done C:\Users\tsusa\OneDrive - Automanix\그림\PXL_20220714_125035942_2.jpg
[16:34:09.126] [T1] tiles | cached done C:\Users\tsusa\OneDrive - Automanix\그림\PXL_20220813_214558393_2.jpg
[16:34:09.127] [T1] tiles | cached done C:\Users\tsusa\OneDrive - Automanix\그림\PXL_20220726_125747369_2.jpg
[16:34:09.127] [T1] tiles | cached done C:\Users\tsusa\OneDrive - Automanix\그림\PXL_20220714_125148380_2.jpg
[16:34:09.127] [T1] tiles | cached done C:\Users\tsusa\OneDrive - Automanix\그림\KakaoTalk_20240703_110337676.jpg
[16:34:09.127] [T1] tiles | cached done C:\Users\tsusa\OneDrive - Automanix\그림\PXL_20220709_232639106_2.jpg
[16:34:09.128] [T1] tiles | cached done C:\Users\tsusa\OneDrive - Automanix\그림\PXL_20220719_121308973_2.jpg
[16:34:09.128] [T1] tiles | cached done C:\Users\tsusa\OneDrive - Automanix\그림\PXL_20220804_125449327_2.jpg
[16:34:09.128] [T1] tiles | cached done C:\Users\tsusa\OneDrive - Automanix\그림\PXL_20220812_121956977_2.jpg
[16:34:09.142] [T1] tiles | cached done C:\Users\tsusa\OneDrive - Automanix\그림\PXL_20220827_230734531_2.jpg
[16:34:09.142] [T1] tiles | cached done C:\Users\tsusa\OneDrive - Automanix\그림\PXL_20220831_130316984_2.jpg
[16:34:09.143] [T1] tiles | cached done C:\Users\tsusa\OneDrive - Automanix\그림\PXL_20220817_112931072_2.jpg
[16:34:09.143] [T1] tiles | cached done C:\Users\tsusa\OneDrive - Automanix\그림\PXL_20220824_112948946_2.jpg
[16:34:09.143] [T1] tiles | cached done C:\Users\tsusa\OneDrive - Automanix\그림\PXL_20220902_215631957_3.jpg
[16:34:09.144] [T1] tiles | cached done C:\Users\tsusa\OneDrive - Automanix\그림\PXL_20220827_001839431_2.jpg
[16:34:09.147] [T1] tiles | phase0 C:\Users\tsusa\OneDrive - Automanix\그림\PXL_20220903_010322367_2.jpg
[16:34:09.148] [T1] tiles | phase0 C:\Users\tsusa\OneDrive - Automanix\그림\PXL_20220920_125143842.MOTION-02.ORIGINAL_2.jpg
[16:34:09.149] [T1] tiles | phase0 C:\Users\tsusa\OneDrive - Automanix\그림\PXL_20221101_105955590_2.jpg
[16:34:09.150] [T1] tiles | phase0 C:\Users\tsusa\OneDrive - Automanix\그림\PXL_20230212_024010110.jpg
[16:34:09.151] [T1] tiles | phase0 C:\Users\tsusa\OneDrive - Automanix\그림\PXL_20230212_025601437_2.jpg
[16:34:09.152] [T1] tiles | phase0 C:\Users\tsusa\OneDrive - Automanix\그림\PXL_20230422_230822530~2.jpg
[16:34:09.153] [T1] tiles | fill cached C:\Users\tsusa\OneDrive - Automanix\그림\PXL_20220903_010322367_2.jpg
[16:34:09.154] [T1] tiles | fill cached C:\Users\tsusa\OneDrive - Automanix\그림\PXL_20220920_125143842.MOTION-02.ORIGINAL_2.jpg
[16:34:09.154] [T1] tiles | fill cached C:\Users\tsusa\OneDrive - Automanix\그림\PXL_20221101_105955590_2.jpg
[16:34:09.155] [T1] tiles | fill cached C:\Users\tsusa\OneDrive - Automanix\그림\PXL_20230212_024010110.jpg
[16:34:09.155] [T1] tiles | fill cached C:\Users\tsusa\OneDrive - Automanix\그림\PXL_20230212_025601437_2.jpg
[16:34:09.156] [T1] tiles | fill cached C:\Users\tsusa\OneDrive - Automanix\그림\PXL_20230422_230822530~2.jpg
[16:34:09.180] [T1] tiles | cached done C:\Users\tsusa\OneDrive - Automanix\그림\PXL_20220903_010322367_2.jpg
[16:34:09.184] [T1] tiles | phase0 C:\Users\tsusa\OneDrive - Automanix\그림\vlcsnap-2026-01-18-12h58m03s381.png
[16:34:09.186] [T1] tiles | phase0 C:\Users\tsusa\OneDrive - Automanix\그림\vlcsnap-2026-01-19-02h04m39s483.png
[16:34:09.187] [T1] tiles | phase0 C:\Users\tsusa\OneDrive - Automanix\그림\vlcsnap-2026-01-27-01h49m01s690.png
[16:34:09.189] [T1] tiles | phase0 C:\Users\tsusa\OneDrive - Automanix\그림\민초로부터 온 퇴장 통보.png
[16:34:09.192] [T1] tiles | phase0 C:\Users\tsusa\OneDrive - Automanix\그림\아우디 현가장치 관련 리콜.png
[16:34:09.194] [T1] tiles | phase0 C:\Users\tsusa\OneDrive - Automanix\그림\오토매닉스 대표이미지.png
[16:34:09.195] [T1] tiles | fill shell C:\Users\tsusa\OneDrive - Automanix\그림\vlcsnap-2026-01-18-12h58m03s381.png
[16:34:09.196] [T1] tiles | fill shell C:\Users\tsusa\OneDrive - Automanix\그림\vlcsnap-2026-01-19-02h04m39s483.png
[16:34:09.196] [T1] tiles | fill shell C:\Users\tsusa\OneDrive - Automanix\그림\vlcsnap-2026-01-27-01h49m01s690.png
[16:34:09.196] [T1] tiles | fill shell C:\Users\tsusa\OneDrive - Automanix\그림\민초로부터 온 퇴장 통보.png
[16:34:09.197] [T1] tiles | fill cached C:\Users\tsusa\OneDrive - Automanix\그림\아우디 현가장치 관련 리콜.png
[16:34:09.199] [T1] tiles | fill cached C:\Users\tsusa\OneDrive - Automanix\그림\오토매닉스 대표이미지.png
[16:34:09.206] [T1] tiles | cached done C:\Users\tsusa\OneDrive - Automanix\그림\PXL_20221101_105955590_2.jpg
[16:34:09.207] [T1] tiles | cached done C:\Users\tsusa\OneDrive - Automanix\그림\PXL_20230212_024010110.jpg
[16:34:09.211] [T1] tiles | cached done C:\Users\tsusa\OneDrive - Automanix\그림\PXL_20220920_125143842.MOTION-02.ORIGINAL_2.jpg
[16:34:09.211] [T1] tiles | cached done C:\Users\tsusa\OneDrive - Automanix\그림\PXL_20230212_025601437_2.jpg
[16:34:09.218] [T1] tiles | cached done C:\Users\tsusa\OneDrive - Automanix\그림\PXL_20230422_230822530~2.jpg
[16:34:09.220] [T1] tiles | phase0 C:\Users\tsusa\OneDrive - Automanix\그림\오토매닉스 로고.png
[16:34:09.222] [T1] tiles | phase0 C:\Users\tsusa\OneDrive - Automanix\그림\오토매닉스 로고이미지.png
[16:34:09.223] [T1] tiles | phase0 C:\Users\tsusa\OneDrive - Automanix\그림\오토매닉스_약도.png
[16:34:09.226] [T1] tiles | phase0 C:\Users\tsusa\OneDrive - Automanix\그림\오토매닉스_인감_배경제거.png
[16:34:09.227] [T1] tiles | phase0 C:\Users\tsusa\OneDrive - Automanix\그림\코인챗 로고 long 188_79.png
[16:34:09.229] [T1] tiles | phase0 C:\Users\tsusa\OneDrive - Automanix\그림\코인챗 로고 square 148_148.png
[16:34:09.230] [T1] tiles | fill cached C:\Users\tsusa\OneDrive - Automanix\그림\오토매닉스 로고.png
[16:34:09.231] [T1] tiles | fill cached C:\Users\tsusa\OneDrive - Automanix\그림\오토매닉스 로고이미지.png
[16:34:09.232] [T1] tiles | fill cached C:\Users\tsusa\OneDrive - Automanix\그림\오토매닉스_약도.png
[16:34:09.233] [T1] tiles | fill cached C:\Users\tsusa\OneDrive - Automanix\그림\오토매닉스_인감_배경제거.png
[16:34:09.234] [T1] tiles | fill cached C:\Users\tsusa\OneDrive - Automanix\그림\코인챗 로고 long 188_79.png
[16:34:09.235] [T1] tiles | fill cached C:\Users\tsusa\OneDrive - Automanix\그림\코인챗 로고 square 148_148.png
[16:34:09.259] [T1] tiles | cached done C:\Users\tsusa\OneDrive - Automanix\그림\코인챗 로고 long 188_79.png
[16:34:09.259] [T1] tiles | cached done C:\Users\tsusa\OneDrive - Automanix\그림\코인챗 로고 square 148_148.png
[16:34:09.260] [T1] tiles | cached done C:\Users\tsusa\OneDrive - Automanix\그림\오토매닉스 로고.png
[16:34:09.260] [T1] tiles | cached done C:\Users\tsusa\OneDrive - Automanix\그림\오토매닉스_약도.png
[16:34:09.263] [T1] tiles | phase0 C:\Users\tsusa\OneDrive - Automanix\그림\코인챗_211012_아이폰XS_2대_중고구매.png
[16:34:09.266] [T1] tiles | phase0 C:\Users\tsusa\OneDrive - Automanix\그림\코인챗_사무실.jpg
[16:34:09.267] [T1] tiles | phase0 C:\Users\tsusa\OneDrive - Automanix\그림\코인챗_회의실.jpg
[16:34:09.269] [T1] tiles | phase0 C:\Users\tsusa\OneDrive - Automanix\그림\포가차.jpg
[16:34:09.271] [T1] tiles | phase0 C:\Users\tsusa\OneDrive - Automanix\그림\화면 캡처 2020-11-26 162745.png
[16:34:09.272] [T1] tiles | phase0 C:\Users\tsusa\OneDrive - Automanix\그림\화면 캡처 2022-06-21 003453.png
[16:34:09.279] [T1] tiles | shell done C:\Users\tsusa\OneDrive - Automanix\그림\vlcsnap-2026-01-18-12h58m03s381.png
[16:34:09.280] [T1] tiles | shell done C:\Users\tsusa\OneDrive - Automanix\그림\vlcsnap-2026-01-27-01h49m01s690.png
[16:34:09.281] [T1] tiles | cached done C:\Users\tsusa\OneDrive - Automanix\그림\아우디 현가장치 관련 리콜.png
[16:34:09.281] [T1] tiles | shell done C:\Users\tsusa\OneDrive - Automanix\그림\vlcsnap-2026-01-19-02h04m39s483.png
[16:34:09.281] [T1] tiles | cached done C:\Users\tsusa\OneDrive - Automanix\그림\오토매닉스 대표이미지.png
[16:34:09.284] [T1] tiles | fill cached C:\Users\tsusa\OneDrive - Automanix\그림\코인챗_211012_아이폰XS_2대_중고구매.png
[16:34:09.286] [T1] tiles | fill cached C:\Users\tsusa\OneDrive - Automanix\그림\코인챗_사무실.jpg
[16:34:09.287] [T1] tiles | fill cached C:\Users\tsusa\OneDrive - Automanix\그림\코인챗_회의실.jpg
[16:34:09.291] [T1] tiles | fill cached C:\Users\tsusa\OneDrive - Automanix\그림\포가차.jpg
[16:34:09.301] [T1] tiles | fill cached C:\Users\tsusa\OneDrive - Automanix\그림\화면 캡처 2020-11-26 162745.png
[16:34:09.303] [T1] tiles | fill cached C:\Users\tsusa\OneDrive - Automanix\그림\화면 캡처 2022-06-21 003453.png
[16:34:09.319] [T1] tiles | cached done C:\Users\tsusa\OneDrive - Automanix\그림\오토매닉스 로고이미지.png
[16:34:09.320] [T1] tiles | cached done C:\Users\tsusa\OneDrive - Automanix\그림\오토매닉스_인감_배경제거.png
[16:34:09.327] [T1] tiles | cached done C:\Users\tsusa\OneDrive - Automanix\그림\화면 캡처 2020-11-26 162745.png
[16:34:09.330] [T1] tiles | phase0 C:\Users\tsusa\OneDrive - Automanix\그림\화면 캡처 2022-08-01 115837.jpg
[16:34:09.331] [T1] tiles | phase0 C:\Users\tsusa\OneDrive - Automanix\그림\화면 캡처 2022-08-01 115837.png
[16:34:09.332] [T1] tiles | phase0 C:\Users\tsusa\OneDrive - Automanix\그림\화면 캡처 2022-08-07 171622.png
[16:34:09.334] [T1] tiles | phase0 C:\Users\tsusa\OneDrive - Automanix\그림\화면 캡처 2022-09-29 233922.png
[16:34:09.335] [T1] tiles | phase0 C:\Users\tsusa\OneDrive - Automanix\그림\화면 캡처 2022-10-18 181358.png
[16:34:09.338] [T1] tiles | phase0 C:\Users\tsusa\OneDrive - Automanix\그림\화면 캡처 2022-10-21 005745.png
[16:34:09.339] [T1] tiles | fill cached C:\Users\tsusa\OneDrive - Automanix\그림\화면 캡처 2022-08-01 115837.jpg
[16:34:09.340] [T1] tiles | fill cached C:\Users\tsusa\OneDrive - Automanix\그림\화면 캡처 2022-08-01 115837.png
[16:34:09.343] [T1] tiles | fill cached C:\Users\tsusa\OneDrive - Automanix\그림\화면 캡처 2022-08-07 171622.png
[16:34:09.344] [T1] tiles | fill cached C:\Users\tsusa\OneDrive - Automanix\그림\화면 캡처 2022-09-29 233922.png
[16:34:09.344] [T1] tiles | fill cached C:\Users\tsusa\OneDrive - Automanix\그림\화면 캡처 2022-10-18 181358.png
[16:34:09.346] [T1] tiles | fill cached C:\Users\tsusa\OneDrive - Automanix\그림\화면 캡처 2022-10-21 005745.png
[16:34:09.366] [T1] tiles | cached done C:\Users\tsusa\OneDrive - Automanix\그림\코인챗_211012_아이폰XS_2대_중고구매.png
[16:34:09.372] [T1] tiles | shell done C:\Users\tsusa\OneDrive - Automanix\그림\민초로부터 온 퇴장 통보.png
[16:34:09.373] [T1] tiles | cached done C:\Users\tsusa\OneDrive - Automanix\그림\코인챗_사무실.jpg
[16:34:09.375] [T1] tiles | cached done C:\Users\tsusa\OneDrive - Automanix\그림\코인챗_회의실.jpg
[16:34:09.376] [T1] tiles | cached done C:\Users\tsusa\OneDrive - Automanix\그림\화면 캡처 2022-06-21 003453.png
[16:34:09.377] [T1] tiles | cached done C:\Users\tsusa\OneDrive - Automanix\그림\포가차.jpg
[16:34:09.431] [T1] tiles | cached done C:\Users\tsusa\OneDrive - Automanix\그림\화면 캡처 2022-08-07 171622.png
[16:34:09.433] [T1] tiles | cached done C:\Users\tsusa\OneDrive - Automanix\그림\화면 캡처 2022-08-01 115837.jpg
[16:34:09.445] [T1] tiles | cached done C:\Users\tsusa\OneDrive - Automanix\그림\화면 캡처 2022-10-18 181358.png
[16:34:09.447] [T1] tiles | cached done C:\Users\tsusa\OneDrive - Automanix\그림\화면 캡처 2022-09-29 233922.png
[16:34:09.447] [T1] tiles | cached done C:\Users\tsusa\OneDrive - Automanix\그림\화면 캡처 2022-10-21 005745.png
[16:34:09.448] [T1] tiles | cached done C:\Users\tsusa\OneDrive - Automanix\그림\화면 캡처 2022-08-01 115837.png
[16:34:52.637] [T1] list | phase0 C:\Users\tsusa\OneDrive - Automanix\그림\240323 강가 별장
[16:34:52.639] [T1] list | phase0 C:\Users\tsusa\OneDrive - Automanix\그림\aaa
[16:34:52.641] [T1] list | phase0 C:\Users\tsusa\OneDrive - Automanix\그림\bbb
[16:34:52.642] [T1] list | phase0 C:\Users\tsusa\OneDrive - Automanix\그림\Feedback
[16:34:52.644] [T1] list | phase0 C:\Users\tsusa\OneDrive - Automanix\그림\Saved Pictures
[16:34:52.646] [T1] list | phase0 C:\Users\tsusa\OneDrive - Automanix\그림\Scan
[16:34:52.648] [T1] list | phase0 C:\Users\tsusa\OneDrive - Automanix\그림\Screenshots
[16:34:52.650] [T1] list | phase0 C:\Users\tsusa\OneDrive - Automanix\그림\Zwift
[16:34:52.652] [T1] list | phase0 C:\Users\tsusa\OneDrive - Automanix\그림\바탕화면
[16:34:52.654] [T1] list | phase0 C:\Users\tsusa\OneDrive - Automanix\그림\스캔
[16:34:52.656] [T1] list | phase0 C:\Users\tsusa\OneDrive - Automanix\그림\스크린샷
[16:34:52.658] [T1] list | phase0 C:\Users\tsusa\OneDrive - Automanix\그림\카메라 앨범
[16:34:52.660] [T1] list | phase0 C:\Users\tsusa\OneDrive - Automanix\그림\220731 강화도.mp4_005246116.jpeg
[16:34:52.662] [T1] list | phase0 C:\Users\tsusa\OneDrive - Automanix\그림\220731 강화도.mp4_005246116.jpg
[16:34:52.664] [T1] list | phase0 C:\Users\tsusa\OneDrive - Automanix\그림\220731 강화도.mp4_005246116.png
[16:34:52.687] [T1] list | phase0 C:\Users\tsusa\OneDrive - Automanix\그림\AMX.jpg
[16:34:52.689] [T1] list | phase0 C:\Users\tsusa\OneDrive - Automanix\그림\ARS-로고디자인_원본파일.png
[16:34:52.691] [T1] list | phase0 C:\Users\tsusa\OneDrive - Automanix\그림\DALL·E 2024-07-22 16.05.33 - Simplified version of a logo for 'Automotive Research Solution' with the main elements being 'ARS' in a bold font and a sleek, modern car silhouette. .webp
[16:34:52.693] [T1] list | phase0 C:\Users\tsusa\OneDrive - Automanix\그림\KakaoTalk_20200117_092011491.png
[16:34:52.695] [T1] list | phase0 C:\Users\tsusa\OneDrive - Automanix\그림\KakaoTalk_20240703_110337676.jpg
[16:34:52.697] [T1] list | phase0 C:\Users\tsusa\OneDrive - Automanix\그림\pexels-pixabay-37347.jpg
[16:34:52.699] [T1] list | phase0 C:\Users\tsusa\OneDrive - Automanix\그림\pexels-polina-zimmerman-3778619.jpg
[16:34:52.701] [T1] list | phase0 C:\Users\tsusa\OneDrive - Automanix\그림\PXL_20220709_232639106_2.jpg
[16:34:52.703] [T1] list | phase0 C:\Users\tsusa\OneDrive - Automanix\그림\PXL_20220714_125035942_2.jpg
[16:34:52.705] [T1] list | phase0 C:\Users\tsusa\OneDrive - Automanix\그림\PXL_20220714_125148380_2.jpg
[16:34:52.706] [T1] list | phase0 C:\Users\tsusa\OneDrive - Automanix\그림\PXL_20220719_121308973_2.jpg
[16:34:52.708] [T1] list | phase0 C:\Users\tsusa\OneDrive - Automanix\그림\PXL_20220726_125747369_2.jpg
[16:34:52.710] [T1] list | phase0 C:\Users\tsusa\OneDrive - Automanix\그림\PXL_20220804_125449327_2.jpg
[16:34:52.712] [T1] list | phase0 C:\Users\tsusa\OneDrive - Automanix\그림\PXL_20220812_121956977_2.jpg
[16:34:52.714] [T1] list | phase0 C:\Users\tsusa\OneDrive - Automanix\그림\PXL_20220813_214558393_2.jpg
[16:34:52.716] [T1] list | phase0 C:\Users\tsusa\OneDrive - Automanix\그림\PXL_20220817_112931072_2.jpg
[16:34:52.771] [T1] list | phase0 C:\Users\tsusa\OneDrive - Automanix\그림\PXL_20220824_112948946_2.jpg
[16:34:52.773] [T1] list | phase0 C:\Users\tsusa\OneDrive - Automanix\그림\PXL_20220827_001839431_2.jpg
[16:34:52.789] [T1] list | phase0 C:\Users\tsusa\OneDrive - Automanix\그림\PXL_20220827_230734531_2.jpg
[16:34:52.791] [T1] list | phase0 C:\Users\tsusa\OneDrive - Automanix\그림\PXL_20220831_130316984_2.jpg
[16:34:52.793] [T1] list | phase0 C:\Users\tsusa\OneDrive - Automanix\그림\PXL_20220902_215631957_3.jpg
[16:34:52.807] [T1] list | phase0 C:\Users\tsusa\OneDrive - Automanix\그림\PXL_20220903_010322367_2.jpg
[16:34:52.810] [T1] list | phase0 C:\Users\tsusa\OneDrive - Automanix\그림\PXL_20220920_125143842.MOTION-02.ORIGINAL_2.jpg
[16:34:52.825] [T1] list | phase0 C:\Users\tsusa\OneDrive - Automanix\그림\PXL_20221101_105955590_2.jpg
[16:34:52.828] [T1] list | phase0 C:\Users\tsusa\OneDrive - Automanix\그림\PXL_20230212_024010110.jpg
[16:34:52.830] [T1] list | phase0 C:\Users\tsusa\OneDrive - Automanix\그림\PXL_20230212_025601437_2.jpg
[16:34:52.844] [T1] list | phase0 C:\Users\tsusa\OneDrive - Automanix\그림\PXL_20230422_230822530~2.jpg
[16:34:52.846] [T1] list | phase0 C:\Users\tsusa\OneDrive - Automanix\그림\vlcsnap-2026-01-18-12h58m03s381.png
[16:34:52.846] [T1] detail | fetch Image C:\Users\tsusa\OneDrive - Automanix\그림\vlcsnap-2026-01-18-12h58m03s381.png
[16:34:52.862] [T1] list | phase0 C:\Users\tsusa\OneDrive - Automanix\그림\vlcsnap-2026-01-19-02h04m39s483.png
[16:34:52.862] [T1] detail | fetch Image C:\Users\tsusa\OneDrive - Automanix\그림\vlcsnap-2026-01-19-02h04m39s483.png
[16:34:52.864] [T1] list | phase0 C:\Users\tsusa\OneDrive - Automanix\그림\vlcsnap-2026-01-27-01h49m01s690.png
[16:34:52.864] [T1] detail | fetch Image C:\Users\tsusa\OneDrive - Automanix\그림\vlcsnap-2026-01-27-01h49m01s690.png
[16:34:52.866] [T1] list | phase0 C:\Users\tsusa\OneDrive - Automanix\그림\민초로부터 온 퇴장 통보.png
[16:34:52.866] [T1] detail | fetch Image C:\Users\tsusa\OneDrive - Automanix\그림\민초로부터 온 퇴장 통보.png
[16:34:52.880] [T1] list | phase0 C:\Users\tsusa\OneDrive - Automanix\그림\아우디 현가장치 관련 리콜.png
[16:34:52.882] [T1] list | phase0 C:\Users\tsusa\OneDrive - Automanix\그림\오토매닉스 대표이미지.png
[16:34:52.898] [T1] list | phase0 C:\Users\tsusa\OneDrive - Automanix\그림\오토매닉스 로고.png
[16:34:52.900] [T1] list | phase0 C:\Users\tsusa\OneDrive - Automanix\그림\오토매닉스 로고이미지.png
[16:34:52.902] [T1] list | phase0 C:\Users\tsusa\OneDrive - Automanix\그림\오토매닉스_약도.png
[16:34:52.916] [T1] list | phase0 C:\Users\tsusa\OneDrive - Automanix\그림\오토매닉스_인감_배경제거.png
[16:34:52.919] [T1] list | phase0 C:\Users\tsusa\OneDrive - Automanix\그림\코인챗 로고 long 188_79.png
[16:34:52.934] [T1] list | phase0 C:\Users\tsusa\OneDrive - Automanix\그림\코인챗 로고 square 148_148.png
[16:34:52.937] [T1] list | phase0 C:\Users\tsusa\OneDrive - Automanix\그림\코인챗_211012_아이폰XS_2대_중고구매.png
[16:34:52.939] [T1] list | phase0 C:\Users\tsusa\OneDrive - Automanix\그림\코인챗_사무실.jpg
[16:34:52.952] [T1] list | phase0 C:\Users\tsusa\OneDrive - Automanix\그림\코인챗_회의실.jpg
[16:34:52.954] [T1] list | phase0 C:\Users\tsusa\OneDrive - Automanix\그림\포가차.jpg
[16:34:52.971] [T1] list | phase0 C:\Users\tsusa\OneDrive - Automanix\그림\화면 캡처 2020-11-26 162745.png
[16:34:52.973] [T1] list | phase0 C:\Users\tsusa\OneDrive - Automanix\그림\화면 캡처 2022-06-21 003453.png
[16:34:52.975] [T1] list | phase0 C:\Users\tsusa\OneDrive - Automanix\그림\화면 캡처 2022-08-01 115837.jpg
[16:34:53.001] [T1] list | phase0 C:\Users\tsusa\OneDrive - Automanix\그림\화면 캡처 2022-08-01 115837.png
[16:34:53.003] [T1] list | phase0 C:\Users\tsusa\OneDrive - Automanix\그림\화면 캡처 2022-08-07 171622.png
[16:34:53.019] [T1] list | phase0 C:\Users\tsusa\OneDrive - Automanix\그림\화면 캡처 2022-09-29 233922.png
[16:34:53.021] [T1] list | phase0 C:\Users\tsusa\OneDrive - Automanix\그림\화면 캡처 2022-10-18 181358.png
[16:34:53.023] [T1] list | phase0 C:\Users\tsusa\OneDrive - Automanix\그림\화면 캡처 2022-10-21 005745.png
[16:35:03.802] [T1] nav | NavigateToAsync C:\Users\tsusa\OneDrive - Automanix\그림 exts=48
[16:35:03.803] [T1] nav | scan done C:\Users\tsusa\OneDrive - Automanix\그림 count=67
[16:35:03.804] [T1] nav | RefreshView C:\Users\tsusa\OneDrive - Automanix\그림 count=67
[16:35:03.804] [T1] list | recycle C:\Users\tsusa\OneDrive - Automanix\그림\240323 강가 별장
[16:35:03.804] [T1] list | ForceFinish(recycle)
[16:35:03.804] [T1] list | recycle C:\Users\tsusa\OneDrive - Automanix\그림\aaa
[16:35:03.804] [T1] list | ForceFinish(recycle)
[16:35:03.804] [T1] list | recycle C:\Users\tsusa\OneDrive - Automanix\그림\bbb
[16:35:03.804] [T1] list | ForceFinish(recycle)
[16:35:03.804] [T1] list | recycle C:\Users\tsusa\OneDrive - Automanix\그림\Feedback
[16:35:03.804] [T1] list | ForceFinish(recycle)
[16:35:03.804] [T1] list | recycle C:\Users\tsusa\OneDrive - Automanix\그림\Saved Pictures
[16:35:03.804] [T1] list | ForceFinish(recycle)
[16:35:03.804] [T1] list | recycle C:\Users\tsusa\OneDrive - Automanix\그림\Scan
[16:35:03.804] [T1] list | ForceFinish(recycle)
[16:35:03.804] [T1] list | recycle C:\Users\tsusa\OneDrive - Automanix\그림\Screenshots
[16:35:03.804] [T1] list | ForceFinish(recycle)
[16:35:03.804] [T1] list | recycle C:\Users\tsusa\OneDrive - Automanix\그림\Zwift
[16:35:03.804] [T1] list | ForceFinish(recycle)
[16:35:03.805] [T1] list | recycle C:\Users\tsusa\OneDrive - Automanix\그림\바탕화면
[16:35:03.805] [T1] list | ForceFinish(recycle)
[16:35:03.805] [T1] list | recycle C:\Users\tsusa\OneDrive - Automanix\그림\스캔
[16:35:03.805] [T1] list | ForceFinish(recycle)
[16:35:03.805] [T1] list | recycle C:\Users\tsusa\OneDrive - Automanix\그림\스크린샷
[16:35:03.805] [T1] list | ForceFinish(recycle)
[16:35:03.805] [T1] list | recycle C:\Users\tsusa\OneDrive - Automanix\그림\카메라 앨범
[16:35:03.805] [T1] list | ForceFinish(recycle)
[16:35:03.805] [T1] list | recycle C:\Users\tsusa\OneDrive - Automanix\그림\220731 강화도.mp4_005246116.jpeg
[16:35:03.805] [T1] list | ForceFinish(recycle)
[16:35:03.805] [T1] list | recycle C:\Users\tsusa\OneDrive - Automanix\그림\220731 강화도.mp4_005246116.jpg
[16:35:03.805] [T1] list | ForceFinish(recycle)
[16:35:03.805] [T1] list | recycle C:\Users\tsusa\OneDrive - Automanix\그림\220731 강화도.mp4_005246116.png
[16:35:03.805] [T1] list | ForceFinish(recycle)
[16:35:03.805] [T1] list | recycle C:\Users\tsusa\OneDrive - Automanix\그림\AMX.jpg
[16:35:03.805] [T1] list | ForceFinish(recycle)
[16:35:03.805] [T1] list | recycle C:\Users\tsusa\OneDrive - Automanix\그림\ARS-로고디자인_원본파일.png
[16:35:03.805] [T1] list | ForceFinish(recycle)
[16:35:03.805] [T1] list | recycle C:\Users\tsusa\OneDrive - Automanix\그림\DALL·E 2024-07-22 16.05.33 - Simplified version of a logo for 'Automotive Research Solution' with the main elements being 'ARS' in a bold font and a sleek, modern car silhouette. .webp
[16:35:03.805] [T1] list | ForceFinish(recycle)
[16:35:03.805] [T1] list | recycle C:\Users\tsusa\OneDrive - Automanix\그림\KakaoTalk_20200117_092011491.png
[16:35:03.805] [T1] list | ForceFinish(recycle)
[16:35:03.805] [T1] list | recycle C:\Users\tsusa\OneDrive - Automanix\그림\KakaoTalk_20240703_110337676.jpg
[16:35:03.805] [T1] list | ForceFinish(recycle)
[16:35:03.806] [T1] list | recycle C:\Users\tsusa\OneDrive - Automanix\그림\pexels-pixabay-37347.jpg
[16:35:03.806] [T1] list | ForceFinish(recycle)
[16:35:03.806] [T1] list | recycle C:\Users\tsusa\OneDrive - Automanix\그림\pexels-polina-zimmerman-3778619.jpg
[16:35:03.806] [T1] list | ForceFinish(recycle)
[16:35:03.806] [T1] list | recycle C:\Users\tsusa\OneDrive - Automanix\그림\PXL_20220709_232639106_2.jpg
[16:35:03.806] [T1] list | ForceFinish(recycle)
[16:35:03.806] [T1] list | recycle C:\Users\tsusa\OneDrive - Automanix\그림\PXL_20220714_125035942_2.jpg
[16:35:03.806] [T1] list | ForceFinish(recycle)
[16:35:03.806] [T1] list | recycle C:\Users\tsusa\OneDrive - Automanix\그림\PXL_20220714_125148380_2.jpg
[16:35:03.806] [T1] list | ForceFinish(recycle)
[16:35:03.806] [T1] list | recycle C:\Users\tsusa\OneDrive - Automanix\그림\PXL_20220719_121308973_2.jpg
[16:35:03.806] [T1] list | ForceFinish(recycle)
[16:35:03.806] [T1] list | recycle C:\Users\tsusa\OneDrive - Automanix\그림\PXL_20220726_125747369_2.jpg
[16:35:03.806] [T1] list | ForceFinish(recycle)
[16:35:03.806] [T1] list | recycle C:\Users\tsusa\OneDrive - Automanix\그림\PXL_20220804_125449327_2.jpg
[16:35:03.806] [T1] list | ForceFinish(recycle)
[16:35:03.806] [T1] list | recycle C:\Users\tsusa\OneDrive - Automanix\그림\PXL_20220812_121956977_2.jpg
[16:35:03.806] [T1] list | ForceFinish(recycle)
[16:35:03.806] [T1] list | recycle C:\Users\tsusa\OneDrive - Automanix\그림\PXL_20220813_214558393_2.jpg
[16:35:03.806] [T1] list | ForceFinish(recycle)
[16:35:03.806] [T1] list | recycle C:\Users\tsusa\OneDrive - Automanix\그림\PXL_20220817_112931072_2.jpg
[16:35:03.806] [T1] list | ForceFinish(recycle)
[16:35:03.806] [T1] list | recycle C:\Users\tsusa\OneDrive - Automanix\그림\PXL_20220824_112948946_2.jpg
[16:35:03.806] [T1] list | ForceFinish(recycle)
[16:35:03.806] [T1] list | recycle C:\Users\tsusa\OneDrive - Automanix\그림\PXL_20220827_001839431_2.jpg
[16:35:03.806] [T1] list | ForceFinish(recycle)
[16:35:03.806] [T1] list | recycle C:\Users\tsusa\OneDrive - Automanix\그림\PXL_20220827_230734531_2.jpg
[16:35:03.806] [T1] list | ForceFinish(recycle)
[16:35:03.806] [T1] list | recycle C:\Users\tsusa\OneDrive - Automanix\그림\PXL_20220831_130316984_2.jpg
[16:35:03.806] [T1] list | ForceFinish(recycle)
[16:35:03.806] [T1] list | recycle C:\Users\tsusa\OneDrive - Automanix\그림\PXL_20220902_215631957_3.jpg
[16:35:03.806] [T1] list | ForceFinish(recycle)
[16:35:03.806] [T1] list | recycle C:\Users\tsusa\OneDrive - Automanix\그림\PXL_20220903_010322367_2.jpg
[16:35:03.806] [T1] list | ForceFinish(recycle)
[16:35:03.806] [T1] list | recycle C:\Users\tsusa\OneDrive - Automanix\그림\PXL_20220920_125143842.MOTION-02.ORIGINAL_2.jpg
[16:35:03.806] [T1] list | ForceFinish(recycle)
[16:35:03.806] [T1] list | recycle C:\Users\tsusa\OneDrive - Automanix\그림\PXL_20221101_105955590_2.jpg
[16:35:03.806] [T1] list | ForceFinish(recycle)
[16:35:03.806] [T1] list | recycle C:\Users\tsusa\OneDrive - Automanix\그림\PXL_20230212_024010110.jpg
[16:35:03.806] [T1] list | ForceFinish(recycle)
[16:35:03.806] [T1] list | recycle C:\Users\tsusa\OneDrive - Automanix\그림\PXL_20230212_025601437_2.jpg
[16:35:03.806] [T1] list | ForceFinish(recycle)
[16:35:03.806] [T1] list | recycle C:\Users\tsusa\OneDrive - Automanix\그림\PXL_20230422_230822530~2.jpg
[16:35:03.806] [T1] list | ForceFinish(recycle)
[16:35:03.806] [T1] list | recycle C:\Users\tsusa\OneDrive - Automanix\그림\vlcsnap-2026-01-18-12h58m03s381.png
[16:35:03.806] [T1] list | ForceFinish(recycle)
[16:35:03.806] [T1] list | recycle C:\Users\tsusa\OneDrive - Automanix\그림\vlcsnap-2026-01-19-02h04m39s483.png
[16:35:03.806] [T1] list | ForceFinish(recycle)
[16:35:03.806] [T1] list | recycle C:\Users\tsusa\OneDrive - Automanix\그림\vlcsnap-2026-01-27-01h49m01s690.png
[16:35:03.806] [T1] list | ForceFinish(recycle)
[16:35:03.806] [T1] list | recycle C:\Users\tsusa\OneDrive - Automanix\그림\민초로부터 온 퇴장 통보.png
[16:35:03.807] [T1] list | ForceFinish(recycle)
[16:35:03.807] [T1] list | recycle C:\Users\tsusa\OneDrive - Automanix\그림\아우디 현가장치 관련 리콜.png
[16:35:03.807] [T1] list | ForceFinish(recycle)
[16:35:03.807] [T1] list | recycle C:\Users\tsusa\OneDrive - Automanix\그림\오토매닉스 대표이미지.png
[16:35:03.807] [T1] list | ForceFinish(recycle)
[16:35:03.807] [T1] list | recycle C:\Users\tsusa\OneDrive - Automanix\그림\오토매닉스 로고.png
[16:35:03.807] [T1] list | ForceFinish(recycle)
[16:35:03.807] [T1] list | recycle C:\Users\tsusa\OneDrive - Automanix\그림\오토매닉스 로고이미지.png
[16:35:03.807] [T1] list | ForceFinish(recycle)
[16:35:03.807] [T1] list | recycle C:\Users\tsusa\OneDrive - Automanix\그림\오토매닉스_약도.png
[16:35:03.807] [T1] list | ForceFinish(recycle)
[16:35:03.807] [T1] list | recycle C:\Users\tsusa\OneDrive - Automanix\그림\오토매닉스_인감_배경제거.png
[16:35:03.807] [T1] list | ForceFinish(recycle)
[16:35:03.807] [T1] list | recycle C:\Users\tsusa\OneDrive - Automanix\그림\코인챗 로고 long 188_79.png
[16:35:03.807] [T1] list | ForceFinish(recycle)
[16:35:03.807] [T1] list | recycle C:\Users\tsusa\OneDrive - Automanix\그림\코인챗 로고 square 148_148.png
[16:35:03.807] [T1] list | ForceFinish(recycle)
[16:35:03.807] [T1] list | recycle C:\Users\tsusa\OneDrive - Automanix\그림\코인챗_211012_아이폰XS_2대_중고구매.png
[16:35:03.807] [T1] list | ForceFinish(recycle)
[16:35:03.807] [T1] list | recycle C:\Users\tsusa\OneDrive - Automanix\그림\코인챗_사무실.jpg
[16:35:03.807] [T1] list | ForceFinish(recycle)
[16:35:03.807] [T1] list | recycle C:\Users\tsusa\OneDrive - Automanix\그림\코인챗_회의실.jpg
[16:35:03.807] [T1] list | ForceFinish(recycle)
[16:35:03.807] [T1] list | recycle C:\Users\tsusa\OneDrive - Automanix\그림\포가차.jpg
[16:35:03.807] [T1] list | ForceFinish(recycle)
[16:35:03.807] [T1] list | recycle C:\Users\tsusa\OneDrive - Automanix\그림\화면 캡처 2020-11-26 162745.png
[16:35:03.807] [T1] list | ForceFinish(recycle)
[16:35:03.807] [T1] list | recycle C:\Users\tsusa\OneDrive - Automanix\그림\화면 캡처 2022-06-21 003453.png
[16:35:03.807] [T1] list | ForceFinish(recycle)
[16:35:03.807] [T1] list | recycle C:\Users\tsusa\OneDrive - Automanix\그림\화면 캡처 2022-08-01 115837.jpg
[16:35:03.807] [T1] list | ForceFinish(recycle)
[16:35:03.807] [T1] list | recycle C:\Users\tsusa\OneDrive - Automanix\그림\화면 캡처 2022-08-01 115837.png
[16:35:03.807] [T1] list | ForceFinish(recycle)
[16:35:03.807] [T1] list | recycle C:\Users\tsusa\OneDrive - Automanix\그림\화면 캡처 2022-08-07 171622.png
[16:35:03.807] [T1] list | ForceFinish(recycle)
[16:35:03.807] [T1] list | recycle C:\Users\tsusa\OneDrive - Automanix\그림\화면 캡처 2022-09-29 233922.png
[16:35:03.807] [T1] list | ForceFinish(recycle)
[16:35:03.807] [T1] list | recycle C:\Users\tsusa\OneDrive - Automanix\그림\화면 캡처 2022-10-18 181358.png
[16:35:03.807] [T1] list | ForceFinish(recycle)
[16:35:03.807] [T1] list | recycle C:\Users\tsusa\OneDrive - Automanix\그림\화면 캡처 2022-10-21 005745.png
[16:35:03.807] [T1] list | ForceFinish(recycle)
[16:35:03.807] [T1] tiles | ShowEntries C:\Users\tsusa\OneDrive - Automanix\그림 count=67
[16:35:03.807] [T1] tiles | recycle C:\Users\tsusa\OneDrive - Automanix\그림\240323 강가 별장
[16:35:03.808] [T1] tiles | recycle C:\Users\tsusa\OneDrive - Automanix\그림\aaa
[16:35:03.808] [T1] tiles | recycle C:\Users\tsusa\OneDrive - Automanix\그림\bbb
[16:35:03.808] [T1] tiles | recycle C:\Users\tsusa\OneDrive - Automanix\그림\Feedback
[16:35:03.808] [T1] tiles | recycle C:\Users\tsusa\OneDrive - Automanix\그림\Saved Pictures
[16:35:03.808] [T1] tiles | recycle C:\Users\tsusa\OneDrive - Automanix\그림\Scan
[16:35:03.808] [T1] tiles | recycle C:\Users\tsusa\OneDrive - Automanix\그림\Screenshots
[16:35:03.808] [T1] tiles | recycle C:\Users\tsusa\OneDrive - Automanix\그림\Zwift
[16:35:03.808] [T1] tiles | recycle C:\Users\tsusa\OneDrive - Automanix\그림\바탕화면
[16:35:03.808] [T1] tiles | recycle C:\Users\tsusa\OneDrive - Automanix\그림\스캔
[16:35:03.808] [T1] tiles | recycle C:\Users\tsusa\OneDrive - Automanix\그림\스크린샷
[16:35:03.808] [T1] tiles | recycle C:\Users\tsusa\OneDrive - Automanix\그림\카메라 앨범
[16:35:03.809] [T1] tiles | recycle C:\Users\tsusa\OneDrive - Automanix\그림\220731 강화도.mp4_005246116.jpeg
[16:35:03.809] [T1] tiles | recycle C:\Users\tsusa\OneDrive - Automanix\그림\220731 강화도.mp4_005246116.jpg
[16:35:03.809] [T1] tiles | recycle C:\Users\tsusa\OneDrive - Automanix\그림\220731 강화도.mp4_005246116.png
[16:35:03.809] [T1] tiles | recycle C:\Users\tsusa\OneDrive - Automanix\그림\AMX.jpg
[16:35:03.809] [T1] tiles | recycle C:\Users\tsusa\OneDrive - Automanix\그림\ARS-로고디자인_원본파일.png
[16:35:03.809] [T1] tiles | recycle C:\Users\tsusa\OneDrive - Automanix\그림\DALL·E 2024-07-22 16.05.33 - Simplified version of a logo for 'Automotive Research Solution' with the main elements being 'ARS' in a bold font and a sleek, modern car silhouette. .webp
[16:35:03.809] [T1] tiles | recycle C:\Users\tsusa\OneDrive - Automanix\그림\KakaoTalk_20200117_092011491.png
[16:35:03.809] [T1] tiles | recycle C:\Users\tsusa\OneDrive - Automanix\그림\KakaoTalk_20240703_110337676.jpg
[16:35:03.809] [T1] tiles | recycle C:\Users\tsusa\OneDrive - Automanix\그림\pexels-pixabay-37347.jpg
[16:35:03.809] [T1] tiles | recycle C:\Users\tsusa\OneDrive - Automanix\그림\pexels-polina-zimmerman-3778619.jpg
[16:35:03.809] [T1] tiles | recycle C:\Users\tsusa\OneDrive - Automanix\그림\PXL_20220709_232639106_2.jpg
[16:35:03.809] [T1] tiles | recycle C:\Users\tsusa\OneDrive - Automanix\그림\PXL_20220714_125035942_2.jpg
[16:35:03.809] [T1] tiles | recycle C:\Users\tsusa\OneDrive - Automanix\그림\PXL_20220714_125148380_2.jpg
[16:35:03.809] [T1] tiles | recycle C:\Users\tsusa\OneDrive - Automanix\그림\PXL_20220719_121308973_2.jpg
[16:35:03.809] [T1] tiles | recycle C:\Users\tsusa\OneDrive - Automanix\그림\PXL_20220726_125747369_2.jpg
[16:35:03.809] [T1] tiles | recycle C:\Users\tsusa\OneDrive - Automanix\그림\PXL_20220804_125449327_2.jpg
[16:35:03.809] [T1] tiles | recycle C:\Users\tsusa\OneDrive - Automanix\그림\PXL_20220812_121956977_2.jpg
[16:35:03.809] [T1] tiles | recycle C:\Users\tsusa\OneDrive - Automanix\그림\PXL_20220813_214558393_2.jpg
[16:35:03.810] [T1] tiles | recycle C:\Users\tsusa\OneDrive - Automanix\그림\PXL_20220817_112931072_2.jpg
[16:35:03.810] [T1] tiles | recycle C:\Users\tsusa\OneDrive - Automanix\그림\PXL_20220824_112948946_2.jpg
[16:35:03.810] [T1] tiles | recycle C:\Users\tsusa\OneDrive - Automanix\그림\PXL_20220827_001839431_2.jpg
[16:35:03.810] [T1] tiles | recycle C:\Users\tsusa\OneDrive - Automanix\그림\PXL_20220827_230734531_2.jpg
[16:35:03.810] [T1] tiles | recycle C:\Users\tsusa\OneDrive - Automanix\그림\PXL_20220831_130316984_2.jpg
[16:35:03.810] [T1] tiles | recycle C:\Users\tsusa\OneDrive - Automanix\그림\PXL_20220902_215631957_3.jpg
[16:35:03.810] [T1] tiles | recycle C:\Users\tsusa\OneDrive - Automanix\그림\PXL_20220903_010322367_2.jpg
[16:35:03.810] [T1] tiles | recycle C:\Users\tsusa\OneDrive - Automanix\그림\PXL_20220920_125143842.MOTION-02.ORIGINAL_2.jpg
[16:35:03.810] [T1] tiles | recycle C:\Users\tsusa\OneDrive - Automanix\그림\PXL_20221101_105955590_2.jpg
[16:35:03.810] [T1] tiles | recycle C:\Users\tsusa\OneDrive - Automanix\그림\PXL_20230212_024010110.jpg
[16:35:03.810] [T1] tiles | recycle C:\Users\tsusa\OneDrive - Automanix\그림\PXL_20230212_025601437_2.jpg
[16:35:03.810] [T1] tiles | recycle C:\Users\tsusa\OneDrive - Automanix\그림\PXL_20230422_230822530~2.jpg
[16:35:03.810] [T1] tiles | recycle C:\Users\tsusa\OneDrive - Automanix\그림\vlcsnap-2026-01-18-12h58m03s381.png
[16:35:03.810] [T1] tiles | recycle C:\Users\tsusa\OneDrive - Automanix\그림\vlcsnap-2026-01-19-02h04m39s483.png
[16:35:03.810] [T1] tiles | recycle C:\Users\tsusa\OneDrive - Automanix\그림\vlcsnap-2026-01-27-01h49m01s690.png
[16:35:03.810] [T1] tiles | recycle C:\Users\tsusa\OneDrive - Automanix\그림\민초로부터 온 퇴장 통보.png
[16:35:03.810] [T1] tiles | recycle C:\Users\tsusa\OneDrive - Automanix\그림\아우디 현가장치 관련 리콜.png
[16:35:03.810] [T1] tiles | recycle C:\Users\tsusa\OneDrive - Automanix\그림\오토매닉스 대표이미지.png
[16:35:03.810] [T1] tiles | recycle C:\Users\tsusa\OneDrive - Automanix\그림\오토매닉스 로고.png
[16:35:03.810] [T1] tiles | recycle C:\Users\tsusa\OneDrive - Automanix\그림\오토매닉스 로고이미지.png
[16:35:03.811] [T1] tiles | recycle C:\Users\tsusa\OneDrive - Automanix\그림\오토매닉스_약도.png
[16:35:03.811] [T1] tiles | recycle C:\Users\tsusa\OneDrive - Automanix\그림\오토매닉스_인감_배경제거.png
[16:35:03.811] [T1] tiles | recycle C:\Users\tsusa\OneDrive - Automanix\그림\코인챗 로고 long 188_79.png
[16:35:03.811] [T1] tiles | recycle C:\Users\tsusa\OneDrive - Automanix\그림\코인챗 로고 square 148_148.png
[16:35:03.811] [T1] tiles | recycle C:\Users\tsusa\OneDrive - Automanix\그림\코인챗_211012_아이폰XS_2대_중고구매.png
[16:35:03.811] [T1] tiles | recycle C:\Users\tsusa\OneDrive - Automanix\그림\코인챗_사무실.jpg
[16:35:03.811] [T1] tiles | recycle C:\Users\tsusa\OneDrive - Automanix\그림\코인챗_회의실.jpg
[16:35:03.811] [T1] tiles | recycle C:\Users\tsusa\OneDrive - Automanix\그림\포가차.jpg
[16:35:03.811] [T1] tiles | recycle C:\Users\tsusa\OneDrive - Automanix\그림\화면 캡처 2020-11-26 162745.png
[16:35:03.811] [T1] tiles | recycle C:\Users\tsusa\OneDrive - Automanix\그림\화면 캡처 2022-06-21 003453.png
[16:35:03.811] [T1] tiles | recycle C:\Users\tsusa\OneDrive - Automanix\그림\화면 캡처 2022-08-01 115837.jpg
[16:35:03.811] [T1] tiles | recycle C:\Users\tsusa\OneDrive - Automanix\그림\화면 캡처 2022-08-01 115837.png
[16:35:03.811] [T1] tiles | recycle C:\Users\tsusa\OneDrive - Automanix\그림\화면 캡처 2022-08-07 171622.png
[16:35:03.811] [T1] tiles | recycle C:\Users\tsusa\OneDrive - Automanix\그림\화면 캡처 2022-09-29 233922.png
[16:35:03.811] [T1] tiles | recycle C:\Users\tsusa\OneDrive - Automanix\그림\화면 캡처 2022-10-18 181358.png
[16:35:03.811] [T1] tiles | recycle C:\Users\tsusa\OneDrive - Automanix\그림\화면 캡처 2022-10-21 005745.png
[16:35:03.813] [T1] tiles | phase0 C:\Users\tsusa\OneDrive - Automanix\그림\240323 강가 별장
[16:35:03.814] [T1] tiles | phase0 C:\Users\tsusa\OneDrive - Automanix\그림\aaa
[16:35:03.815] [T1] tiles | phase0 C:\Users\tsusa\OneDrive - Automanix\그림\bbb
[16:35:03.816] [T1] tiles | phase0 C:\Users\tsusa\OneDrive - Automanix\그림\Feedback
[16:35:03.817] [T1] tiles | phase0 C:\Users\tsusa\OneDrive - Automanix\그림\Saved Pictures
[16:35:03.818] [T1] tiles | phase0 C:\Users\tsusa\OneDrive - Automanix\그림\Scan
[16:35:03.819] [T1] tiles | phase0 C:\Users\tsusa\OneDrive - Automanix\그림\Screenshots
[16:35:03.820] [T1] tiles | phase0 C:\Users\tsusa\OneDrive - Automanix\그림\Zwift
[16:35:03.869] [T1] tiles | phase0 C:\Users\tsusa\OneDrive - Automanix\그림\바탕화면
[16:35:03.873] [T1] tiles | phase0 C:\Users\tsusa\OneDrive - Automanix\그림\새 폴더
[16:35:03.875] [T1] tiles | phase0 C:\Users\tsusa\OneDrive - Automanix\그림\스캔
[16:35:03.876] [T1] tiles | phase0 C:\Users\tsusa\OneDrive - Automanix\그림\스크린샷
[16:35:03.877] [T1] tiles | phase0 C:\Users\tsusa\OneDrive - Automanix\그림\카메라 앨범
[16:35:03.878] [T1] tiles | phase0 C:\Users\tsusa\OneDrive - Automanix\그림\220731 강화도.mp4_005246116.jpeg
[16:35:03.879] [T1] tiles | phase0 C:\Users\tsusa\OneDrive - Automanix\그림\220731 강화도.mp4_005246116.jpg
[16:35:03.879] [T1] tiles | phase0 C:\Users\tsusa\OneDrive - Automanix\그림\220731 강화도.mp4_005246116.png
[16:35:03.880] [T1] tiles | phase0 C:\Users\tsusa\OneDrive - Automanix\그림\AMX.jpg
[16:35:03.881] [T1] tiles | phase0 C:\Users\tsusa\OneDrive - Automanix\그림\ARS-로고디자인_원본파일.png
[16:35:03.882] [T1] tiles | phase0 C:\Users\tsusa\OneDrive - Automanix\그림\DALL·E 2024-07-22 16.05.33 - Simplified version of a logo for 'Automotive Research Solution' with the main elements being 'ARS' in a bold font and a sleek, modern car silhouette. .webp
[16:35:03.883] [T1] tiles | phase0 C:\Users\tsusa\OneDrive - Automanix\그림\KakaoTalk_20200117_092011491.png
[16:35:03.886] [T1] list | phase0 C:\Users\tsusa\OneDrive - Automanix\그림\240323 강가 별장
[16:35:03.888] [T1] list | phase0 C:\Users\tsusa\OneDrive - Automanix\그림\aaa
[16:35:03.890] [T1] list | phase0 C:\Users\tsusa\OneDrive - Automanix\그림\bbb
[16:35:03.892] [T1] list | phase0 C:\Users\tsusa\OneDrive - Automanix\그림\Feedback
[16:35:03.894] [T1] list | phase0 C:\Users\tsusa\OneDrive - Automanix\그림\Saved Pictures
[16:35:03.896] [T1] list | phase0 C:\Users\tsusa\OneDrive - Automanix\그림\Scan
[16:35:03.898] [T1] list | phase0 C:\Users\tsusa\OneDrive - Automanix\그림\Screenshots
[16:35:03.900] [T1] list | phase0 C:\Users\tsusa\OneDrive - Automanix\그림\Zwift
[16:35:03.903] [T1] list | phase0 C:\Users\tsusa\OneDrive - Automanix\그림\바탕화면
[16:35:03.905] [T1] list | phase0 C:\Users\tsusa\OneDrive - Automanix\그림\새 폴더
[16:35:03.907] [T1] list | phase0 C:\Users\tsusa\OneDrive - Automanix\그림\스캔
[16:35:03.909] [T1] list | phase0 C:\Users\tsusa\OneDrive - Automanix\그림\스크린샷
[16:35:03.911] [T1] list | phase0 C:\Users\tsusa\OneDrive - Automanix\그림\카메라 앨범
[16:35:03.913] [T1] list | phase0 C:\Users\tsusa\OneDrive - Automanix\그림\220731 강화도.mp4_005246116.jpeg
[16:35:03.915] [T1] list | phase0 C:\Users\tsusa\OneDrive - Automanix\그림\220731 강화도.mp4_005246116.jpg
[16:35:03.917] [T1] list | phase0 C:\Users\tsusa\OneDrive - Automanix\그림\220731 강화도.mp4_005246116.png
[16:35:03.919] [T1] list | phase0 C:\Users\tsusa\OneDrive - Automanix\그림\AMX.jpg
[16:35:03.922] [T1] list | phase0 C:\Users\tsusa\OneDrive - Automanix\그림\ARS-로고디자인_원본파일.png
[16:35:03.924] [T1] list | phase0 C:\Users\tsusa\OneDrive - Automanix\그림\DALL·E 2024-07-22 16.05.33 - Simplified version of a logo for 'Automotive Research Solution' with the main elements being 'ARS' in a bold font and a sleek, modern car silhouette. .webp
[16:35:03.927] [T1] list | phase0 C:\Users\tsusa\OneDrive - Automanix\그림\KakaoTalk_20200117_092011491.png
[16:35:03.929] [T1] list | phase0 C:\Users\tsusa\OneDrive - Automanix\그림\KakaoTalk_20240703_110337676.jpg
[16:35:03.931] [T1] list | phase0 C:\Users\tsusa\OneDrive - Automanix\그림\pexels-pixabay-37347.jpg
[16:35:03.934] [T1] list | phase0 C:\Users\tsusa\OneDrive - Automanix\그림\pexels-polina-zimmerman-3778619.jpg
[16:35:03.936] [T1] list | phase0 C:\Users\tsusa\OneDrive - Automanix\그림\PXL_20220709_232639106_2.jpg
[16:35:03.938] [T1] list | phase0 C:\Users\tsusa\OneDrive - Automanix\그림\PXL_20220714_125035942_2.jpg
[16:35:03.941] [T1] list | phase0 C:\Users\tsusa\OneDrive - Automanix\그림\PXL_20220714_125148380_2.jpg
[16:35:03.944] [T1] list | phase0 C:\Users\tsusa\OneDrive - Automanix\그림\PXL_20220719_121308973_2.jpg
[16:35:03.947] [T1] list | phase0 C:\Users\tsusa\OneDrive - Automanix\그림\PXL_20220726_125747369_2.jpg
[16:35:03.949] [T1] list | phase0 C:\Users\tsusa\OneDrive - Automanix\그림\PXL_20220804_125449327_2.jpg
[16:35:03.951] [T1] list | phase0 C:\Users\tsusa\OneDrive - Automanix\그림\PXL_20220812_121956977_2.jpg
[16:35:03.954] [T1] list | phase0 C:\Users\tsusa\OneDrive - Automanix\그림\PXL_20220813_214558393_2.jpg
[16:35:04.035] [T1] tiles | fill cached C:\Users\tsusa\OneDrive - Automanix\그림\220731 강화도.mp4_005246116.jpeg
[16:35:04.037] [T1] tiles | fill cached C:\Users\tsusa\OneDrive - Automanix\그림\220731 강화도.mp4_005246116.jpg
[16:35:04.037] [T1] tiles | fill cached C:\Users\tsusa\OneDrive - Automanix\그림\220731 강화도.mp4_005246116.png
[16:35:04.038] [T1] tiles | fill cached C:\Users\tsusa\OneDrive - Automanix\그림\AMX.jpg
[16:35:04.038] [T1] tiles | fill cached C:\Users\tsusa\OneDrive - Automanix\그림\ARS-로고디자인_원본파일.png
[16:35:04.038] [T1] tiles | fill cached C:\Users\tsusa\OneDrive - Automanix\그림\DALL·E 2024-07-22 16.05.33 - Simplified version of a logo for 'Automotive Research Solution' with the main elements being 'ARS' in a bold font and a sleek, modern car silhouette. .webp
[16:35:04.039] [T1] tiles | fill cached C:\Users\tsusa\OneDrive - Automanix\그림\KakaoTalk_20200117_092011491.png
[16:35:04.059] [T1] list | phase0 C:\Users\tsusa\OneDrive - Automanix\그림\PXL_20220817_112931072_2.jpg
[16:35:04.065] [T1] list | phase0 C:\Users\tsusa\OneDrive - Automanix\그림\PXL_20220824_112948946_2.jpg
[16:35:04.086] [T1] list | phase0 C:\Users\tsusa\OneDrive - Automanix\그림\PXL_20220827_001839431_2.jpg
[16:35:04.088] [T1] list | phase0 C:\Users\tsusa\OneDrive - Automanix\그림\PXL_20220827_230734531_2.jpg
[16:35:04.091] [T1] list | phase0 C:\Users\tsusa\OneDrive - Automanix\그림\PXL_20220831_130316984_2.jpg
[16:35:04.103] [T1] tiles | phase0 C:\Users\tsusa\OneDrive - Automanix\그림\KakaoTalk_20240703_110337676.jpg
[16:35:04.104] [T1] tiles | phase0 C:\Users\tsusa\OneDrive - Automanix\그림\pexels-pixabay-37347.jpg
[16:35:04.106] [T1] tiles | phase0 C:\Users\tsusa\OneDrive - Automanix\그림\pexels-polina-zimmerman-3778619.jpg
[16:35:04.107] [T1] tiles | phase0 C:\Users\tsusa\OneDrive - Automanix\그림\PXL_20220709_232639106_2.jpg
[16:35:04.110] [T1] list | phase0 C:\Users\tsusa\OneDrive - Automanix\그림\PXL_20220902_215631957_3.jpg
[16:35:04.112] [T1] list | phase0 C:\Users\tsusa\OneDrive - Automanix\그림\PXL_20220903_010322367_2.jpg
[16:35:04.122] [T1] tiles | fill cached C:\Users\tsusa\OneDrive - Automanix\그림\KakaoTalk_20240703_110337676.jpg
[16:35:04.124] [T1] tiles | fill cached C:\Users\tsusa\OneDrive - Automanix\그림\pexels-pixabay-37347.jpg
[16:35:04.126] [T1] tiles | fill cached C:\Users\tsusa\OneDrive - Automanix\그림\pexels-polina-zimmerman-3778619.jpg
[16:35:04.126] [T1] tiles | fill cached C:\Users\tsusa\OneDrive - Automanix\그림\PXL_20220709_232639106_2.jpg
[16:35:04.130] [T1] list | phase0 C:\Users\tsusa\OneDrive - Automanix\그림\PXL_20220920_125143842.MOTION-02.ORIGINAL_2.jpg
[16:35:04.133] [T1] list | phase0 C:\Users\tsusa\OneDrive - Automanix\그림\PXL_20221101_105955590_2.jpg
[16:35:04.135] [T1] list | phase0 C:\Users\tsusa\OneDrive - Automanix\그림\PXL_20230212_024010110.jpg
[16:35:04.181] [T1] tiles | cached done C:\Users\tsusa\OneDrive - Automanix\그림\KakaoTalk_20200117_092011491.png
[16:35:04.182] [T1] tiles | cached done C:\Users\tsusa\OneDrive - Automanix\그림\ARS-로고디자인_원본파일.png
[16:35:04.182] [T1] tiles | cached done C:\Users\tsusa\OneDrive - Automanix\그림\AMX.jpg
[16:35:04.183] [T1] tiles | cached done C:\Users\tsusa\OneDrive - Automanix\그림\220731 강화도.mp4_005246116.jpg
[16:35:04.183] [T1] tiles | cached done C:\Users\tsusa\OneDrive - Automanix\그림\220731 강화도.mp4_005246116.png
[16:35:04.183] [T1] tiles | cached done C:\Users\tsusa\OneDrive - Automanix\그림\220731 강화도.mp4_005246116.jpeg
[16:35:04.184] [T1] tiles | cached done C:\Users\tsusa\OneDrive - Automanix\그림\DALL·E 2024-07-22 16.05.33 - Simplified version of a logo for 'Automotive Research Solution' with the main elements being 'ARS' in a bold font and a sleek, modern car silhouette. .webp
[16:35:04.189] [T1] list | phase0 C:\Users\tsusa\OneDrive - Automanix\그림\PXL_20230212_025601437_2.jpg
[16:35:04.191] [T1] list | phase0 C:\Users\tsusa\OneDrive - Automanix\그림\PXL_20230422_230822530~2.jpg
[16:35:04.199] [T1] tiles | cached done C:\Users\tsusa\OneDrive - Automanix\그림\pexels-polina-zimmerman-3778619.jpg
[16:35:04.199] [T1] tiles | cached done C:\Users\tsusa\OneDrive - Automanix\그림\KakaoTalk_20240703_110337676.jpg
[16:35:04.200] [T1] tiles | cached done C:\Users\tsusa\OneDrive - Automanix\그림\PXL_20220709_232639106_2.jpg
[16:35:04.200] [T1] tiles | cached done C:\Users\tsusa\OneDrive - Automanix\그림\pexels-pixabay-37347.jpg
[16:35:04.201] [T1] tiles | phase0 C:\Users\tsusa\OneDrive - Automanix\그림\PXL_20220714_125035942_2.jpg
[16:35:04.202] [T1] tiles | phase0 C:\Users\tsusa\OneDrive - Automanix\그림\PXL_20220714_125148380_2.jpg
[16:35:04.203] [T1] tiles | phase0 C:\Users\tsusa\OneDrive - Automanix\그림\PXL_20220719_121308973_2.jpg
[16:35:04.204] [T1] tiles | phase0 C:\Users\tsusa\OneDrive - Automanix\그림\PXL_20220726_125747369_2.jpg
[16:35:04.205] [T1] tiles | fill cached C:\Users\tsusa\OneDrive - Automanix\그림\PXL_20220714_125035942_2.jpg
[16:35:04.206] [T1] tiles | fill cached C:\Users\tsusa\OneDrive - Automanix\그림\PXL_20220714_125148380_2.jpg
[16:35:04.207] [T1] tiles | fill cached C:\Users\tsusa\OneDrive - Automanix\그림\PXL_20220719_121308973_2.jpg
[16:35:04.208] [T1] tiles | fill cached C:\Users\tsusa\OneDrive - Automanix\그림\PXL_20220726_125747369_2.jpg
[16:35:04.220] [T1] list | phase0 C:\Users\tsusa\OneDrive - Automanix\그림\vlcsnap-2026-01-18-12h58m03s381.png
[16:35:04.220] [T1] detail | fetch Image C:\Users\tsusa\OneDrive - Automanix\그림\vlcsnap-2026-01-18-12h58m03s381.png
[16:35:04.224] [T1] list | phase0 C:\Users\tsusa\OneDrive - Automanix\그림\vlcsnap-2026-01-19-02h04m39s483.png
[16:35:04.224] [T1] detail | fetch Image C:\Users\tsusa\OneDrive - Automanix\그림\vlcsnap-2026-01-19-02h04m39s483.png
[16:35:04.226] [T1] list | phase0 C:\Users\tsusa\OneDrive - Automanix\그림\vlcsnap-2026-01-27-01h49m01s690.png
[16:35:04.226] [T1] detail | fetch Image C:\Users\tsusa\OneDrive - Automanix\그림\vlcsnap-2026-01-27-01h49m01s690.png
[16:35:04.244] [T1] list | phase0 C:\Users\tsusa\OneDrive - Automanix\그림\민초로부터 온 퇴장 통보.png
[16:35:04.244] [T1] detail | fetch Image C:\Users\tsusa\OneDrive - Automanix\그림\민초로부터 온 퇴장 통보.png
[16:35:04.247] [T1] list | phase0 C:\Users\tsusa\OneDrive - Automanix\그림\아우디 현가장치 관련 리콜.png
[16:35:04.256] [T1] tiles | cached done C:\Users\tsusa\OneDrive - Automanix\그림\PXL_20220714_125035942_2.jpg
[16:35:04.256] [T1] tiles | cached done C:\Users\tsusa\OneDrive - Automanix\그림\PXL_20220726_125747369_2.jpg
[16:35:04.257] [T1] tiles | cached done C:\Users\tsusa\OneDrive - Automanix\그림\PXL_20220719_121308973_2.jpg
[16:35:04.257] [T1] tiles | cached done C:\Users\tsusa\OneDrive - Automanix\그림\PXL_20220714_125148380_2.jpg
[16:35:04.261] [T1] tiles | phase0 C:\Users\tsusa\OneDrive - Automanix\그림\PXL_20220804_125449327_2.jpg
[16:35:04.264] [T1] tiles | phase0 C:\Users\tsusa\OneDrive - Automanix\그림\PXL_20220812_121956977_2.jpg
[16:35:04.266] [T1] tiles | phase0 C:\Users\tsusa\OneDrive - Automanix\그림\PXL_20220813_214558393_2.jpg
[16:35:04.267] [T1] tiles | phase0 C:\Users\tsusa\OneDrive - Automanix\그림\PXL_20220817_112931072_2.jpg
[16:35:04.278] [T1] tiles | fill cached C:\Users\tsusa\OneDrive - Automanix\그림\PXL_20220804_125449327_2.jpg
[16:35:04.279] [T1] tiles | fill cached C:\Users\tsusa\OneDrive - Automanix\그림\PXL_20220812_121956977_2.jpg
[16:35:04.280] [T1] tiles | fill cached C:\Users\tsusa\OneDrive - Automanix\그림\PXL_20220813_214558393_2.jpg
[16:35:04.281] [T1] tiles | fill cached C:\Users\tsusa\OneDrive - Automanix\그림\PXL_20220817_112931072_2.jpg
[16:35:04.284] [T1] list | phase0 C:\Users\tsusa\OneDrive - Automanix\그림\오토매닉스 대표이미지.png
[16:35:04.288] [T1] list | phase0 C:\Users\tsusa\OneDrive - Automanix\그림\오토매닉스 로고.png
[16:35:04.291] [T1] list | phase0 C:\Users\tsusa\OneDrive - Automanix\그림\오토매닉스 로고이미지.png
[16:35:04.350] [T1] list | phase0 C:\Users\tsusa\OneDrive - Automanix\그림\오토매닉스_약도.png
[16:35:04.354] [T1] list | phase0 C:\Users\tsusa\OneDrive - Automanix\그림\오토매닉스_인감_배경제거.png
[16:35:04.360] [T1] tiles | cached done C:\Users\tsusa\OneDrive - Automanix\그림\PXL_20220817_112931072_2.jpg
[16:35:04.361] [T1] tiles | cached done C:\Users\tsusa\OneDrive - Automanix\그림\PXL_20220812_121956977_2.jpg
[16:35:04.361] [T1] tiles | cached done C:\Users\tsusa\OneDrive - Automanix\그림\PXL_20220813_214558393_2.jpg
[16:35:04.361] [T1] tiles | cached done C:\Users\tsusa\OneDrive - Automanix\그림\PXL_20220804_125449327_2.jpg
[16:35:04.409] [T1] list | phase0 C:\Users\tsusa\OneDrive - Automanix\그림\코인챗 로고 long 188_79.png
[16:35:04.411] [T1] list | phase0 C:\Users\tsusa\OneDrive - Automanix\그림\코인챗 로고 square 148_148.png
[16:35:04.414] [T1] list | phase0 C:\Users\tsusa\OneDrive - Automanix\그림\코인챗_211012_아이폰XS_2대_중고구매.png
[16:35:04.422] [T1] tiles | phase0 C:\Users\tsusa\OneDrive - Automanix\그림\PXL_20220824_112948946_2.jpg
[16:35:04.423] [T1] tiles | phase0 C:\Users\tsusa\OneDrive - Automanix\그림\PXL_20220827_001839431_2.jpg
[16:35:04.424] [T1] tiles | phase0 C:\Users\tsusa\OneDrive - Automanix\그림\PXL_20220827_230734531_2.jpg
[16:35:04.425] [T1] tiles | phase0 C:\Users\tsusa\OneDrive - Automanix\그림\PXL_20220831_130316984_2.jpg
[16:35:04.435] [T1] tiles | fill cached C:\Users\tsusa\OneDrive - Automanix\그림\PXL_20220824_112948946_2.jpg
[16:35:04.436] [T1] tiles | fill cached C:\Users\tsusa\OneDrive - Automanix\그림\PXL_20220827_001839431_2.jpg
[16:35:04.437] [T1] tiles | fill cached C:\Users\tsusa\OneDrive - Automanix\그림\PXL_20220827_230734531_2.jpg
[16:35:04.438] [T1] tiles | fill cached C:\Users\tsusa\OneDrive - Automanix\그림\PXL_20220831_130316984_2.jpg
[16:35:04.441] [T1] list | phase0 C:\Users\tsusa\OneDrive - Automanix\그림\코인챗_사무실.jpg
[16:35:04.444] [T1] list | phase0 C:\Users\tsusa\OneDrive - Automanix\그림\코인챗_회의실.jpg
[16:35:04.462] [T1] list | phase0 C:\Users\tsusa\OneDrive - Automanix\그림\포가차.jpg
[16:35:04.465] [T1] list | phase0 C:\Users\tsusa\OneDrive - Automanix\그림\화면 캡처 2020-11-26 162745.png
[16:35:04.467] [T1] list | phase0 C:\Users\tsusa\OneDrive - Automanix\그림\화면 캡처 2022-06-21 003453.png
[16:35:04.474] [T1] tiles | cached done C:\Users\tsusa\OneDrive - Automanix\그림\PXL_20220827_230734531_2.jpg
[16:35:04.474] [T1] tiles | cached done C:\Users\tsusa\OneDrive - Automanix\그림\PXL_20220831_130316984_2.jpg
[16:35:04.474] [T1] tiles | cached done C:\Users\tsusa\OneDrive - Automanix\그림\PXL_20220824_112948946_2.jpg
[16:35:04.475] [T1] tiles | cached done C:\Users\tsusa\OneDrive - Automanix\그림\PXL_20220827_001839431_2.jpg
[16:35:04.493] [T1] list | phase0 C:\Users\tsusa\OneDrive - Automanix\그림\화면 캡처 2022-08-01 115837.jpg
[16:35:04.496] [T1] list | phase0 C:\Users\tsusa\OneDrive - Automanix\그림\화면 캡처 2022-08-01 115837.png
[16:35:04.503] [T1] tiles | phase0 C:\Users\tsusa\OneDrive - Automanix\그림\PXL_20220902_215631957_3.jpg
[16:35:04.505] [T1] tiles | phase0 C:\Users\tsusa\OneDrive - Automanix\그림\PXL_20220903_010322367_2.jpg
[16:35:04.506] [T1] tiles | phase0 C:\Users\tsusa\OneDrive - Automanix\그림\PXL_20220920_125143842.MOTION-02.ORIGINAL_2.jpg
[16:35:04.507] [T1] tiles | phase0 C:\Users\tsusa\OneDrive - Automanix\그림\PXL_20221101_105955590_2.jpg
[16:35:04.514] [T1] tiles | fill cached C:\Users\tsusa\OneDrive - Automanix\그림\PXL_20220902_215631957_3.jpg
[16:35:04.515] [T1] tiles | fill cached C:\Users\tsusa\OneDrive - Automanix\그림\PXL_20220903_010322367_2.jpg
[16:35:04.516] [T1] tiles | fill cached C:\Users\tsusa\OneDrive - Automanix\그림\PXL_20220920_125143842.MOTION-02.ORIGINAL_2.jpg
[16:35:04.516] [T1] tiles | fill cached C:\Users\tsusa\OneDrive - Automanix\그림\PXL_20221101_105955590_2.jpg
[16:35:04.519] [T1] list | phase0 C:\Users\tsusa\OneDrive - Automanix\그림\화면 캡처 2022-08-07 171622.png
[16:35:04.522] [T1] list | phase0 C:\Users\tsusa\OneDrive - Automanix\그림\화면 캡처 2022-09-29 233922.png
[16:35:04.524] [T1] list | phase0 C:\Users\tsusa\OneDrive - Automanix\그림\화면 캡처 2022-10-18 181358.png
[16:35:04.594] [T1] list | phase0 C:\Users\tsusa\OneDrive - Automanix\그림\화면 캡처 2022-10-21 005745.png
[16:35:04.604] [T1] tiles | cached done C:\Users\tsusa\OneDrive - Automanix\그림\PXL_20221101_105955590_2.jpg
[16:35:04.604] [T1] tiles | cached done C:\Users\tsusa\OneDrive - Automanix\그림\PXL_20220903_010322367_2.jpg
[16:35:04.609] [T1] tiles | cached done C:\Users\tsusa\OneDrive - Automanix\그림\PXL_20220920_125143842.MOTION-02.ORIGINAL_2.jpg
[16:35:04.609] [T1] tiles | cached done C:\Users\tsusa\OneDrive - Automanix\그림\PXL_20220902_215631957_3.jpg
[16:35:04.642] [T1] tiles | phase0 C:\Users\tsusa\OneDrive - Automanix\그림\PXL_20230212_024010110.jpg
[16:35:04.644] [T1] tiles | phase0 C:\Users\tsusa\OneDrive - Automanix\그림\PXL_20230212_025601437_2.jpg
[16:35:04.646] [T1] tiles | phase0 C:\Users\tsusa\OneDrive - Automanix\그림\PXL_20230422_230822530~2.jpg
[16:35:04.647] [T1] tiles | phase0 C:\Users\tsusa\OneDrive - Automanix\그림\vlcsnap-2026-01-18-12h58m03s381.png
[16:35:04.653] [T1] tiles | fill cached C:\Users\tsusa\OneDrive - Automanix\그림\PXL_20230212_024010110.jpg
[16:35:04.655] [T1] tiles | fill cached C:\Users\tsusa\OneDrive - Automanix\그림\PXL_20230212_025601437_2.jpg
[16:35:04.656] [T1] tiles | fill cached C:\Users\tsusa\OneDrive - Automanix\그림\PXL_20230422_230822530~2.jpg
[16:35:04.657] [T1] tiles | fill shell C:\Users\tsusa\OneDrive - Automanix\그림\vlcsnap-2026-01-18-12h58m03s381.png
[16:35:04.673] [T1] tiles | cached done C:\Users\tsusa\OneDrive - Automanix\그림\PXL_20230212_024010110.jpg
[16:35:04.674] [T1] tiles | cached done C:\Users\tsusa\OneDrive - Automanix\그림\PXL_20230212_025601437_2.jpg
[16:35:04.674] [T1] tiles | cached done C:\Users\tsusa\OneDrive - Automanix\그림\PXL_20230422_230822530~2.jpg
[16:35:04.675] [T1] tiles | shell done C:\Users\tsusa\OneDrive - Automanix\그림\vlcsnap-2026-01-18-12h58m03s381.png
[16:35:04.686] [T1] tiles | phase0 C:\Users\tsusa\OneDrive - Automanix\그림\vlcsnap-2026-01-19-02h04m39s483.png
[16:35:04.687] [T1] tiles | phase0 C:\Users\tsusa\OneDrive - Automanix\그림\vlcsnap-2026-01-27-01h49m01s690.png
[16:35:04.688] [T1] tiles | phase0 C:\Users\tsusa\OneDrive - Automanix\그림\민초로부터 온 퇴장 통보.png
[16:35:04.689] [T1] tiles | phase0 C:\Users\tsusa\OneDrive - Automanix\그림\아우디 현가장치 관련 리콜.png
[16:35:04.696] [T1] tiles | fill shell C:\Users\tsusa\OneDrive - Automanix\그림\vlcsnap-2026-01-19-02h04m39s483.png
[16:35:04.696] [T1] tiles | fill shell C:\Users\tsusa\OneDrive - Automanix\그림\vlcsnap-2026-01-27-01h49m01s690.png
[16:35:04.696] [T1] tiles | fill shell C:\Users\tsusa\OneDrive - Automanix\그림\민초로부터 온 퇴장 통보.png
[16:35:04.697] [T1] tiles | fill cached C:\Users\tsusa\OneDrive - Automanix\그림\아우디 현가장치 관련 리콜.png
[16:35:04.710] [T1] tiles | shell done C:\Users\tsusa\OneDrive - Automanix\그림\민초로부터 온 퇴장 통보.png
[16:35:04.732] [T1] tiles | shell done C:\Users\tsusa\OneDrive - Automanix\그림\vlcsnap-2026-01-27-01h49m01s690.png
[16:35:04.734] [T1] tiles | cached done C:\Users\tsusa\OneDrive - Automanix\그림\아우디 현가장치 관련 리콜.png
[16:35:04.736] [T1] tiles | shell done C:\Users\tsusa\OneDrive - Automanix\그림\vlcsnap-2026-01-19-02h04m39s483.png
[16:35:04.739] [T1] tiles | phase0 C:\Users\tsusa\OneDrive - Automanix\그림\오토매닉스 대표이미지.png
[16:35:04.740] [T1] tiles | phase0 C:\Users\tsusa\OneDrive - Automanix\그림\오토매닉스 로고.png
[16:35:04.741] [T1] tiles | phase0 C:\Users\tsusa\OneDrive - Automanix\그림\오토매닉스 로고이미지.png
[16:35:04.742] [T1] tiles | phase0 C:\Users\tsusa\OneDrive - Automanix\그림\오토매닉스_약도.png
[16:35:04.743] [T1] tiles | fill cached C:\Users\tsusa\OneDrive - Automanix\그림\오토매닉스 대표이미지.png
[16:35:04.744] [T1] tiles | fill cached C:\Users\tsusa\OneDrive - Automanix\그림\오토매닉스 로고.png
[16:35:04.745] [T1] tiles | fill cached C:\Users\tsusa\OneDrive - Automanix\그림\오토매닉스 로고이미지.png
[16:35:04.745] [T1] tiles | fill cached C:\Users\tsusa\OneDrive - Automanix\그림\오토매닉스_약도.png
[16:35:04.758] [T1] tiles | cached done C:\Users\tsusa\OneDrive - Automanix\그림\오토매닉스 로고.png
[16:35:04.758] [T1] tiles | cached done C:\Users\tsusa\OneDrive - Automanix\그림\오토매닉스 로고이미지.png
[16:35:04.761] [T1] tiles | cached done C:\Users\tsusa\OneDrive - Automanix\그림\오토매닉스 대표이미지.png
[16:35:04.761] [T1] tiles | cached done C:\Users\tsusa\OneDrive - Automanix\그림\오토매닉스_약도.png
[16:35:04.769] [T1] tiles | phase0 C:\Users\tsusa\OneDrive - Automanix\그림\오토매닉스_인감_배경제거.png
[16:35:04.770] [T1] tiles | phase0 C:\Users\tsusa\OneDrive - Automanix\그림\코인챗 로고 long 188_79.png
[16:35:04.771] [T1] tiles | phase0 C:\Users\tsusa\OneDrive - Automanix\그림\코인챗 로고 square 148_148.png
[16:35:04.772] [T1] tiles | phase0 C:\Users\tsusa\OneDrive - Automanix\그림\코인챗_211012_아이폰XS_2대_중고구매.png
[16:35:04.781] [T1] tiles | fill cached C:\Users\tsusa\OneDrive - Automanix\그림\오토매닉스_인감_배경제거.png
[16:35:04.781] [T1] tiles | fill cached C:\Users\tsusa\OneDrive - Automanix\그림\코인챗 로고 long 188_79.png
[16:35:04.782] [T1] tiles | fill cached C:\Users\tsusa\OneDrive - Automanix\그림\코인챗 로고 square 148_148.png
[16:35:04.783] [T1] tiles | fill cached C:\Users\tsusa\OneDrive - Automanix\그림\코인챗_211012_아이폰XS_2대_중고구매.png
[16:35:04.793] [T1] tiles | cached done C:\Users\tsusa\OneDrive - Automanix\그림\코인챗 로고 long 188_79.png
[16:35:04.793] [T1] tiles | cached done C:\Users\tsusa\OneDrive - Automanix\그림\코인챗 로고 square 148_148.png
[16:35:04.795] [T1] tiles | cached done C:\Users\tsusa\OneDrive - Automanix\그림\오토매닉스_인감_배경제거.png
[16:35:04.795] [T1] tiles | cached done C:\Users\tsusa\OneDrive - Automanix\그림\코인챗_211012_아이폰XS_2대_중고구매.png
[16:35:04.812] [T1] tiles | phase0 C:\Users\tsusa\OneDrive - Automanix\그림\코인챗_사무실.jpg
[16:35:04.813] [T1] tiles | phase0 C:\Users\tsusa\OneDrive - Automanix\그림\코인챗_회의실.jpg
[16:35:04.814] [T1] tiles | phase0 C:\Users\tsusa\OneDrive - Automanix\그림\포가차.jpg
[16:35:04.816] [T1] tiles | phase0 C:\Users\tsusa\OneDrive - Automanix\그림\화면 캡처 2020-11-26 162745.png
[16:35:04.823] [T1] tiles | fill cached C:\Users\tsusa\OneDrive - Automanix\그림\코인챗_사무실.jpg
[16:35:04.824] [T1] tiles | fill cached C:\Users\tsusa\OneDrive - Automanix\그림\코인챗_회의실.jpg
[16:35:04.824] [T1] tiles | fill cached C:\Users\tsusa\OneDrive - Automanix\그림\포가차.jpg
[16:35:04.825] [T1] tiles | fill cached C:\Users\tsusa\OneDrive - Automanix\그림\화면 캡처 2020-11-26 162745.png
[16:35:04.839] [T1] tiles | cached done C:\Users\tsusa\OneDrive - Automanix\그림\화면 캡처 2020-11-26 162745.png
[16:35:04.840] [T1] tiles | cached done C:\Users\tsusa\OneDrive - Automanix\그림\코인챗_사무실.jpg
[16:35:04.843] [T1] tiles | cached done C:\Users\tsusa\OneDrive - Automanix\그림\코인챗_회의실.jpg
[16:35:04.844] [T1] tiles | cached done C:\Users\tsusa\OneDrive - Automanix\그림\포가차.jpg
[16:35:04.848] [T1] tiles | phase0 C:\Users\tsusa\OneDrive - Automanix\그림\화면 캡처 2022-06-21 003453.png
[16:35:04.852] [T1] tiles | phase0 C:\Users\tsusa\OneDrive - Automanix\그림\화면 캡처 2022-08-01 115837.jpg
[16:35:04.855] [T1] tiles | phase0 C:\Users\tsusa\OneDrive - Automanix\그림\화면 캡처 2022-08-01 115837.png
[16:35:04.859] [T1] tiles | phase0 C:\Users\tsusa\OneDrive - Automanix\그림\화면 캡처 2022-08-07 171622.png
[16:35:04.860] [T1] tiles | fill cached C:\Users\tsusa\OneDrive - Automanix\그림\화면 캡처 2022-06-21 003453.png
[16:35:04.861] [T1] tiles | fill cached C:\Users\tsusa\OneDrive - Automanix\그림\화면 캡처 2022-08-01 115837.jpg
[16:35:04.861] [T1] tiles | fill cached C:\Users\tsusa\OneDrive - Automanix\그림\화면 캡처 2022-08-01 115837.png
[16:35:04.862] [T1] tiles | fill cached C:\Users\tsusa\OneDrive - Automanix\그림\화면 캡처 2022-08-07 171622.png
[16:35:04.881] [T1] tiles | cached done C:\Users\tsusa\OneDrive - Automanix\그림\화면 캡처 2022-08-01 115837.png
[16:35:04.883] [T1] tiles | cached done C:\Users\tsusa\OneDrive - Automanix\그림\화면 캡처 2022-08-07 171622.png
[16:35:04.883] [T1] tiles | cached done C:\Users\tsusa\OneDrive - Automanix\그림\화면 캡처 2022-06-21 003453.png
[16:35:04.886] [T1] tiles | cached done C:\Users\tsusa\OneDrive - Automanix\그림\화면 캡처 2022-08-01 115837.jpg
[16:35:04.890] [T1] tiles | phase0 C:\Users\tsusa\OneDrive - Automanix\그림\화면 캡처 2022-09-29 233922.png
[16:35:04.892] [T1] tiles | phase0 C:\Users\tsusa\OneDrive - Automanix\그림\화면 캡처 2022-10-18 181358.png
[16:35:04.892] [T1] tiles | phase0 C:\Users\tsusa\OneDrive - Automanix\그림\화면 캡처 2022-10-21 005745.png
[16:35:04.893] [T1] tiles | fill cached C:\Users\tsusa\OneDrive - Automanix\그림\화면 캡처 2022-09-29 233922.png
[16:35:04.894] [T1] tiles | fill cached C:\Users\tsusa\OneDrive - Automanix\그림\화면 캡처 2022-10-18 181358.png
[16:35:04.895] [T1] tiles | fill cached C:\Users\tsusa\OneDrive - Automanix\그림\화면 캡처 2022-10-21 005745.png
[16:35:04.907] [T1] tiles | cached done C:\Users\tsusa\OneDrive - Automanix\그림\화면 캡처 2022-09-29 233922.png
[16:35:04.907] [T1] tiles | cached done C:\Users\tsusa\OneDrive - Automanix\그림\화면 캡처 2022-10-18 181358.png
[16:35:04.909] [T1] tiles | cached done C:\Users\tsusa\OneDrive - Automanix\그림\화면 캡처 2022-10-21 005745.png
[16:35:07.666] [T1] nav | NavigateToAsync C:\Users\tsusa\OneDrive - Automanix\그림 exts=48
[16:35:07.667] [T1] nav | scan done C:\Users\tsusa\OneDrive - Automanix\그림 count=67
[16:35:07.667] [T1] nav | RefreshView C:\Users\tsusa\OneDrive - Automanix\그림 count=67
[16:35:07.667] [T1] list | recycle C:\Users\tsusa\OneDrive - Automanix\그림\240323 강가 별장
[16:35:07.667] [T1] list | ForceFinish(recycle)
[16:35:07.667] [T1] list | recycle C:\Users\tsusa\OneDrive - Automanix\그림\aaa
[16:35:07.667] [T1] list | ForceFinish(recycle)
[16:35:07.667] [T1] list | recycle C:\Users\tsusa\OneDrive - Automanix\그림\bbb
[16:35:07.667] [T1] list | ForceFinish(recycle)
[16:35:07.667] [T1] list | recycle C:\Users\tsusa\OneDrive - Automanix\그림\Feedback
[16:35:07.667] [T1] list | ForceFinish(recycle)
[16:35:07.667] [T1] list | recycle C:\Users\tsusa\OneDrive - Automanix\그림\Saved Pictures
[16:35:07.667] [T1] list | ForceFinish(recycle)
[16:35:07.667] [T1] list | recycle C:\Users\tsusa\OneDrive - Automanix\그림\Scan
[16:35:07.667] [T1] list | ForceFinish(recycle)
[16:35:07.667] [T1] list | recycle C:\Users\tsusa\OneDrive - Automanix\그림\Screenshots
[16:35:07.667] [T1] list | ForceFinish(recycle)
[16:35:07.667] [T1] list | recycle C:\Users\tsusa\OneDrive - Automanix\그림\Zwift
[16:35:07.667] [T1] list | ForceFinish(recycle)
[16:35:07.667] [T1] list | recycle C:\Users\tsusa\OneDrive - Automanix\그림\바탕화면
[16:35:07.668] [T1] list | ForceFinish(recycle)
[16:35:07.668] [T1] list | recycle C:\Users\tsusa\OneDrive - Automanix\그림\새 폴더
[16:35:07.668] [T1] list | ForceFinish(recycle)
[16:35:07.668] [T1] list | recycle C:\Users\tsusa\OneDrive - Automanix\그림\스캔
[16:35:07.668] [T1] list | ForceFinish(recycle)
[16:35:07.668] [T1] list | recycle C:\Users\tsusa\OneDrive - Automanix\그림\스크린샷
[16:35:07.668] [T1] list | ForceFinish(recycle)
[16:35:07.668] [T1] list | recycle C:\Users\tsusa\OneDrive - Automanix\그림\카메라 앨범
[16:35:07.668] [T1] list | ForceFinish(recycle)
[16:35:07.668] [T1] list | recycle C:\Users\tsusa\OneDrive - Automanix\그림\220731 강화도.mp4_005246116.jpeg
[16:35:07.668] [T1] list | ForceFinish(recycle)
[16:35:07.668] [T1] list | recycle C:\Users\tsusa\OneDrive - Automanix\그림\220731 강화도.mp4_005246116.jpg
[16:35:07.668] [T1] list | ForceFinish(recycle)
[16:35:07.668] [T1] list | recycle C:\Users\tsusa\OneDrive - Automanix\그림\220731 강화도.mp4_005246116.png
[16:35:07.668] [T1] list | ForceFinish(recycle)
[16:35:07.668] [T1] list | recycle C:\Users\tsusa\OneDrive - Automanix\그림\AMX.jpg
[16:35:07.668] [T1] list | ForceFinish(recycle)
[16:35:07.668] [T1] list | recycle C:\Users\tsusa\OneDrive - Automanix\그림\ARS-로고디자인_원본파일.png
[16:35:07.668] [T1] list | ForceFinish(recycle)
[16:35:07.668] [T1] list | recycle C:\Users\tsusa\OneDrive - Automanix\그림\DALL·E 2024-07-22 16.05.33 - Simplified version of a logo for 'Automotive Research Solution' with the main elements being 'ARS' in a bold font and a sleek, modern car silhouette. .webp
[16:35:07.668] [T1] list | ForceFinish(recycle)
[16:35:07.668] [T1] list | recycle C:\Users\tsusa\OneDrive - Automanix\그림\KakaoTalk_20200117_092011491.png
[16:35:07.668] [T1] list | ForceFinish(recycle)
[16:35:07.668] [T1] list | recycle C:\Users\tsusa\OneDrive - Automanix\그림\KakaoTalk_20240703_110337676.jpg
[16:35:07.668] [T1] list | ForceFinish(recycle)
[16:35:07.668] [T1] list | recycle C:\Users\tsusa\OneDrive - Automanix\그림\pexels-pixabay-37347.jpg
[16:35:07.668] [T1] list | ForceFinish(recycle)
[16:35:07.668] [T1] list | recycle C:\Users\tsusa\OneDrive - Automanix\그림\pexels-polina-zimmerman-3778619.jpg
[16:35:07.668] [T1] list | ForceFinish(recycle)
[16:35:07.668] [T1] list | recycle C:\Users\tsusa\OneDrive - Automanix\그림\PXL_20220709_232639106_2.jpg
[16:35:07.668] [T1] list | ForceFinish(recycle)
[16:35:07.668] [T1] list | recycle C:\Users\tsusa\OneDrive - Automanix\그림\PXL_20220714_125035942_2.jpg
[16:35:07.668] [T1] list | ForceFinish(recycle)
[16:35:07.668] [T1] list | recycle C:\Users\tsusa\OneDrive - Automanix\그림\PXL_20220714_125148380_2.jpg
[16:35:07.668] [T1] list | ForceFinish(recycle)
[16:35:07.668] [T1] list | recycle C:\Users\tsusa\OneDrive - Automanix\그림\PXL_20220719_121308973_2.jpg
[16:35:07.668] [T1] list | ForceFinish(recycle)
[16:35:07.668] [T1] list | recycle C:\Users\tsusa\OneDrive - Automanix\그림\PXL_20220726_125747369_2.jpg
[16:35:07.668] [T1] list | ForceFinish(recycle)
[16:35:07.668] [T1] list | recycle C:\Users\tsusa\OneDrive - Automanix\그림\PXL_20220804_125449327_2.jpg
[16:35:07.668] [T1] list | ForceFinish(recycle)
[16:35:07.668] [T1] list | recycle C:\Users\tsusa\OneDrive - Automanix\그림\PXL_20220812_121956977_2.jpg
[16:35:07.668] [T1] list | ForceFinish(recycle)
[16:35:07.668] [T1] list | recycle C:\Users\tsusa\OneDrive - Automanix\그림\PXL_20220813_214558393_2.jpg
[16:35:07.668] [T1] list | ForceFinish(recycle)
[16:35:07.668] [T1] list | recycle C:\Users\tsusa\OneDrive - Automanix\그림\PXL_20220817_112931072_2.jpg
[16:35:07.668] [T1] list | ForceFinish(recycle)
[16:35:07.668] [T1] list | recycle C:\Users\tsusa\OneDrive - Automanix\그림\PXL_20220824_112948946_2.jpg
[16:35:07.668] [T1] list | ForceFinish(recycle)
[16:35:07.668] [T1] list | recycle C:\Users\tsusa\OneDrive - Automanix\그림\PXL_20220827_001839431_2.jpg
[16:35:07.668] [T1] list | ForceFinish(recycle)
[16:35:07.668] [T1] list | recycle C:\Users\tsusa\OneDrive - Automanix\그림\PXL_20220827_230734531_2.jpg
[16:35:07.668] [T1] list | ForceFinish(recycle)
[16:35:07.668] [T1] list | recycle C:\Users\tsusa\OneDrive - Automanix\그림\PXL_20220831_130316984_2.jpg
[16:35:07.668] [T1] list | ForceFinish(recycle)
[16:35:07.668] [T1] list | recycle C:\Users\tsusa\OneDrive - Automanix\그림\PXL_20220902_215631957_3.jpg
[16:35:07.668] [T1] list | ForceFinish(recycle)
[16:35:07.668] [T1] list | recycle C:\Users\tsusa\OneDrive - Automanix\그림\PXL_20220903_010322367_2.jpg
[16:35:07.668] [T1] list | ForceFinish(recycle)
[16:35:07.668] [T1] list | recycle C:\Users\tsusa\OneDrive - Automanix\그림\PXL_20220920_125143842.MOTION-02.ORIGINAL_2.jpg
[16:35:07.668] [T1] list | ForceFinish(recycle)
[16:35:07.668] [T1] list | recycle C:\Users\tsusa\OneDrive - Automanix\그림\PXL_20221101_105955590_2.jpg
[16:35:07.668] [T1] list | ForceFinish(recycle)
[16:35:07.668] [T1] list | recycle C:\Users\tsusa\OneDrive - Automanix\그림\PXL_20230212_024010110.jpg
[16:35:07.668] [T1] list | ForceFinish(recycle)
[16:35:07.668] [T1] list | recycle C:\Users\tsusa\OneDrive - Automanix\그림\PXL_20230212_025601437_2.jpg
[16:35:07.668] [T1] list | ForceFinish(recycle)
[16:35:07.668] [T1] list | recycle C:\Users\tsusa\OneDrive - Automanix\그림\PXL_20230422_230822530~2.jpg
[16:35:07.668] [T1] list | ForceFinish(recycle)
[16:35:07.668] [T1] list | recycle C:\Users\tsusa\OneDrive - Automanix\그림\vlcsnap-2026-01-18-12h58m03s381.png
[16:35:07.668] [T1] list | ForceFinish(recycle)
[16:35:07.668] [T1] list | recycle C:\Users\tsusa\OneDrive - Automanix\그림\vlcsnap-2026-01-19-02h04m39s483.png
[16:35:07.668] [T1] list | ForceFinish(recycle)
[16:35:07.668] [T1] list | recycle C:\Users\tsusa\OneDrive - Automanix\그림\vlcsnap-2026-01-27-01h49m01s690.png
[16:35:07.668] [T1] list | ForceFinish(recycle)
[16:35:07.668] [T1] list | recycle C:\Users\tsusa\OneDrive - Automanix\그림\민초로부터 온 퇴장 통보.png
[16:35:07.668] [T1] list | ForceFinish(recycle)
[16:35:07.668] [T1] list | recycle C:\Users\tsusa\OneDrive - Automanix\그림\아우디 현가장치 관련 리콜.png
[16:35:07.668] [T1] list | ForceFinish(recycle)
[16:35:07.668] [T1] list | recycle C:\Users\tsusa\OneDrive - Automanix\그림\오토매닉스 대표이미지.png
[16:35:07.668] [T1] list | ForceFinish(recycle)
[16:35:07.668] [T1] list | recycle C:\Users\tsusa\OneDrive - Automanix\그림\오토매닉스 로고.png
[16:35:07.668] [T1] list | ForceFinish(recycle)
[16:35:07.668] [T1] list | recycle C:\Users\tsusa\OneDrive - Automanix\그림\오토매닉스 로고이미지.png
[16:35:07.668] [T1] list | ForceFinish(recycle)
[16:35:07.668] [T1] list | recycle C:\Users\tsusa\OneDrive - Automanix\그림\오토매닉스_약도.png
[16:35:07.668] [T1] list | ForceFinish(recycle)
[16:35:07.668] [T1] list | recycle C:\Users\tsusa\OneDrive - Automanix\그림\오토매닉스_인감_배경제거.png
[16:35:07.668] [T1] list | ForceFinish(recycle)
[16:35:07.668] [T1] list | recycle C:\Users\tsusa\OneDrive - Automanix\그림\코인챗 로고 long 188_79.png
[16:35:07.668] [T1] list | ForceFinish(recycle)
[16:35:07.668] [T1] list | recycle C:\Users\tsusa\OneDrive - Automanix\그림\코인챗 로고 square 148_148.png
[16:35:07.668] [T1] list | ForceFinish(recycle)
[16:35:07.668] [T1] list | recycle C:\Users\tsusa\OneDrive - Automanix\그림\코인챗_211012_아이폰XS_2대_중고구매.png
[16:35:07.668] [T1] list | ForceFinish(recycle)
[16:35:07.668] [T1] list | recycle C:\Users\tsusa\OneDrive - Automanix\그림\코인챗_사무실.jpg
[16:35:07.668] [T1] list | ForceFinish(recycle)
[16:35:07.669] [T1] list | recycle C:\Users\tsusa\OneDrive - Automanix\그림\코인챗_회의실.jpg
[16:35:07.669] [T1] list | ForceFinish(recycle)
[16:35:07.669] [T1] list | recycle C:\Users\tsusa\OneDrive - Automanix\그림\포가차.jpg
[16:35:07.669] [T1] list | ForceFinish(recycle)
[16:35:07.669] [T1] list | recycle C:\Users\tsusa\OneDrive - Automanix\그림\화면 캡처 2020-11-26 162745.png
[16:35:07.669] [T1] list | ForceFinish(recycle)
[16:35:07.669] [T1] list | recycle C:\Users\tsusa\OneDrive - Automanix\그림\화면 캡처 2022-06-21 003453.png
[16:35:07.669] [T1] list | ForceFinish(recycle)
[16:35:07.669] [T1] list | recycle C:\Users\tsusa\OneDrive - Automanix\그림\화면 캡처 2022-08-01 115837.jpg
[16:35:07.669] [T1] list | ForceFinish(recycle)
[16:35:07.669] [T1] list | recycle C:\Users\tsusa\OneDrive - Automanix\그림\화면 캡처 2022-08-01 115837.png
[16:35:07.669] [T1] list | ForceFinish(recycle)
[16:35:07.669] [T1] list | recycle C:\Users\tsusa\OneDrive - Automanix\그림\화면 캡처 2022-08-07 171622.png
[16:35:07.669] [T1] list | ForceFinish(recycle)
[16:35:07.669] [T1] list | recycle C:\Users\tsusa\OneDrive - Automanix\그림\화면 캡처 2022-09-29 233922.png
[16:35:07.669] [T1] list | ForceFinish(recycle)
[16:35:07.669] [T1] list | recycle C:\Users\tsusa\OneDrive - Automanix\그림\화면 캡처 2022-10-18 181358.png
[16:35:07.669] [T1] list | ForceFinish(recycle)
[16:35:07.669] [T1] list | recycle C:\Users\tsusa\OneDrive - Automanix\그림\화면 캡처 2022-10-21 005745.png
[16:35:07.669] [T1] list | ForceFinish(recycle)
[16:35:07.669] [T1] tiles | ShowEntries C:\Users\tsusa\OneDrive - Automanix\그림 count=67
[16:35:07.669] [T1] tiles | recycle C:\Users\tsusa\OneDrive - Automanix\그림\240323 강가 별장
[16:35:07.669] [T1] tiles | recycle C:\Users\tsusa\OneDrive - Automanix\그림\aaa
[16:35:07.669] [T1] tiles | recycle C:\Users\tsusa\OneDrive - Automanix\그림\bbb
[16:35:07.670] [T1] tiles | recycle C:\Users\tsusa\OneDrive - Automanix\그림\Feedback
[16:35:07.670] [T1] tiles | recycle C:\Users\tsusa\OneDrive - Automanix\그림\Saved Pictures
[16:35:07.670] [T1] tiles | recycle C:\Users\tsusa\OneDrive - Automanix\그림\Scan
[16:35:07.670] [T1] tiles | recycle C:\Users\tsusa\OneDrive - Automanix\그림\Screenshots
[16:35:07.670] [T1] tiles | recycle C:\Users\tsusa\OneDrive - Automanix\그림\Zwift
[16:35:07.670] [T1] tiles | recycle C:\Users\tsusa\OneDrive - Automanix\그림\바탕화면
[16:35:07.670] [T1] tiles | recycle C:\Users\tsusa\OneDrive - Automanix\그림\새 폴더
[16:35:07.670] [T1] tiles | recycle C:\Users\tsusa\OneDrive - Automanix\그림\스캔
[16:35:07.670] [T1] tiles | recycle C:\Users\tsusa\OneDrive - Automanix\그림\스크린샷
[16:35:07.670] [T1] tiles | recycle C:\Users\tsusa\OneDrive - Automanix\그림\카메라 앨범
[16:35:07.670] [T1] tiles | recycle C:\Users\tsusa\OneDrive - Automanix\그림\220731 강화도.mp4_005246116.jpeg
[16:35:07.670] [T1] tiles | recycle C:\Users\tsusa\OneDrive - Automanix\그림\220731 강화도.mp4_005246116.jpg
[16:35:07.670] [T1] tiles | recycle C:\Users\tsusa\OneDrive - Automanix\그림\220731 강화도.mp4_005246116.png
[16:35:07.670] [T1] tiles | recycle C:\Users\tsusa\OneDrive - Automanix\그림\AMX.jpg
[16:35:07.670] [T1] tiles | recycle C:\Users\tsusa\OneDrive - Automanix\그림\ARS-로고디자인_원본파일.png
[16:35:07.670] [T1] tiles | recycle C:\Users\tsusa\OneDrive - Automanix\그림\DALL·E 2024-07-22 16.05.33 - Simplified version of a logo for 'Automotive Research Solution' with the main elements being 'ARS' in a bold font and a sleek, modern car silhouette. .webp
[16:35:07.670] [T1] tiles | recycle C:\Users\tsusa\OneDrive - Automanix\그림\KakaoTalk_20200117_092011491.png
[16:35:07.671] [T1] tiles | recycle C:\Users\tsusa\OneDrive - Automanix\그림\KakaoTalk_20240703_110337676.jpg
[16:35:07.671] [T1] tiles | recycle C:\Users\tsusa\OneDrive - Automanix\그림\pexels-pixabay-37347.jpg
[16:35:07.671] [T1] tiles | recycle C:\Users\tsusa\OneDrive - Automanix\그림\pexels-polina-zimmerman-3778619.jpg
[16:35:07.671] [T1] tiles | recycle C:\Users\tsusa\OneDrive - Automanix\그림\PXL_20220709_232639106_2.jpg
[16:35:07.671] [T1] tiles | recycle C:\Users\tsusa\OneDrive - Automanix\그림\PXL_20220714_125035942_2.jpg
[16:35:07.671] [T1] tiles | recycle C:\Users\tsusa\OneDrive - Automanix\그림\PXL_20220714_125148380_2.jpg
[16:35:07.671] [T1] tiles | recycle C:\Users\tsusa\OneDrive - Automanix\그림\PXL_20220719_121308973_2.jpg
[16:35:07.671] [T1] tiles | recycle C:\Users\tsusa\OneDrive - Automanix\그림\PXL_20220726_125747369_2.jpg
[16:35:07.671] [T1] tiles | recycle C:\Users\tsusa\OneDrive - Automanix\그림\PXL_20220804_125449327_2.jpg
[16:35:07.671] [T1] tiles | recycle C:\Users\tsusa\OneDrive - Automanix\그림\PXL_20220812_121956977_2.jpg
[16:35:07.671] [T1] tiles | recycle C:\Users\tsusa\OneDrive - Automanix\그림\PXL_20220813_214558393_2.jpg
[16:35:07.671] [T1] tiles | recycle C:\Users\tsusa\OneDrive - Automanix\그림\PXL_20220817_112931072_2.jpg
[16:35:07.671] [T1] tiles | recycle C:\Users\tsusa\OneDrive - Automanix\그림\PXL_20220824_112948946_2.jpg
[16:35:07.671] [T1] tiles | recycle C:\Users\tsusa\OneDrive - Automanix\그림\PXL_20220827_001839431_2.jpg
[16:35:07.671] [T1] tiles | recycle C:\Users\tsusa\OneDrive - Automanix\그림\PXL_20220827_230734531_2.jpg
[16:35:07.671] [T1] tiles | recycle C:\Users\tsusa\OneDrive - Automanix\그림\PXL_20220831_130316984_2.jpg
[16:35:07.671] [T1] tiles | recycle C:\Users\tsusa\OneDrive - Automanix\그림\PXL_20220902_215631957_3.jpg
[16:35:07.671] [T1] tiles | recycle C:\Users\tsusa\OneDrive - Automanix\그림\PXL_20220903_010322367_2.jpg
[16:35:07.672] [T1] tiles | recycle C:\Users\tsusa\OneDrive - Automanix\그림\PXL_20220920_125143842.MOTION-02.ORIGINAL_2.jpg
[16:35:07.672] [T1] tiles | recycle C:\Users\tsusa\OneDrive - Automanix\그림\PXL_20221101_105955590_2.jpg
[16:35:07.672] [T1] tiles | recycle C:\Users\tsusa\OneDrive - Automanix\그림\PXL_20230212_024010110.jpg
[16:35:07.672] [T1] tiles | recycle C:\Users\tsusa\OneDrive - Automanix\그림\PXL_20230212_025601437_2.jpg
[16:35:07.672] [T1] tiles | recycle C:\Users\tsusa\OneDrive - Automanix\그림\PXL_20230422_230822530~2.jpg
[16:35:07.672] [T1] tiles | recycle C:\Users\tsusa\OneDrive - Automanix\그림\vlcsnap-2026-01-18-12h58m03s381.png
[16:35:07.672] [T1] tiles | recycle C:\Users\tsusa\OneDrive - Automanix\그림\vlcsnap-2026-01-19-02h04m39s483.png
[16:35:07.672] [T1] tiles | recycle C:\Users\tsusa\OneDrive - Automanix\그림\vlcsnap-2026-01-27-01h49m01s690.png
[16:35:07.672] [T1] tiles | recycle C:\Users\tsusa\OneDrive - Automanix\그림\민초로부터 온 퇴장 통보.png
[16:35:07.672] [T1] tiles | recycle C:\Users\tsusa\OneDrive - Automanix\그림\아우디 현가장치 관련 리콜.png
[16:35:07.672] [T1] tiles | recycle C:\Users\tsusa\OneDrive - Automanix\그림\오토매닉스 대표이미지.png
[16:35:07.672] [T1] tiles | recycle C:\Users\tsusa\OneDrive - Automanix\그림\오토매닉스 로고.png
[16:35:07.672] [T1] tiles | recycle C:\Users\tsusa\OneDrive - Automanix\그림\오토매닉스 로고이미지.png
[16:35:07.672] [T1] tiles | recycle C:\Users\tsusa\OneDrive - Automanix\그림\오토매닉스_약도.png
[16:35:07.672] [T1] tiles | recycle C:\Users\tsusa\OneDrive - Automanix\그림\오토매닉스_인감_배경제거.png
[16:35:07.672] [T1] tiles | recycle C:\Users\tsusa\OneDrive - Automanix\그림\코인챗 로고 long 188_79.png
[16:35:07.672] [T1] tiles | recycle C:\Users\tsusa\OneDrive - Automanix\그림\코인챗 로고 square 148_148.png
[16:35:07.672] [T1] tiles | recycle C:\Users\tsusa\OneDrive - Automanix\그림\코인챗_211012_아이폰XS_2대_중고구매.png
[16:35:07.672] [T1] tiles | recycle C:\Users\tsusa\OneDrive - Automanix\그림\코인챗_사무실.jpg
[16:35:07.672] [T1] tiles | recycle C:\Users\tsusa\OneDrive - Automanix\그림\코인챗_회의실.jpg
[16:35:07.672] [T1] tiles | recycle C:\Users\tsusa\OneDrive - Automanix\그림\포가차.jpg
[16:35:07.672] [T1] tiles | recycle C:\Users\tsusa\OneDrive - Automanix\그림\화면 캡처 2020-11-26 162745.png
[16:35:07.672] [T1] tiles | recycle C:\Users\tsusa\OneDrive - Automanix\그림\화면 캡처 2022-06-21 003453.png
[16:35:07.672] [T1] tiles | recycle C:\Users\tsusa\OneDrive - Automanix\그림\화면 캡처 2022-08-01 115837.jpg
[16:35:07.672] [T1] tiles | recycle C:\Users\tsusa\OneDrive - Automanix\그림\화면 캡처 2022-08-01 115837.png
[16:35:07.672] [T1] tiles | recycle C:\Users\tsusa\OneDrive - Automanix\그림\화면 캡처 2022-08-07 171622.png
[16:35:07.672] [T1] tiles | recycle C:\Users\tsusa\OneDrive - Automanix\그림\화면 캡처 2022-09-29 233922.png
[16:35:07.672] [T1] tiles | recycle C:\Users\tsusa\OneDrive - Automanix\그림\화면 캡처 2022-10-18 181358.png
[16:35:07.672] [T1] tiles | recycle C:\Users\tsusa\OneDrive - Automanix\그림\화면 캡처 2022-10-21 005745.png
[16:35:07.674] [T1] tiles | phase0 C:\Users\tsusa\OneDrive - Automanix\그림\240323 강가 별장
[16:35:07.675] [T1] tiles | phase0 C:\Users\tsusa\OneDrive - Automanix\그림\aaa
[16:35:07.676] [T1] tiles | phase0 C:\Users\tsusa\OneDrive - Automanix\그림\bbb
[16:35:07.677] [T1] tiles | phase0 C:\Users\tsusa\OneDrive - Automanix\그림\ccc
[16:35:07.678] [T1] tiles | phase0 C:\Users\tsusa\OneDrive - Automanix\그림\Feedback
[16:35:07.679] [T1] tiles | phase0 C:\Users\tsusa\OneDrive - Automanix\그림\Saved Pictures
[16:35:07.680] [T1] tiles | phase0 C:\Users\tsusa\OneDrive - Automanix\그림\Scan
[16:35:07.681] [T1] tiles | phase0 C:\Users\tsusa\OneDrive - Automanix\그림\Screenshots
[16:35:07.682] [T1] tiles | phase0 C:\Users\tsusa\OneDrive - Automanix\그림\Zwift
[16:35:07.684] [T1] tiles | phase0 C:\Users\tsusa\OneDrive - Automanix\그림\바탕화면
[16:35:07.685] [T1] tiles | phase0 C:\Users\tsusa\OneDrive - Automanix\그림\스캔
[16:35:07.686] [T1] tiles | phase0 C:\Users\tsusa\OneDrive - Automanix\그림\스크린샷
[16:35:07.687] [T1] tiles | phase0 C:\Users\tsusa\OneDrive - Automanix\그림\카메라 앨범
[16:35:07.688] [T1] tiles | phase0 C:\Users\tsusa\OneDrive - Automanix\그림\220731 강화도.mp4_005246116.jpeg
[16:35:07.689] [T1] tiles | phase0 C:\Users\tsusa\OneDrive - Automanix\그림\220731 강화도.mp4_005246116.jpg
[16:35:07.690] [T1] tiles | phase0 C:\Users\tsusa\OneDrive - Automanix\그림\220731 강화도.mp4_005246116.png
[16:35:07.691] [T1] tiles | phase0 C:\Users\tsusa\OneDrive - Automanix\그림\AMX.jpg
[16:35:07.692] [T1] tiles | phase0 C:\Users\tsusa\OneDrive - Automanix\그림\ARS-로고디자인_원본파일.png
[16:35:07.693] [T1] tiles | phase0 C:\Users\tsusa\OneDrive - Automanix\그림\DALL·E 2024-07-22 16.05.33 - Simplified version of a logo for 'Automotive Research Solution' with the main elements being 'ARS' in a bold font and a sleek, modern car silhouette. .webp
[16:35:07.694] [T1] tiles | phase0 C:\Users\tsusa\OneDrive - Automanix\그림\KakaoTalk_20200117_092011491.png
[16:35:07.697] [T1] list | phase0 C:\Users\tsusa\OneDrive - Automanix\그림\240323 강가 별장
[16:35:07.699] [T1] list | phase0 C:\Users\tsusa\OneDrive - Automanix\그림\aaa
[16:35:07.701] [T1] list | phase0 C:\Users\tsusa\OneDrive - Automanix\그림\bbb
[16:35:07.704] [T1] list | phase0 C:\Users\tsusa\OneDrive - Automanix\그림\ccc
[16:35:07.706] [T1] list | phase0 C:\Users\tsusa\OneDrive - Automanix\그림\Feedback
[16:35:07.708] [T1] list | phase0 C:\Users\tsusa\OneDrive - Automanix\그림\Saved Pictures
[16:35:07.710] [T1] list | phase0 C:\Users\tsusa\OneDrive - Automanix\그림\Scan
[16:35:07.734] [T1] list | phase0 C:\Users\tsusa\OneDrive - Automanix\그림\Screenshots
[16:35:07.737] [T1] list | phase0 C:\Users\tsusa\OneDrive - Automanix\그림\Zwift
[16:35:07.739] [T1] list | phase0 C:\Users\tsusa\OneDrive - Automanix\그림\바탕화면
[16:35:07.742] [T1] list | phase0 C:\Users\tsusa\OneDrive - Automanix\그림\스캔
[16:35:07.744] [T1] list | phase0 C:\Users\tsusa\OneDrive - Automanix\그림\스크린샷
[16:35:07.746] [T1] list | phase0 C:\Users\tsusa\OneDrive - Automanix\그림\카메라 앨범
[16:35:07.748] [T1] list | phase0 C:\Users\tsusa\OneDrive - Automanix\그림\220731 강화도.mp4_005246116.jpeg
[16:35:07.751] [T1] list | phase0 C:\Users\tsusa\OneDrive - Automanix\그림\220731 강화도.mp4_005246116.jpg
[16:35:07.753] [T1] list | phase0 C:\Users\tsusa\OneDrive - Automanix\그림\220731 강화도.mp4_005246116.png
[16:35:07.755] [T1] list | phase0 C:\Users\tsusa\OneDrive - Automanix\그림\AMX.jpg
[16:35:07.757] [T1] list | phase0 C:\Users\tsusa\OneDrive - Automanix\그림\ARS-로고디자인_원본파일.png
[16:35:07.759] [T1] list | phase0 C:\Users\tsusa\OneDrive - Automanix\그림\DALL·E 2024-07-22 16.05.33 - Simplified version of a logo for 'Automotive Research Solution' with the main elements being 'ARS' in a bold font and a sleek, modern car silhouette. .webp
[16:35:07.761] [T1] list | phase0 C:\Users\tsusa\OneDrive - Automanix\그림\KakaoTalk_20200117_092011491.png
[16:35:07.764] [T1] list | phase0 C:\Users\tsusa\OneDrive - Automanix\그림\KakaoTalk_20240703_110337676.jpg
[16:35:07.766] [T1] list | phase0 C:\Users\tsusa\OneDrive - Automanix\그림\pexels-pixabay-37347.jpg
[16:35:07.769] [T1] list | phase0 C:\Users\tsusa\OneDrive - Automanix\그림\pexels-polina-zimmerman-3778619.jpg
[16:35:07.771] [T1] list | phase0 C:\Users\tsusa\OneDrive - Automanix\그림\PXL_20220709_232639106_2.jpg
[16:35:07.773] [T1] list | phase0 C:\Users\tsusa\OneDrive - Automanix\그림\PXL_20220714_125035942_2.jpg
[16:35:07.776] [T1] list | phase0 C:\Users\tsusa\OneDrive - Automanix\그림\PXL_20220714_125148380_2.jpg
[16:35:07.779] [T1] list | phase0 C:\Users\tsusa\OneDrive - Automanix\그림\PXL_20220719_121308973_2.jpg
[16:35:07.781] [T1] list | phase0 C:\Users\tsusa\OneDrive - Automanix\그림\PXL_20220726_125747369_2.jpg
[16:35:07.784] [T1] list | phase0 C:\Users\tsusa\OneDrive - Automanix\그림\PXL_20220804_125449327_2.jpg
[16:35:07.786] [T1] list | phase0 C:\Users\tsusa\OneDrive - Automanix\그림\PXL_20220812_121956977_2.jpg
[16:35:07.789] [T1] list | phase0 C:\Users\tsusa\OneDrive - Automanix\그림\PXL_20220813_214558393_2.jpg
[16:35:07.890] [T1] tiles | fill cached C:\Users\tsusa\OneDrive - Automanix\그림\220731 강화도.mp4_005246116.jpeg
[16:35:07.891] [T1] tiles | fill cached C:\Users\tsusa\OneDrive - Automanix\그림\220731 강화도.mp4_005246116.jpg
[16:35:07.892] [T1] tiles | fill cached C:\Users\tsusa\OneDrive - Automanix\그림\220731 강화도.mp4_005246116.png
[16:35:07.892] [T1] tiles | fill cached C:\Users\tsusa\OneDrive - Automanix\그림\AMX.jpg
[16:35:07.893] [T1] tiles | fill cached C:\Users\tsusa\OneDrive - Automanix\그림\ARS-로고디자인_원본파일.png
[16:35:07.894] [T1] tiles | fill cached C:\Users\tsusa\OneDrive - Automanix\그림\DALL·E 2024-07-22 16.05.33 - Simplified version of a logo for 'Automotive Research Solution' with the main elements being 'ARS' in a bold font and a sleek, modern car silhouette. .webp
[16:35:07.894] [T1] tiles | fill cached C:\Users\tsusa\OneDrive - Automanix\그림\KakaoTalk_20200117_092011491.png
[16:35:07.907] [T1] list | phase0 C:\Users\tsusa\OneDrive - Automanix\그림\PXL_20220817_112931072_2.jpg
[16:35:07.910] [T1] list | phase0 C:\Users\tsusa\OneDrive - Automanix\그림\PXL_20220824_112948946_2.jpg
[16:35:07.927] [T1] list | phase0 C:\Users\tsusa\OneDrive - Automanix\그림\PXL_20220827_001839431_2.jpg
[16:35:07.930] [T1] list | phase0 C:\Users\tsusa\OneDrive - Automanix\그림\PXL_20220827_230734531_2.jpg
[16:35:07.933] [T1] list | phase0 C:\Users\tsusa\OneDrive - Automanix\그림\PXL_20220831_130316984_2.jpg
[16:35:07.944] [T1] tiles | phase0 C:\Users\tsusa\OneDrive - Automanix\그림\KakaoTalk_20240703_110337676.jpg
[16:35:07.945] [T1] tiles | phase0 C:\Users\tsusa\OneDrive - Automanix\그림\pexels-pixabay-37347.jpg
[16:35:07.947] [T1] tiles | phase0 C:\Users\tsusa\OneDrive - Automanix\그림\pexels-polina-zimmerman-3778619.jpg
[16:35:07.948] [T1] tiles | phase0 C:\Users\tsusa\OneDrive - Automanix\그림\PXL_20220709_232639106_2.jpg
[16:35:07.950] [T1] list | phase0 C:\Users\tsusa\OneDrive - Automanix\그림\PXL_20220902_215631957_3.jpg
[16:35:07.953] [T1] list | phase0 C:\Users\tsusa\OneDrive - Automanix\그림\PXL_20220903_010322367_2.jpg
[16:35:07.962] [T1] tiles | fill cached C:\Users\tsusa\OneDrive - Automanix\그림\KakaoTalk_20240703_110337676.jpg
[16:35:07.963] [T1] tiles | fill cached C:\Users\tsusa\OneDrive - Automanix\그림\pexels-pixabay-37347.jpg
[16:35:07.963] [T1] tiles | fill cached C:\Users\tsusa\OneDrive - Automanix\그림\pexels-polina-zimmerman-3778619.jpg
[16:35:07.964] [T1] tiles | fill cached C:\Users\tsusa\OneDrive - Automanix\그림\PXL_20220709_232639106_2.jpg
[16:35:07.968] [T1] list | phase0 C:\Users\tsusa\OneDrive - Automanix\그림\PXL_20220920_125143842.MOTION-02.ORIGINAL_2.jpg
[16:35:07.971] [T1] list | phase0 C:\Users\tsusa\OneDrive - Automanix\그림\PXL_20221101_105955590_2.jpg
[16:35:07.973] [T1] list | phase0 C:\Users\tsusa\OneDrive - Automanix\그림\PXL_20230212_024010110.jpg
[16:35:08.024] [T1] tiles | cached done C:\Users\tsusa\OneDrive - Automanix\그림\KakaoTalk_20200117_092011491.png
[16:35:08.025] [T1] tiles | cached done C:\Users\tsusa\OneDrive - Automanix\그림\AMX.jpg
[16:35:08.025] [T1] tiles | cached done C:\Users\tsusa\OneDrive - Automanix\그림\ARS-로고디자인_원본파일.png
[16:35:08.025] [T1] tiles | cached done C:\Users\tsusa\OneDrive - Automanix\그림\220731 강화도.mp4_005246116.png
[16:35:08.025] [T1] tiles | cached done C:\Users\tsusa\OneDrive - Automanix\그림\220731 강화도.mp4_005246116.jpeg
[16:35:08.026] [T1] tiles | cached done C:\Users\tsusa\OneDrive - Automanix\그림\DALL·E 2024-07-22 16.05.33 - Simplified version of a logo for 'Automotive Research Solution' with the main elements being 'ARS' in a bold font and a sleek, modern car silhouette. .webp
[16:35:08.026] [T1] tiles | cached done C:\Users\tsusa\OneDrive - Automanix\그림\220731 강화도.mp4_005246116.jpg
[16:35:08.029] [T1] list | phase0 C:\Users\tsusa\OneDrive - Automanix\그림\PXL_20230212_025601437_2.jpg
[16:35:08.031] [T1] list | phase0 C:\Users\tsusa\OneDrive - Automanix\그림\PXL_20230422_230822530~2.jpg
[16:35:08.039] [T1] tiles | cached done C:\Users\tsusa\OneDrive - Automanix\그림\pexels-polina-zimmerman-3778619.jpg
[16:35:08.039] [T1] tiles | cached done C:\Users\tsusa\OneDrive - Automanix\그림\pexels-pixabay-37347.jpg
[16:35:08.039] [T1] tiles | cached done C:\Users\tsusa\OneDrive - Automanix\그림\KakaoTalk_20240703_110337676.jpg
[16:35:08.039] [T1] tiles | cached done C:\Users\tsusa\OneDrive - Automanix\그림\PXL_20220709_232639106_2.jpg
[16:35:08.042] [T1] tiles | phase0 C:\Users\tsusa\OneDrive - Automanix\그림\PXL_20220714_125035942_2.jpg
[16:35:08.045] [T1] tiles | phase0 C:\Users\tsusa\OneDrive - Automanix\그림\PXL_20220714_125148380_2.jpg
[16:35:08.046] [T1] tiles | phase0 C:\Users\tsusa\OneDrive - Automanix\그림\PXL_20220719_121308973_2.jpg
[16:35:08.047] [T1] tiles | phase0 C:\Users\tsusa\OneDrive - Automanix\그림\PXL_20220726_125747369_2.jpg
[16:35:08.048] [T1] tiles | fill cached C:\Users\tsusa\OneDrive - Automanix\그림\PXL_20220714_125035942_2.jpg
[16:35:08.049] [T1] tiles | fill cached C:\Users\tsusa\OneDrive - Automanix\그림\PXL_20220714_125148380_2.jpg
[16:35:08.049] [T1] tiles | fill cached C:\Users\tsusa\OneDrive - Automanix\그림\PXL_20220719_121308973_2.jpg
[16:35:08.050] [T1] tiles | fill cached C:\Users\tsusa\OneDrive - Automanix\그림\PXL_20220726_125747369_2.jpg
[16:35:08.064] [T1] list | phase0 C:\Users\tsusa\OneDrive - Automanix\그림\vlcsnap-2026-01-18-12h58m03s381.png
[16:35:08.064] [T1] detail | fetch Image C:\Users\tsusa\OneDrive - Automanix\그림\vlcsnap-2026-01-18-12h58m03s381.png
[16:35:08.067] [T1] list | phase0 C:\Users\tsusa\OneDrive - Automanix\그림\vlcsnap-2026-01-19-02h04m39s483.png
[16:35:08.067] [T1] detail | fetch Image C:\Users\tsusa\OneDrive - Automanix\그림\vlcsnap-2026-01-19-02h04m39s483.png
[16:35:08.073] [T1] list | phase0 C:\Users\tsusa\OneDrive - Automanix\그림\vlcsnap-2026-01-27-01h49m01s690.png
[16:35:08.073] [T1] detail | fetch Image C:\Users\tsusa\OneDrive - Automanix\그림\vlcsnap-2026-01-27-01h49m01s690.png
[16:35:08.089] [T1] tiles | cached done C:\Users\tsusa\OneDrive - Automanix\그림\PXL_20220714_125035942_2.jpg
[16:35:08.089] [T1] tiles | cached done C:\Users\tsusa\OneDrive - Automanix\그림\PXL_20220719_121308973_2.jpg
[16:35:08.089] [T1] tiles | cached done C:\Users\tsusa\OneDrive - Automanix\그림\PXL_20220714_125148380_2.jpg
[16:35:08.089] [T1] tiles | cached done C:\Users\tsusa\OneDrive - Automanix\그림\PXL_20220726_125747369_2.jpg
[16:35:08.092] [T1] list | phase0 C:\Users\tsusa\OneDrive - Automanix\그림\민초로부터 온 퇴장 통보.png
[16:35:08.092] [T1] detail | fetch Image C:\Users\tsusa\OneDrive - Automanix\그림\민초로부터 온 퇴장 통보.png
[16:35:08.094] [T1] list | phase0 C:\Users\tsusa\OneDrive - Automanix\그림\아우디 현가장치 관련 리콜.png
[16:35:08.104] [T1] tiles | phase0 C:\Users\tsusa\OneDrive - Automanix\그림\PXL_20220804_125449327_2.jpg
[16:35:08.106] [T1] tiles | phase0 C:\Users\tsusa\OneDrive - Automanix\그림\PXL_20220812_121956977_2.jpg
[16:35:08.107] [T1] tiles | phase0 C:\Users\tsusa\OneDrive - Automanix\그림\PXL_20220813_214558393_2.jpg
[16:35:08.108] [T1] tiles | phase0 C:\Users\tsusa\OneDrive - Automanix\그림\PXL_20220817_112931072_2.jpg
[16:35:08.114] [T1] tiles | fill cached C:\Users\tsusa\OneDrive - Automanix\그림\PXL_20220804_125449327_2.jpg
[16:35:08.115] [T1] tiles | fill cached C:\Users\tsusa\OneDrive - Automanix\그림\PXL_20220812_121956977_2.jpg
[16:35:08.115] [T1] tiles | fill cached C:\Users\tsusa\OneDrive - Automanix\그림\PXL_20220813_214558393_2.jpg
[16:35:08.116] [T1] tiles | fill cached C:\Users\tsusa\OneDrive - Automanix\그림\PXL_20220817_112931072_2.jpg
[16:35:08.118] [T1] list | phase0 C:\Users\tsusa\OneDrive - Automanix\그림\오토매닉스 대표이미지.png
[16:35:08.121] [T1] list | phase0 C:\Users\tsusa\OneDrive - Automanix\그림\오토매닉스 로고.png
[16:35:08.123] [T1] list | phase0 C:\Users\tsusa\OneDrive - Automanix\그림\오토매닉스 로고이미지.png
[16:35:08.180] [T1] list | phase0 C:\Users\tsusa\OneDrive - Automanix\그림\오토매닉스_약도.png
[16:35:08.182] [T1] list | phase0 C:\Users\tsusa\OneDrive - Automanix\그림\오토매닉스_인감_배경제거.png
[16:35:08.187] [T1] tiles | cached done C:\Users\tsusa\OneDrive - Automanix\그림\PXL_20220817_112931072_2.jpg
[16:35:08.187] [T1] tiles | cached done C:\Users\tsusa\OneDrive - Automanix\그림\PXL_20220804_125449327_2.jpg
[16:35:08.187] [T1] tiles | cached done C:\Users\tsusa\OneDrive - Automanix\그림\PXL_20220812_121956977_2.jpg
[16:35:08.188] [T1] tiles | cached done C:\Users\tsusa\OneDrive - Automanix\그림\PXL_20220813_214558393_2.jpg
[16:35:08.201] [T1] list | phase0 C:\Users\tsusa\OneDrive - Automanix\그림\코인챗 로고 long 188_79.png
[16:35:08.204] [T1] list | phase0 C:\Users\tsusa\OneDrive - Automanix\그림\코인챗 로고 square 148_148.png
[16:35:08.206] [T1] list | phase0 C:\Users\tsusa\OneDrive - Automanix\그림\코인챗_211012_아이폰XS_2대_중고구매.png
[16:35:08.218] [T1] tiles | phase0 C:\Users\tsusa\OneDrive - Automanix\그림\PXL_20220824_112948946_2.jpg
[16:35:08.220] [T1] tiles | phase0 C:\Users\tsusa\OneDrive - Automanix\그림\PXL_20220827_001839431_2.jpg
[16:35:08.221] [T1] tiles | phase0 C:\Users\tsusa\OneDrive - Automanix\그림\PXL_20220827_230734531_2.jpg
[16:35:08.222] [T1] tiles | phase0 C:\Users\tsusa\OneDrive - Automanix\그림\PXL_20220831_130316984_2.jpg
[16:35:08.229] [T1] tiles | fill cached C:\Users\tsusa\OneDrive - Automanix\그림\PXL_20220824_112948946_2.jpg
[16:35:08.230] [T1] tiles | fill cached C:\Users\tsusa\OneDrive - Automanix\그림\PXL_20220827_001839431_2.jpg
[16:35:08.230] [T1] tiles | fill cached C:\Users\tsusa\OneDrive - Automanix\그림\PXL_20220827_230734531_2.jpg
[16:35:08.231] [T1] tiles | fill cached C:\Users\tsusa\OneDrive - Automanix\그림\PXL_20220831_130316984_2.jpg
[16:35:08.234] [T1] list | phase0 C:\Users\tsusa\OneDrive - Automanix\그림\코인챗_사무실.jpg
[16:35:08.236] [T1] list | phase0 C:\Users\tsusa\OneDrive - Automanix\그림\코인챗_회의실.jpg
[16:35:08.251] [T1] tiles | cached done C:\Users\tsusa\OneDrive - Automanix\그림\PXL_20220827_230734531_2.jpg
[16:35:08.251] [T1] tiles | cached done C:\Users\tsusa\OneDrive - Automanix\그림\PXL_20220831_130316984_2.jpg
[16:35:08.251] [T1] tiles | cached done C:\Users\tsusa\OneDrive - Automanix\그림\PXL_20220827_001839431_2.jpg
[16:35:08.251] [T1] tiles | cached done C:\Users\tsusa\OneDrive - Automanix\그림\PXL_20220824_112948946_2.jpg
[16:35:08.256] [T1] list | phase0 C:\Users\tsusa\OneDrive - Automanix\그림\포가차.jpg
[16:35:08.259] [T1] list | phase0 C:\Users\tsusa\OneDrive - Automanix\그림\화면 캡처 2020-11-26 162745.png
[16:35:08.261] [T1] list | phase0 C:\Users\tsusa\OneDrive - Automanix\그림\화면 캡처 2022-06-21 003453.png
[16:35:08.280] [T1] list | phase0 C:\Users\tsusa\OneDrive - Automanix\그림\화면 캡처 2022-08-01 115837.jpg
[16:35:08.282] [T1] list | phase0 C:\Users\tsusa\OneDrive - Automanix\그림\화면 캡처 2022-08-01 115837.png
[16:35:08.291] [T1] tiles | phase0 C:\Users\tsusa\OneDrive - Automanix\그림\PXL_20220902_215631957_3.jpg
[16:35:08.292] [T1] tiles | phase0 C:\Users\tsusa\OneDrive - Automanix\그림\PXL_20220903_010322367_2.jpg
[16:35:08.293] [T1] tiles | phase0 C:\Users\tsusa\OneDrive - Automanix\그림\PXL_20220920_125143842.MOTION-02.ORIGINAL_2.jpg
[16:35:08.294] [T1] tiles | phase0 C:\Users\tsusa\OneDrive - Automanix\그림\PXL_20221101_105955590_2.jpg
[16:35:08.302] [T1] tiles | fill cached C:\Users\tsusa\OneDrive - Automanix\그림\PXL_20220902_215631957_3.jpg
[16:35:08.303] [T1] tiles | fill cached C:\Users\tsusa\OneDrive - Automanix\그림\PXL_20220903_010322367_2.jpg
[16:35:08.303] [T1] tiles | fill cached C:\Users\tsusa\OneDrive - Automanix\그림\PXL_20220920_125143842.MOTION-02.ORIGINAL_2.jpg
[16:35:08.304] [T1] tiles | fill cached C:\Users\tsusa\OneDrive - Automanix\그림\PXL_20221101_105955590_2.jpg
[16:35:08.307] [T1] list | phase0 C:\Users\tsusa\OneDrive - Automanix\그림\화면 캡처 2022-08-07 171622.png
[16:35:08.309] [T1] list | phase0 C:\Users\tsusa\OneDrive - Automanix\그림\화면 캡처 2022-09-29 233922.png
[16:35:08.311] [T1] list | phase0 C:\Users\tsusa\OneDrive - Automanix\그림\화면 캡처 2022-10-18 181358.png
[16:35:08.369] [T1] list | phase0 C:\Users\tsusa\OneDrive - Automanix\그림\화면 캡처 2022-10-21 005745.png
[16:35:08.373] [T1] tiles | cached done C:\Users\tsusa\OneDrive - Automanix\그림\PXL_20221101_105955590_2.jpg
[16:35:08.373] [T1] tiles | cached done C:\Users\tsusa\OneDrive - Automanix\그림\PXL_20220903_010322367_2.jpg
[16:35:08.374] [T1] tiles | cached done C:\Users\tsusa\OneDrive - Automanix\그림\PXL_20220902_215631957_3.jpg
[16:35:08.374] [T1] tiles | cached done C:\Users\tsusa\OneDrive - Automanix\그림\PXL_20220920_125143842.MOTION-02.ORIGINAL_2.jpg
[16:35:08.394] [T1] tiles | phase0 C:\Users\tsusa\OneDrive - Automanix\그림\PXL_20230212_024010110.jpg
[16:35:08.395] [T1] tiles | phase0 C:\Users\tsusa\OneDrive - Automanix\그림\PXL_20230212_025601437_2.jpg
[16:35:08.396] [T1] tiles | phase0 C:\Users\tsusa\OneDrive - Automanix\그림\PXL_20230422_230822530~2.jpg
[16:35:08.397] [T1] tiles | phase0 C:\Users\tsusa\OneDrive - Automanix\그림\vlcsnap-2026-01-18-12h58m03s381.png
[16:35:08.405] [T1] tiles | fill cached C:\Users\tsusa\OneDrive - Automanix\그림\PXL_20230212_024010110.jpg
[16:35:08.406] [T1] tiles | fill cached C:\Users\tsusa\OneDrive - Automanix\그림\PXL_20230212_025601437_2.jpg
[16:35:08.407] [T1] tiles | fill cached C:\Users\tsusa\OneDrive - Automanix\그림\PXL_20230422_230822530~2.jpg
[16:35:08.408] [T1] tiles | fill shell C:\Users\tsusa\OneDrive - Automanix\그림\vlcsnap-2026-01-18-12h58m03s381.png
[16:35:08.442] [T1] tiles | cached done C:\Users\tsusa\OneDrive - Automanix\그림\PXL_20230212_025601437_2.jpg
[16:35:08.443] [T1] tiles | cached done C:\Users\tsusa\OneDrive - Automanix\그림\PXL_20230212_024010110.jpg
[16:35:08.444] [T1] tiles | cached done C:\Users\tsusa\OneDrive - Automanix\그림\PXL_20230422_230822530~2.jpg
[16:35:08.445] [T1] tiles | shell done C:\Users\tsusa\OneDrive - Automanix\그림\vlcsnap-2026-01-18-12h58m03s381.png
[16:35:08.455] [T1] tiles | phase0 C:\Users\tsusa\OneDrive - Automanix\그림\vlcsnap-2026-01-19-02h04m39s483.png
[16:35:08.457] [T1] tiles | phase0 C:\Users\tsusa\OneDrive - Automanix\그림\vlcsnap-2026-01-27-01h49m01s690.png
[16:35:08.458] [T1] tiles | phase0 C:\Users\tsusa\OneDrive - Automanix\그림\민초로부터 온 퇴장 통보.png
[16:35:08.459] [T1] tiles | phase0 C:\Users\tsusa\OneDrive - Automanix\그림\아우디 현가장치 관련 리콜.png
[16:35:08.466] [T1] tiles | fill shell C:\Users\tsusa\OneDrive - Automanix\그림\vlcsnap-2026-01-19-02h04m39s483.png
[16:35:08.466] [T1] tiles | fill shell C:\Users\tsusa\OneDrive - Automanix\그림\vlcsnap-2026-01-27-01h49m01s690.png
[16:35:08.466] [T1] tiles | fill shell C:\Users\tsusa\OneDrive - Automanix\그림\민초로부터 온 퇴장 통보.png
[16:35:08.466] [T1] tiles | fill cached C:\Users\tsusa\OneDrive - Automanix\그림\아우디 현가장치 관련 리콜.png
[16:35:08.491] [T1] tiles | shell done C:\Users\tsusa\OneDrive - Automanix\그림\민초로부터 온 퇴장 통보.png
[16:35:08.492] [T1] tiles | shell done C:\Users\tsusa\OneDrive - Automanix\그림\vlcsnap-2026-01-19-02h04m39s483.png
[16:35:08.494] [T1] tiles | shell done C:\Users\tsusa\OneDrive - Automanix\그림\vlcsnap-2026-01-27-01h49m01s690.png
[16:35:08.495] [T1] tiles | cached done C:\Users\tsusa\OneDrive - Automanix\그림\아우디 현가장치 관련 리콜.png
[16:35:08.497] [T1] tiles | phase0 C:\Users\tsusa\OneDrive - Automanix\그림\오토매닉스 대표이미지.png
[16:35:08.498] [T1] tiles | phase0 C:\Users\tsusa\OneDrive - Automanix\그림\오토매닉스 로고.png
[16:35:08.499] [T1] tiles | phase0 C:\Users\tsusa\OneDrive - Automanix\그림\오토매닉스 로고이미지.png
[16:35:08.501] [T1] tiles | phase0 C:\Users\tsusa\OneDrive - Automanix\그림\오토매닉스_약도.png
[16:35:08.514] [T1] tiles | fill cached C:\Users\tsusa\OneDrive - Automanix\그림\오토매닉스 대표이미지.png
[16:35:08.515] [T1] tiles | fill cached C:\Users\tsusa\OneDrive - Automanix\그림\오토매닉스 로고.png
[16:35:08.516] [T1] tiles | fill cached C:\Users\tsusa\OneDrive - Automanix\그림\오토매닉스 로고이미지.png
[16:35:08.517] [T1] tiles | fill cached C:\Users\tsusa\OneDrive - Automanix\그림\오토매닉스_약도.png
[16:35:08.532] [T1] tiles | cached done C:\Users\tsusa\OneDrive - Automanix\그림\오토매닉스 로고.png
[16:35:08.534] [T1] tiles | cached done C:\Users\tsusa\OneDrive - Automanix\그림\오토매닉스 로고이미지.png
[16:35:08.539] [T1] tiles | cached done C:\Users\tsusa\OneDrive - Automanix\그림\오토매닉스_약도.png
[16:35:08.541] [T1] tiles | cached done C:\Users\tsusa\OneDrive - Automanix\그림\오토매닉스 대표이미지.png
[16:35:08.545] [T1] tiles | phase0 C:\Users\tsusa\OneDrive - Automanix\그림\오토매닉스_인감_배경제거.png
[16:35:08.548] [T1] tiles | phase0 C:\Users\tsusa\OneDrive - Automanix\그림\코인챗 로고 long 188_79.png
[16:35:08.551] [T1] tiles | phase0 C:\Users\tsusa\OneDrive - Automanix\그림\코인챗 로고 square 148_148.png
[16:35:08.554] [T1] tiles | phase0 C:\Users\tsusa\OneDrive - Automanix\그림\코인챗_211012_아이폰XS_2대_중고구매.png
[16:35:08.556] [T1] tiles | fill cached C:\Users\tsusa\OneDrive - Automanix\그림\오토매닉스_인감_배경제거.png
[16:35:08.558] [T1] tiles | fill cached C:\Users\tsusa\OneDrive - Automanix\그림\코인챗 로고 long 188_79.png
[16:35:08.558] [T1] tiles | fill cached C:\Users\tsusa\OneDrive - Automanix\그림\코인챗 로고 square 148_148.png
[16:35:08.559] [T1] tiles | fill cached C:\Users\tsusa\OneDrive - Automanix\그림\코인챗_211012_아이폰XS_2대_중고구매.png
[16:35:08.575] [T1] tiles | cached done C:\Users\tsusa\OneDrive - Automanix\그림\코인챗 로고 long 188_79.png
[16:35:08.576] [T1] tiles | cached done C:\Users\tsusa\OneDrive - Automanix\그림\코인챗 로고 square 148_148.png
[16:35:08.576] [T1] tiles | cached done C:\Users\tsusa\OneDrive - Automanix\그림\오토매닉스_인감_배경제거.png
[16:35:08.577] [T1] tiles | cached done C:\Users\tsusa\OneDrive - Automanix\그림\코인챗_211012_아이폰XS_2대_중고구매.png
[16:35:08.584] [T1] tiles | phase0 C:\Users\tsusa\OneDrive - Automanix\그림\코인챗_사무실.jpg
[16:35:08.586] [T1] tiles | phase0 C:\Users\tsusa\OneDrive - Automanix\그림\코인챗_회의실.jpg
[16:35:08.587] [T1] tiles | phase0 C:\Users\tsusa\OneDrive - Automanix\그림\포가차.jpg
[16:35:08.588] [T1] tiles | phase0 C:\Users\tsusa\OneDrive - Automanix\그림\화면 캡처 2020-11-26 162745.png
[16:35:08.593] [T1] tiles | fill cached C:\Users\tsusa\OneDrive - Automanix\그림\코인챗_사무실.jpg
[16:35:08.593] [T1] tiles | fill cached C:\Users\tsusa\OneDrive - Automanix\그림\코인챗_회의실.jpg
[16:35:08.594] [T1] tiles | fill cached C:\Users\tsusa\OneDrive - Automanix\그림\포가차.jpg
[16:35:08.595] [T1] tiles | fill cached C:\Users\tsusa\OneDrive - Automanix\그림\화면 캡처 2020-11-26 162745.png
[16:35:08.608] [T1] tiles | cached done C:\Users\tsusa\OneDrive - Automanix\그림\화면 캡처 2020-11-26 162745.png
[16:35:08.628] [T1] tiles | cached done C:\Users\tsusa\OneDrive - Automanix\그림\코인챗_회의실.jpg
[16:35:08.629] [T1] tiles | cached done C:\Users\tsusa\OneDrive - Automanix\그림\코인챗_사무실.jpg
[16:35:08.630] [T1] tiles | phase0 C:\Users\tsusa\OneDrive - Automanix\그림\화면 캡처 2022-06-21 003453.png
[16:35:08.631] [T1] tiles | phase0 C:\Users\tsusa\OneDrive - Automanix\그림\화면 캡처 2022-08-01 115837.jpg
[16:35:08.632] [T1] tiles | phase0 C:\Users\tsusa\OneDrive - Automanix\그림\화면 캡처 2022-08-01 115837.png
[16:35:08.633] [T1] tiles | phase0 C:\Users\tsusa\OneDrive - Automanix\그림\화면 캡처 2022-08-07 171622.png
[16:35:08.634] [T1] tiles | fill cached C:\Users\tsusa\OneDrive - Automanix\그림\화면 캡처 2022-06-21 003453.png
[16:56:17.414] [T1] trace | KOTU v0.347.0 · 2026-09-06 16:56:17 · pid 38076
[16:56:17.594] [T1] shell | ShowModule video path=C:\Users\tsusa\Videos\액션캠 원본\20260906\DJI_20260906093315_0019_D.MP4
[16:56:17.663] [T1] smtc | Attach C:\Users\tsusa\Videos\액션캠 원본\20260906\DJI_20260906093315_0019_D.MP4
[16:56:17.704] [T1] smtc | session on
[16:56:18.299] [T1] shell | OnContentOpened C:\Users\tsusa\Videos\액션캠 원본\20260906\DJI_20260906093315_0019_D.MP4
[16:56:53.528] [T1] video | OpenPath C:\Users\tsusa\Videos\액션캠 원본\20260906\DJI_20260906093416_0020_D.MP4
[16:56:53.568] [T1] shell | OnContentOpened C:\Users\tsusa\Videos\액션캠 원본\20260906\DJI_20260906093416_0020_D.MP4
[16:57:09.652] [T1] shell | window closed
[16:57:09.661] [T1] smtc | Detach
[16:57:15.108] [T1] trace | KOTU v0.347.0 · 2026-09-06 16:57:15 · pid 45288
[16:57:15.284] [T1] shell | ShowModule video path=C:\Users\tsusa\Videos\액션캠 원본\20260906\DJI_20260906093733_0021_D.MP4
[16:57:15.353] [T1] smtc | Attach C:\Users\tsusa\Videos\액션캠 원본\20260906\DJI_20260906093733_0021_D.MP4
[16:57:15.392] [T1] smtc | session on
[16:57:15.883] [T1] shell | OnContentOpened C:\Users\tsusa\Videos\액션캠 원본\20260906\DJI_20260906093733_0021_D.MP4
[16:58:36.406] [T1] shell | window closed
[16:58:36.413] [T1] smtc | Detach
[16:58:56.642] [T1] trace | KOTU v0.347.0 · 2026-09-06 16:58:56 · pid 48140
[16:58:56.887] [T1] shell | ShowModule image path=C:\Users\tsusa\Videos\액션캠 원본\20260906\DJI_20260906110857_0030_D.JPG
[16:58:56.919] [T1] image | OpenPath C:\Users\tsusa\Videos\액션캠 원본\20260906\DJI_20260906110857_0030_D.JPG
[16:58:57.191] [T1] shell | OnContentOpened C:\Users\tsusa\Videos\액션캠 원본\20260906\DJI_20260906110857_0030_D.JPG
[16:59:17.153] [T1] shell | ShowModule image path=(none)
[16:59:17.173] [T1] nav | NavigateToAsync C:\Users\tsusa\Videos\액션캠 원본\20260906 exts=10
[16:59:17.179] [T1] tiles | ShowLoading C:\Users\tsusa\Videos\액션캠 원본\20260906
[16:59:17.185] [T1] nav | scan done C:\Users\tsusa\Videos\액션캠 원본\20260906 count=18
[16:59:17.186] [T1] nav | RefreshView C:\Users\tsusa\Videos\액션캠 원본\20260906 count=18
[16:59:17.190] [T1] tiles | ShowEntries C:\Users\tsusa\Videos\액션캠 원본\20260906 count=18
[16:59:17.206] [T1] tiles | phase0 C:\Users\tsusa\Videos\액션캠 원본\20260906\DJI_20260906110714_0025_D.JPG
[16:59:17.218] [T1] tiles | phase0 C:\Users\tsusa\Videos\액션캠 원본\20260906\DJI_20260906110725_0026_D.JPG
[16:59:17.219] [T1] tiles | phase0 C:\Users\tsusa\Videos\액션캠 원본\20260906\DJI_20260906110758_0027_D.JPG
[16:59:17.220] [T1] tiles | phase0 C:\Users\tsusa\Videos\액션캠 원본\20260906\DJI_20260906110839_0028_D.JPG
[16:59:17.221] [T1] tiles | phase0 C:\Users\tsusa\Videos\액션캠 원본\20260906\DJI_20260906110852_0029_D.JPG
[16:59:17.222] [T1] tiles | phase0 C:\Users\tsusa\Videos\액션캠 원본\20260906\DJI_20260906110857_0030_D.JPG
[16:59:17.223] [T1] tiles | phase0 C:\Users\tsusa\Videos\액션캠 원본\20260906\DJI_20260906111053_0031_D.JPG
[16:59:17.225] [T1] tiles | phase0 C:\Users\tsusa\Videos\액션캠 원본\20260906\DJI_20260906111056_0032_D.JPG
[16:59:17.226] [T1] tiles | phase0 C:\Users\tsusa\Videos\액션캠 원본\20260906\DJI_20260906111116_0033_D.JPG
[16:59:17.227] [T1] tiles | phase0 C:\Users\tsusa\Videos\액션캠 원본\20260906\DJI_20260906111121_0034_D.JPG
[16:59:17.228] [T1] tiles | phase0 C:\Users\tsusa\Videos\액션캠 원본\20260906\DJI_20260906111247_0035_D.JPG
[16:59:17.229] [T1] tiles | phase0 C:\Users\tsusa\Videos\액션캠 원본\20260906\DJI_20260906111451_0036_D.JPG
[16:59:17.230] [T1] tiles | phase0 C:\Users\tsusa\Videos\액션캠 원본\20260906\DJI_20260906111503_0037_D.JPG
[16:59:17.232] [T1] tiles | phase0 C:\Users\tsusa\Videos\액션캠 원본\20260906\DJI_20260906111513_0038_D.JPG
[16:59:17.233] [T1] tiles | phase0 C:\Users\tsusa\Videos\액션캠 원본\20260906\DJI_20260906111523_0039_D.JPG
[16:59:17.234] [T1] tiles | phase0 C:\Users\tsusa\Videos\액션캠 원본\20260906\DJI_20260906112534_0040_D.JPG
[16:59:17.235] [T1] tiles | phase0 C:\Users\tsusa\Videos\액션캠 원본\20260906\DJI_20260906112539_0041_D.JPG
[16:59:17.236] [T1] tiles | phase0 C:\Users\tsusa\Videos\액션캠 원본\20260906\DJI_20260906112544_0042_D.JPG
[16:59:17.267] [T9] exc | OperationCanceledException: The operation was canceled. @ at System.Threading.CancellationToken.ThrowOperationCanceledException()
[16:59:17.268] [T9] exc | OperationCanceledException: The operation was canceled. @ at System.Threading.SemaphoreSlim.Wait(Int32 millisecondsTimeout, CancellationToken cancellationToken)
[16:59:17.272] [T1] tiles | fill shell C:\Users\tsusa\Videos\액션캠 원본\20260906\DJI_20260906110714_0025_D.JPG
[16:59:17.276] [T1] tiles | fill shell C:\Users\tsusa\Videos\액션캠 원본\20260906\DJI_20260906110725_0026_D.JPG
[16:59:17.277] [T1] tiles | fill shell C:\Users\tsusa\Videos\액션캠 원본\20260906\DJI_20260906110758_0027_D.JPG
[16:59:17.277] [T1] tiles | fill shell C:\Users\tsusa\Videos\액션캠 원본\20260906\DJI_20260906110839_0028_D.JPG
[16:59:17.278] [T1] tiles | fill shell C:\Users\tsusa\Videos\액션캠 원본\20260906\DJI_20260906110852_0029_D.JPG
[16:59:17.278] [T1] tiles | fill shell C:\Users\tsusa\Videos\액션캠 원본\20260906\DJI_20260906110857_0030_D.JPG
[16:59:17.279] [T1] tiles | fill shell C:\Users\tsusa\Videos\액션캠 원본\20260906\DJI_20260906111053_0031_D.JPG
[16:59:17.279] [T1] tiles | fill shell C:\Users\tsusa\Videos\액션캠 원본\20260906\DJI_20260906111056_0032_D.JPG
[16:59:17.280] [T1] tiles | fill shell C:\Users\tsusa\Videos\액션캠 원본\20260906\DJI_20260906111116_0033_D.JPG
[16:59:17.280] [T1] tiles | fill shell C:\Users\tsusa\Videos\액션캠 원본\20260906\DJI_20260906111121_0034_D.JPG
[16:59:17.280] [T1] tiles | fill shell C:\Users\tsusa\Videos\액션캠 원본\20260906\DJI_20260906111247_0035_D.JPG
[16:59:17.280] [T1] tiles | fill shell C:\Users\tsusa\Videos\액션캠 원본\20260906\DJI_20260906111451_0036_D.JPG
[16:59:17.280] [T1] tiles | fill shell C:\Users\tsusa\Videos\액션캠 원본\20260906\DJI_20260906111503_0037_D.JPG
[16:59:17.280] [T1] tiles | fill shell C:\Users\tsusa\Videos\액션캠 원본\20260906\DJI_20260906111513_0038_D.JPG
[16:59:17.280] [T1] tiles | fill shell C:\Users\tsusa\Videos\액션캠 원본\20260906\DJI_20260906111523_0039_D.JPG
[16:59:17.281] [T1] tiles | fill shell C:\Users\tsusa\Videos\액션캠 원본\20260906\DJI_20260906112534_0040_D.JPG
[16:59:17.281] [T1] tiles | fill shell C:\Users\tsusa\Videos\액션캠 원본\20260906\DJI_20260906112539_0041_D.JPG
[16:59:17.281] [T1] tiles | fill shell C:\Users\tsusa\Videos\액션캠 원본\20260906\DJI_20260906112544_0042_D.JPG
[16:59:17.628] [T1] tiles | shell done C:\Users\tsusa\Videos\액션캠 원본\20260906\DJI_20260906110758_0027_D.JPG
[16:59:17.629] [T1] tiles | shell done C:\Users\tsusa\Videos\액션캠 원본\20260906\DJI_20260906110725_0026_D.JPG
[16:59:17.630] [T1] tiles | shell done C:\Users\tsusa\Videos\액션캠 원본\20260906\DJI_20260906110714_0025_D.JPG
[16:59:17.785] [T1] tiles | shell done C:\Users\tsusa\Videos\액션캠 원본\20260906\DJI_20260906110852_0029_D.JPG
[16:59:17.786] [T1] tiles | shell done C:\Users\tsusa\Videos\액션캠 원본\20260906\DJI_20260906110839_0028_D.JPG
[16:59:17.787] [T1] tiles | shell done C:\Users\tsusa\Videos\액션캠 원본\20260906\DJI_20260906110857_0030_D.JPG
[16:59:17.923] [T1] tiles | shell done C:\Users\tsusa\Videos\액션캠 원본\20260906\DJI_20260906111056_0032_D.JPG
[16:59:17.968] [T1] tiles | shell done C:\Users\tsusa\Videos\액션캠 원본\20260906\DJI_20260906111053_0031_D.JPG
[16:59:17.971] [T1] tiles | shell done C:\Users\tsusa\Videos\액션캠 원본\20260906\DJI_20260906111116_0033_D.JPG
[16:59:18.078] [T1] tiles | shell done C:\Users\tsusa\Videos\액션캠 원본\20260906\DJI_20260906111121_0034_D.JPG
[16:59:18.116] [T1] tiles | shell done C:\Users\tsusa\Videos\액션캠 원본\20260906\DJI_20260906111451_0036_D.JPG
[16:59:18.117] [T1] tiles | shell done C:\Users\tsusa\Videos\액션캠 원본\20260906\DJI_20260906111247_0035_D.JPG
[16:59:18.238] [T1] tiles | shell done C:\Users\tsusa\Videos\액션캠 원본\20260906\DJI_20260906111523_0039_D.JPG
[16:59:18.239] [T1] tiles | shell done C:\Users\tsusa\Videos\액션캠 원본\20260906\DJI_20260906111513_0038_D.JPG
[16:59:18.240] [T1] tiles | shell done C:\Users\tsusa\Videos\액션캠 원본\20260906\DJI_20260906111503_0037_D.JPG
[16:59:18.337] [T1] tiles | shell done C:\Users\tsusa\Videos\액션캠 원본\20260906\DJI_20260906112534_0040_D.JPG
[16:59:18.374] [T1] tiles | shell done C:\Users\tsusa\Videos\액션캠 원본\20260906\DJI_20260906112539_0041_D.JPG
[16:59:18.379] [T1] tiles | shell done C:\Users\tsusa\Videos\액션캠 원본\20260906\DJI_20260906112544_0042_D.JPG
[16:59:32.922] [T1] shell | window closed
[16:59:33.058] [T18] exc | OperationCanceledException: The operation was canceled. @ at System.Threading.CancellationToken.ThrowOperationCanceledException()
[16:59:33.058] [T17] exc | OperationCanceledException: The operation was canceled. @ at System.Threading.CancellationToken.ThrowOperationCanceledException()
[16:59:33.058] [T16] exc | OperationCanceledException: The operation was canceled. @ at System.Threading.CancellationToken.ThrowOperationCanceledException()
[16:59:33.058] [T18] exc | OperationCanceledException: The operation was canceled. @ at System.Threading.SemaphoreSlim.Wait(Int32 millisecondsTimeout, CancellationToken cancellationToken)
[16:59:33.058] [T17] exc | OperationCanceledException: The operation was canceled. @ at System.Threading.SemaphoreSlim.Wait(Int32 millisecondsTimeout, CancellationToken cancellationToken)
[16:59:33.058] [T16] exc | OperationCanceledException: The operation was canceled. @ at System.Threading.SemaphoreSlim.Wait(Int32 millisecondsTimeout, CancellationToken cancellationToken)
[16:59:33.063] [T14] exc | OperationCanceledException: The operation was canceled. @ at System.Threading.CancellationToken.ThrowOperationCanceledException()
[16:59:33.063] [T12] exc | OperationCanceledException: The operation was canceled. @ at System.Threading.CancellationToken.ThrowOperationCanceledException()
[16:59:33.063] [T14] exc | OperationCanceledException: The operation was canceled. @ at System.Threading.SemaphoreSlim.Wait(Int32 millisecondsTimeout, CancellationToken cancellationToken)
[16:59:33.063] [T13] exc | OperationCanceledException: The operation was canceled. @ at System.Threading.CancellationToken.ThrowOperationCanceledException()
[16:59:33.063] [T15] exc | OperationCanceledException: The operation was canceled. @ at System.Threading.CancellationToken.ThrowOperationCanceledException()
[16:59:33.063] [T12] exc | OperationCanceledException: The operation was canceled. @ at System.Threading.SemaphoreSlim.Wait(Int32 millisecondsTimeout, CancellationToken cancellationToken)
[16:59:33.063] [T13] exc | OperationCanceledException: The operation was canceled. @ at System.Threading.SemaphoreSlim.Wait(Int32 millisecondsTimeout, CancellationToken cancellationToken)
[16:59:33.063] [T15] exc | OperationCanceledException: The operation was canceled. @ at System.Threading.SemaphoreSlim.Wait(Int32 millisecondsTimeout, CancellationToken cancellationToken)
[16:59:39.383] [T1] trace | KOTU v0.347.0 · 2026-09-06 16:59:39 · pid 9588
[16:59:39.530] [T1] shell | ShowModule video path=C:\Users\tsusa\Videos\액션캠 원본\20260906\DJI_20260906094259_0022_D.MP4
[16:59:39.599] [T1] smtc | Attach C:\Users\tsusa\Videos\액션캠 원본\20260906\DJI_20260906094259_0022_D.MP4
[16:59:39.631] [T1] smtc | session on
[16:59:40.108] [T1] shell | OnContentOpened C:\Users\tsusa\Videos\액션캠 원본\20260906\DJI_20260906094259_0022_D.MP4
[17:03:14.911] [T1] video | OpenPath C:\Users\tsusa\Videos\액션캠 원본\20260906\DJI_20260906103053_0023_D.MP4
[17:03:14.944] [T1] shell | OnContentOpened C:\Users\tsusa\Videos\액션캠 원본\20260906\DJI_20260906103053_0023_D.MP4
[17:03:30.188] [T1] shell | ShowModule video path=(none)
[17:03:30.197] [T1] smtc | Attach (none)
[17:03:30.197] [T1] smtc | Detach
[17:03:30.198] [T1] smtc | session on
[17:03:30.213] [T1] nav | NavigateToAsync C:\Users\tsusa\Videos\액션캠 원본\20260906 exts=14
[17:03:30.217] [T1] tiles | ShowLoading C:\Users\tsusa\Videos\액션캠 원본\20260906
[17:03:30.220] [T1] nav | scan done C:\Users\tsusa\Videos\액션캠 원본\20260906 count=7
[17:03:30.222] [T1] nav | RefreshView C:\Users\tsusa\Videos\액션캠 원본\20260906 count=7
[17:03:30.225] [T1] tiles | ShowEntries C:\Users\tsusa\Videos\액션캠 원본\20260906 count=7
[17:03:30.242] [T1] tiles | phase0 C:\Users\tsusa\Videos\액션캠 원본\20260906\DJI_20260906093315_0019_D.MP4
[17:03:30.293] [T1] tiles | phase0 C:\Users\tsusa\Videos\액션캠 원본\20260906\DJI_20260906093416_0020_D.MP4
[17:03:30.294] [T1] tiles | phase0 C:\Users\tsusa\Videos\액션캠 원본\20260906\DJI_20260906093733_0021_D.MP4
[17:03:30.295] [T1] tiles | phase0 C:\Users\tsusa\Videos\액션캠 원본\20260906\DJI_20260906094259_0022_D.MP4
[17:03:30.296] [T1] tiles | phase0 C:\Users\tsusa\Videos\액션캠 원본\20260906\DJI_20260906103053_0023_D.MP4
[17:03:30.297] [T1] tiles | phase0 C:\Users\tsusa\Videos\액션캠 원본\20260906\DJI_20260906110108_0024_D.MP4
[17:03:30.298] [T1] tiles | phase0 C:\Users\tsusa\Videos\액션캠 원본\20260906\DJI_20260906112557_0043_D.MP4
[17:03:30.326] [T1] tiles | fill shell C:\Users\tsusa\Videos\액션캠 원본\20260906\DJI_20260906093315_0019_D.MP4
[17:03:30.330] [T1] tiles | fill shell C:\Users\tsusa\Videos\액션캠 원본\20260906\DJI_20260906093416_0020_D.MP4
[17:03:30.330] [T1] tiles | fill shell C:\Users\tsusa\Videos\액션캠 원본\20260906\DJI_20260906093733_0021_D.MP4
[17:03:30.331] [T1] tiles | fill shell C:\Users\tsusa\Videos\액션캠 원본\20260906\DJI_20260906094259_0022_D.MP4
[17:03:30.331] [T1] tiles | fill shell C:\Users\tsusa\Videos\액션캠 원본\20260906\DJI_20260906103053_0023_D.MP4
[17:03:30.331] [T1] tiles | fill shell C:\Users\tsusa\Videos\액션캠 원본\20260906\DJI_20260906110108_0024_D.MP4
[17:03:30.331] [T1] tiles | fill shell C:\Users\tsusa\Videos\액션캠 원본\20260906\DJI_20260906112557_0043_D.MP4
[17:03:30.393] [T1] tiles | shell done C:\Users\tsusa\Videos\액션캠 원본\20260906\DJI_20260906093315_0019_D.MP4
[17:03:30.399] [T1] tiles | shell done C:\Users\tsusa\Videos\액션캠 원본\20260906\DJI_20260906093416_0020_D.MP4
[17:03:30.399] [T1] tiles | shell done C:\Users\tsusa\Videos\액션캠 원본\20260906\DJI_20260906093733_0021_D.MP4
[17:03:30.426] [T1] tiles | shell done C:\Users\tsusa\Videos\액션캠 원본\20260906\DJI_20260906094259_0022_D.MP4
[17:03:30.597] [T1] tiles | shell done C:\Users\tsusa\Videos\액션캠 원본\20260906\DJI_20260906110108_0024_D.MP4
[17:03:30.597] [T1] tiles | shell done C:\Users\tsusa\Videos\액션캠 원본\20260906\DJI_20260906112557_0043_D.MP4
[17:03:30.598] [T1] tiles | shell done C:\Users\tsusa\Videos\액션캠 원본\20260906\DJI_20260906103053_0023_D.MP4
[17:03:37.368] [T1] shell | ShowModule video path=C:\Users\tsusa\Videos\액션캠 원본\20260906\DJI_20260906103053_0023_D.MP4
[17:03:37.377] [T1] smtc | Attach C:\Users\tsusa\Videos\액션캠 원본\20260906\DJI_20260906103053_0023_D.MP4
[17:03:37.377] [T1] smtc | Detach
[17:03:37.378] [T1] smtc | session on
[17:03:37.446] [T1] shell | OnContentOpened C:\Users\tsusa\Videos\액션캠 원본\20260906\DJI_20260906103053_0023_D.MP4
[17:16:39.207] [T1] shell | window closed
[17:16:39.214] [T1] smtc | Detach
[17:16:39.308] [T15] exc | OperationCanceledException: The operation was canceled. @ at System.Threading.CancellationToken.ThrowOperationCanceledException()
[17:16:39.308] [T14] exc | OperationCanceledException: The operation was canceled. @ at System.Threading.CancellationToken.ThrowOperationCanceledException()
[17:16:39.309] [T16] exc | OperationCanceledException: The operation was canceled. @ at System.Threading.CancellationToken.ThrowOperationCanceledException()
[17:16:39.309] [T15] exc | OperationCanceledException: The operation was canceled. @ at System.Threading.SemaphoreSlim.Wait(Int32 millisecondsTimeout, CancellationToken cancellationToken)
[17:16:39.309] [T16] exc | OperationCanceledException: The operation was canceled. @ at System.Threading.SemaphoreSlim.Wait(Int32 millisecondsTimeout, CancellationToken cancellationToken)
[17:16:39.309] [T14] exc | OperationCanceledException: The operation was canceled. @ at System.Threading.SemaphoreSlim.Wait(Int32 millisecondsTimeout, CancellationToken cancellationToken)
[17:16:59.059] [T1] trace | KOTU v0.347.0 · 2026-09-06 17:16:59 · pid 37576
[17:16:59.225] [T1] shell | ShowModule video path=C:\Users\tsusa\Videos\액션캠 원본\20260906\DJI_20260906110108_0024_D.MP4
[17:16:59.290] [T1] smtc | Attach C:\Users\tsusa\Videos\액션캠 원본\20260906\DJI_20260906110108_0024_D.MP4
[17:16:59.319] [T1] smtc | session on
[17:16:59.799] [T1] shell | OnContentOpened C:\Users\tsusa\Videos\액션캠 원본\20260906\DJI_20260906110108_0024_D.MP4
[17:22:31.219] [T1] shell | window closed
[17:22:31.226] [T1] smtc | Detach
[17:22:35.037] [T1] trace | KOTU v0.347.0 · 2026-09-06 17:22:35 · pid 40328
[17:22:35.178] [T1] shell | ShowModule video path=C:\Users\tsusa\Videos\액션캠 원본\20260906\DJI_20260906112557_0043_D.MP4
[17:22:35.237] [T1] smtc | Attach C:\Users\tsusa\Videos\액션캠 원본\20260906\DJI_20260906112557_0043_D.MP4
[17:22:35.262] [T1] smtc | session on
[17:22:35.744] [T1] shell | OnContentOpened C:\Users\tsusa\Videos\액션캠 원본\20260906\DJI_20260906112557_0043_D.MP4
[18:56:41.557] [T1] shell | OnContentOpened C:\Users\tsusa\Videos\액션캠 원본\20260906\DJI_20260906112557_0043_D.MP4
[18:56:52.340] [T1] shell | ShowModule video path=(none)
[18:56:52.353] [T1] smtc | Attach (none)
[18:56:52.353] [T1] smtc | Detach
[18:56:52.353] [T1] smtc | session on
[18:56:52.372] [T1] nav | NavigateToAsync C:\Users\tsusa\Videos\액션캠 원본\20260906 exts=14
[18:56:52.377] [T1] tiles | ShowLoading C:\Users\tsusa\Videos\액션캠 원본\20260906
[18:56:52.381] [T1] nav | scan done C:\Users\tsusa\Videos\액션캠 원본\20260906 count=6
[18:56:52.382] [T1] nav | RefreshView C:\Users\tsusa\Videos\액션캠 원본\20260906 count=6
[18:56:52.386] [T1] tiles | ShowEntries C:\Users\tsusa\Videos\액션캠 원본\20260906 count=6
[18:56:52.406] [T1] tiles | phase0 C:\Users\tsusa\Videos\액션캠 원본\20260906\DJI_20260906093315_0019_D.MP4
[18:56:52.463] [T1] tiles | phase0 C:\Users\tsusa\Videos\액션캠 원본\20260906\DJI_20260906093416_0020_D.MP4
[18:56:52.465] [T1] tiles | phase0 C:\Users\tsusa\Videos\액션캠 원본\20260906\DJI_20260906093733_0021_D.MP4
[18:56:52.466] [T1] tiles | phase0 C:\Users\tsusa\Videos\액션캠 원본\20260906\DJI_20260906094259_0022_D.MP4
[18:56:52.468] [T1] tiles | phase0 C:\Users\tsusa\Videos\액션캠 원본\20260906\DJI_20260906110108_0024_D.MP4
[18:56:52.470] [T1] tiles | phase0 C:\Users\tsusa\Videos\액션캠 원본\20260906\DJI_20260906112557_0043_D.MP4
[18:56:52.504] [T1] tiles | fill shell C:\Users\tsusa\Videos\액션캠 원본\20260906\DJI_20260906093315_0019_D.MP4
[18:56:52.509] [T1] tiles | fill shell C:\Users\tsusa\Videos\액션캠 원본\20260906\DJI_20260906093416_0020_D.MP4
[18:56:52.509] [T1] tiles | fill shell C:\Users\tsusa\Videos\액션캠 원본\20260906\DJI_20260906093733_0021_D.MP4
[18:56:52.509] [T1] tiles | fill shell C:\Users\tsusa\Videos\액션캠 원본\20260906\DJI_20260906094259_0022_D.MP4
[18:56:52.510] [T1] tiles | fill shell C:\Users\tsusa\Videos\액션캠 원본\20260906\DJI_20260906110108_0024_D.MP4
[18:56:52.510] [T1] tiles | fill shell C:\Users\tsusa\Videos\액션캠 원본\20260906\DJI_20260906112557_0043_D.MP4
[18:56:52.587] [T1] tiles | shell done C:\Users\tsusa\Videos\액션캠 원본\20260906\DJI_20260906093315_0019_D.MP4
[18:56:52.588] [T1] tiles | shell done C:\Users\tsusa\Videos\액션캠 원본\20260906\DJI_20260906093416_0020_D.MP4
[18:56:52.598] [T1] tiles | shell done C:\Users\tsusa\Videos\액션캠 원본\20260906\DJI_20260906093733_0021_D.MP4
[18:56:52.616] [T1] tiles | shell done C:\Users\tsusa\Videos\액션캠 원본\20260906\DJI_20260906094259_0022_D.MP4
[18:56:52.617] [T1] tiles | shell done C:\Users\tsusa\Videos\액션캠 원본\20260906\DJI_20260906110108_0024_D.MP4
[18:56:52.626] [T1] tiles | shell done C:\Users\tsusa\Videos\액션캠 원본\20260906\DJI_20260906112557_0043_D.MP4
[18:57:06.864] [T1] shell | window closed
[18:57:06.871] [T1] smtc | Detach
[18:57:07.071] [T14] exc | OperationCanceledException: The operation was canceled. @ at System.Threading.CancellationToken.ThrowOperationCanceledException()
[18:57:07.071] [T13] exc | OperationCanceledException: The operation was canceled. @ at System.Threading.CancellationToken.ThrowOperationCanceledException()
[18:57:07.071] [T15] exc | OperationCanceledException: The operation was canceled. @ at System.Threading.CancellationToken.ThrowOperationCanceledException()
[18:57:07.072] [T13] exc | OperationCanceledException: The operation was canceled. @ at System.Threading.SemaphoreSlim.Wait(Int32 millisecondsTimeout, CancellationToken cancellationToken)
[18:57:07.072] [T15] exc | OperationCanceledException: The operation was canceled. @ at System.Threading.SemaphoreSlim.Wait(Int32 millisecondsTimeout, CancellationToken cancellationToken)
[18:57:07.072] [T14] exc | OperationCanceledException: The operation was canceled. @ at System.Threading.SemaphoreSlim.Wait(Int32 millisecondsTimeout, CancellationToken cancellationToken)
[20:53:43.301] [T1] trace | KOTU v0.347.0 · 2026-09-06 20:53:43 · pid 38976
[20:53:47.385] [T1] shell | ShowModule hardware path=(none)
[20:53:49.244] [T4] exc | ManagementException: 잘못된 클래스입니다.  @ at System.Management.ManagementException.ThrowWithExtendedInfo(ManagementStatus errorCode)
[20:53:49.721] [T4] exc | DllNotFoundException: Unable to load DLL 'atiadlxx.dll' or one of its dependencies: 지정된 모듈을 찾을 수 없습니다. (0x8007007E) @ at LibreHardwareMonitor.Interop.AtiAdlxx.ADL2_Main_Control_Create(ADL_Main_Memory_AllocDelegate callback, Int32 connectedAdapters, IntPtr& context)
[20:54:51.176] [T1] trace | KOTU v0.348.0 · 2026-09-06 20:54:51 · pid 44348
[20:54:51.331] [T1] shell | ShowModule hardware path=(none)
[20:54:53.364] [T4] exc | ManagementException: 잘못된 클래스입니다.  @ at System.Management.ManagementException.ThrowWithExtendedInfo(ManagementStatus errorCode)
[20:54:53.427] [T4] exc | DllNotFoundException: Unable to load DLL 'atiadlxx.dll' or one of its dependencies: 지정된 모듈을 찾을 수 없습니다. (0x8007007E) @ at LibreHardwareMonitor.Interop.AtiAdlxx.ADL2_Main_Control_Create(ADL_Main_Memory_AllocDelegate callback, Int32 connectedAdapters, IntPtr& context)
[20:58:44.313] [T1] shell | ShowModule allreadable path=(none)
[20:58:44.326] [T1] smtc | Attach (none)
[20:58:44.342] [T1] nav | NavigateToAsync C:\Users\tsusa\Videos\액션캠 원본\20260906 exts=48
[20:58:44.349] [T1] tiles | ShowLoading C:\Users\tsusa\Videos\액션캠 원본\20260906
[20:58:44.356] [T1] nav | scan done C:\Users\tsusa\Videos\액션캠 원본\20260906 count=24
[20:58:44.357] [T1] nav | RefreshView C:\Users\tsusa\Videos\액션캠 원본\20260906 count=24
[20:58:44.361] [T1] tiles | ShowEntries C:\Users\tsusa\Videos\액션캠 원본\20260906 count=24
[20:58:44.376] [T1] tiles | phase0 C:\Users\tsusa\Videos\액션캠 원본\20260906\DJI_20260906093315_0019_D.MP4
[20:58:44.391] [T1] list | phase0 C:\Users\tsusa\Videos\액션캠 원본\20260906\DJI_20260906093315_0019_D.MP4
[20:58:44.392] [T1] detail | fetch Video C:\Users\tsusa\Videos\액션캠 원본\20260906\DJI_20260906093315_0019_D.MP4
[20:58:44.403] [T1] tiles | phase0 C:\Users\tsusa\Videos\액션캠 원본\20260906\DJI_20260906093416_0020_D.MP4
[20:58:44.404] [T1] tiles | phase0 C:\Users\tsusa\Videos\액션캠 원본\20260906\DJI_20260906093733_0021_D.MP4
[20:58:44.406] [T1] tiles | phase0 C:\Users\tsusa\Videos\액션캠 원본\20260906\DJI_20260906094259_0022_D.MP4
[20:58:44.407] [T1] tiles | phase0 C:\Users\tsusa\Videos\액션캠 원본\20260906\DJI_20260906110108_0024_D.MP4
[20:58:44.408] [T1] tiles | phase0 C:\Users\tsusa\Videos\액션캠 원본\20260906\DJI_20260906110714_0025_D.JPG
[20:58:44.410] [T1] tiles | phase0 C:\Users\tsusa\Videos\액션캠 원본\20260906\DJI_20260906110725_0026_D.JPG
[20:58:44.411] [T1] tiles | phase0 C:\Users\tsusa\Videos\액션캠 원본\20260906\DJI_20260906110758_0027_D.JPG
[20:58:44.412] [T1] tiles | phase0 C:\Users\tsusa\Videos\액션캠 원본\20260906\DJI_20260906110839_0028_D.JPG
[20:58:44.414] [T1] tiles | phase0 C:\Users\tsusa\Videos\액션캠 원본\20260906\DJI_20260906110852_0029_D.JPG
[20:58:44.415] [T1] tiles | phase0 C:\Users\tsusa\Videos\액션캠 원본\20260906\DJI_20260906110857_0030_D.JPG
[20:58:44.416] [T1] tiles | phase0 C:\Users\tsusa\Videos\액션캠 원본\20260906\DJI_20260906111053_0031_D.JPG
[20:58:44.418] [T1] tiles | phase0 C:\Users\tsusa\Videos\액션캠 원본\20260906\DJI_20260906111056_0032_D.JPG
[20:58:44.419] [T1] tiles | phase0 C:\Users\tsusa\Videos\액션캠 원본\20260906\DJI_20260906111116_0033_D.JPG
[20:58:44.421] [T1] tiles | phase0 C:\Users\tsusa\Videos\액션캠 원본\20260906\DJI_20260906111121_0034_D.JPG
[20:58:44.422] [T1] tiles | phase0 C:\Users\tsusa\Videos\액션캠 원본\20260906\DJI_20260906111247_0035_D.JPG
[20:58:44.423] [T1] tiles | phase0 C:\Users\tsusa\Videos\액션캠 원본\20260906\DJI_20260906111451_0036_D.JPG
[20:58:44.425] [T1] tiles | phase0 C:\Users\tsusa\Videos\액션캠 원본\20260906\DJI_20260906111503_0037_D.JPG
[20:58:44.426] [T1] tiles | phase0 C:\Users\tsusa\Videos\액션캠 원본\20260906\DJI_20260906111513_0038_D.JPG
[20:58:44.427] [T1] tiles | phase0 C:\Users\tsusa\Videos\액션캠 원본\20260906\DJI_20260906111523_0039_D.JPG
[20:58:44.433] [T1] list | phase0 C:\Users\tsusa\Videos\액션캠 원본\20260906\DJI_20260906093416_0020_D.MP4
[20:58:44.433] [T1] detail | fetch Video C:\Users\tsusa\Videos\액션캠 원본\20260906\DJI_20260906093416_0020_D.MP4
[20:58:44.436] [T1] list | phase0 C:\Users\tsusa\Videos\액션캠 원본\20260906\DJI_20260906093733_0021_D.MP4
[20:58:44.436] [T1] detail | fetch Video C:\Users\tsusa\Videos\액션캠 원본\20260906\DJI_20260906093733_0021_D.MP4
[20:58:44.439] [T1] list | phase0 C:\Users\tsusa\Videos\액션캠 원본\20260906\DJI_20260906094259_0022_D.MP4
[20:58:44.440] [T1] detail | fetch Video C:\Users\tsusa\Videos\액션캠 원본\20260906\DJI_20260906094259_0022_D.MP4
[20:58:44.443] [T1] list | phase0 C:\Users\tsusa\Videos\액션캠 원본\20260906\DJI_20260906110108_0024_D.MP4
[20:58:44.443] [T1] detail | fetch Video C:\Users\tsusa\Videos\액션캠 원본\20260906\DJI_20260906110108_0024_D.MP4
[20:58:44.446] [T1] list | phase0 C:\Users\tsusa\Videos\액션캠 원본\20260906\DJI_20260906110714_0025_D.JPG
[20:58:44.446] [T1] detail | fetch Image C:\Users\tsusa\Videos\액션캠 원본\20260906\DJI_20260906110714_0025_D.JPG
[20:58:44.449] [T1] list | phase0 C:\Users\tsusa\Videos\액션캠 원본\20260906\DJI_20260906110725_0026_D.JPG
[20:58:44.449] [T1] detail | fetch Image C:\Users\tsusa\Videos\액션캠 원본\20260906\DJI_20260906110725_0026_D.JPG
[20:58:44.452] [T1] list | phase0 C:\Users\tsusa\Videos\액션캠 원본\20260906\DJI_20260906110758_0027_D.JPG
[20:58:44.452] [T1] detail | fetch Image C:\Users\tsusa\Videos\액션캠 원본\20260906\DJI_20260906110758_0027_D.JPG
[20:58:44.456] [T1] list | phase0 C:\Users\tsusa\Videos\액션캠 원본\20260906\DJI_20260906110839_0028_D.JPG
[20:58:44.456] [T1] detail | fetch Image C:\Users\tsusa\Videos\액션캠 원본\20260906\DJI_20260906110839_0028_D.JPG
[20:58:44.459] [T1] list | phase0 C:\Users\tsusa\Videos\액션캠 원본\20260906\DJI_20260906110852_0029_D.JPG
[20:58:44.459] [T1] detail | fetch Image C:\Users\tsusa\Videos\액션캠 원본\20260906\DJI_20260906110852_0029_D.JPG
[20:58:44.463] [T1] list | phase0 C:\Users\tsusa\Videos\액션캠 원본\20260906\DJI_20260906110857_0030_D.JPG
[20:58:44.463] [T1] detail | fetch Image C:\Users\tsusa\Videos\액션캠 원본\20260906\DJI_20260906110857_0030_D.JPG
[20:58:44.466] [T1] list | phase0 C:\Users\tsusa\Videos\액션캠 원본\20260906\DJI_20260906111053_0031_D.JPG
[20:58:44.466] [T1] detail | fetch Image C:\Users\tsusa\Videos\액션캠 원본\20260906\DJI_20260906111053_0031_D.JPG
[20:58:44.469] [T1] list | phase0 C:\Users\tsusa\Videos\액션캠 원본\20260906\DJI_20260906111056_0032_D.JPG
[20:58:44.469] [T1] detail | fetch Image C:\Users\tsusa\Videos\액션캠 원본\20260906\DJI_20260906111056_0032_D.JPG
[20:58:44.472] [T1] list | phase0 C:\Users\tsusa\Videos\액션캠 원본\20260906\DJI_20260906111116_0033_D.JPG
[20:58:44.473] [T1] detail | fetch Image C:\Users\tsusa\Videos\액션캠 원본\20260906\DJI_20260906111116_0033_D.JPG
[20:58:44.476] [T1] list | phase0 C:\Users\tsusa\Videos\액션캠 원본\20260906\DJI_20260906111121_0034_D.JPG
[20:58:44.476] [T1] detail | fetch Image C:\Users\tsusa\Videos\액션캠 원본\20260906\DJI_20260906111121_0034_D.JPG
[20:58:44.486] [T1] list | phase0 C:\Users\tsusa\Videos\액션캠 원본\20260906\DJI_20260906111247_0035_D.JPG
[20:58:44.486] [T1] detail | fetch Image C:\Users\tsusa\Videos\액션캠 원본\20260906\DJI_20260906111247_0035_D.JPG
[20:58:44.490] [T1] list | phase0 C:\Users\tsusa\Videos\액션캠 원본\20260906\DJI_20260906111451_0036_D.JPG
[20:58:44.490] [T1] detail | fetch Image C:\Users\tsusa\Videos\액션캠 원본\20260906\DJI_20260906111451_0036_D.JPG
[20:58:44.493] [T1] list | phase0 C:\Users\tsusa\Videos\액션캠 원본\20260906\DJI_20260906111503_0037_D.JPG
[20:58:44.493] [T1] detail | fetch Image C:\Users\tsusa\Videos\액션캠 원본\20260906\DJI_20260906111503_0037_D.JPG
[20:58:44.496] [T1] list | phase0 C:\Users\tsusa\Videos\액션캠 원본\20260906\DJI_20260906111513_0038_D.JPG
[20:58:44.496] [T1] detail | fetch Image C:\Users\tsusa\Videos\액션캠 원본\20260906\DJI_20260906111513_0038_D.JPG
[20:58:44.499] [T1] list | phase0 C:\Users\tsusa\Videos\액션캠 원본\20260906\DJI_20260906111523_0039_D.JPG
[20:58:44.499] [T1] detail | fetch Image C:\Users\tsusa\Videos\액션캠 원본\20260906\DJI_20260906111523_0039_D.JPG
[20:58:44.502] [T1] list | phase0 C:\Users\tsusa\Videos\액션캠 원본\20260906\DJI_20260906112534_0040_D.JPG
[20:58:44.502] [T1] detail | fetch Image C:\Users\tsusa\Videos\액션캠 원본\20260906\DJI_20260906112534_0040_D.JPG
[20:58:44.506] [T1] list | phase0 C:\Users\tsusa\Videos\액션캠 원본\20260906\DJI_20260906112539_0041_D.JPG
[20:58:44.506] [T1] detail | fetch Image C:\Users\tsusa\Videos\액션캠 원본\20260906\DJI_20260906112539_0041_D.JPG
[20:58:44.509] [T1] list | phase0 C:\Users\tsusa\Videos\액션캠 원본\20260906\DJI_20260906112544_0042_D.JPG
[20:58:44.509] [T1] detail | fetch Image C:\Users\tsusa\Videos\액션캠 원본\20260906\DJI_20260906112544_0042_D.JPG
[20:58:44.513] [T1] list | phase0 C:\Users\tsusa\Videos\액션캠 원본\20260906\DJI_20260906112557_0043_D.MP4
[20:58:44.513] [T1] detail | fetch Video C:\Users\tsusa\Videos\액션캠 원본\20260906\DJI_20260906112557_0043_D.MP4
[20:58:44.527] [T1] detail | done C:\Users\tsusa\Videos\액션캠 원본\20260906\DJI_20260906093315_0019_D.MP4
[20:58:44.528] [T1] detail | done C:\Users\tsusa\Videos\액션캠 원본\20260906\DJI_20260906093733_0021_D.MP4
[20:58:44.528] [T1] detail | done C:\Users\tsusa\Videos\액션캠 원본\20260906\DJI_20260906093416_0020_D.MP4
[20:58:44.571] [T1] detail | done C:\Users\tsusa\Videos\액션캠 원본\20260906\DJI_20260906110108_0024_D.MP4
[20:58:44.571] [T1] detail | done C:\Users\tsusa\Videos\액션캠 원본\20260906\DJI_20260906094259_0022_D.MP4
[20:58:44.629] [T1] detail | done C:\Users\tsusa\Videos\액션캠 원본\20260906\DJI_20260906110714_0025_D.JPG
[20:58:44.630] [T1] detail | done C:\Users\tsusa\Videos\액션캠 원본\20260906\DJI_20260906110758_0027_D.JPG
[20:58:44.630] [T1] detail | done C:\Users\tsusa\Videos\액션캠 원본\20260906\DJI_20260906110725_0026_D.JPG
[20:58:44.662] [T1] tiles | fill shell C:\Users\tsusa\Videos\액션캠 원본\20260906\DJI_20260906093315_0019_D.MP4
[20:58:44.668] [T1] tiles | fill shell C:\Users\tsusa\Videos\액션캠 원본\20260906\DJI_20260906093416_0020_D.MP4
[20:58:44.668] [T1] tiles | fill shell C:\Users\tsusa\Videos\액션캠 원본\20260906\DJI_20260906093733_0021_D.MP4
[20:58:44.668] [T1] tiles | fill shell C:\Users\tsusa\Videos\액션캠 원본\20260906\DJI_20260906094259_0022_D.MP4
[20:58:44.669] [T1] tiles | fill shell C:\Users\tsusa\Videos\액션캠 원본\20260906\DJI_20260906110108_0024_D.MP4
[20:58:44.669] [T1] tiles | fill shell C:\Users\tsusa\Videos\액션캠 원본\20260906\DJI_20260906110714_0025_D.JPG
[20:58:44.669] [T1] tiles | fill shell C:\Users\tsusa\Videos\액션캠 원본\20260906\DJI_20260906110725_0026_D.JPG
[20:58:44.669] [T1] tiles | fill shell C:\Users\tsusa\Videos\액션캠 원본\20260906\DJI_20260906110758_0027_D.JPG
[20:58:44.670] [T1] tiles | fill shell C:\Users\tsusa\Videos\액션캠 원본\20260906\DJI_20260906110839_0028_D.JPG
[20:58:44.670] [T1] tiles | fill shell C:\Users\tsusa\Videos\액션캠 원본\20260906\DJI_20260906110852_0029_D.JPG
[20:58:44.670] [T1] tiles | fill shell C:\Users\tsusa\Videos\액션캠 원본\20260906\DJI_20260906110857_0030_D.JPG
[20:58:44.670] [T1] tiles | fill shell C:\Users\tsusa\Videos\액션캠 원본\20260906\DJI_20260906111053_0031_D.JPG
[20:58:44.670] [T1] tiles | fill shell C:\Users\tsusa\Videos\액션캠 원본\20260906\DJI_20260906111056_0032_D.JPG
[20:58:44.671] [T1] tiles | fill shell C:\Users\tsusa\Videos\액션캠 원본\20260906\DJI_20260906111116_0033_D.JPG
[20:58:44.671] [T1] tiles | fill shell C:\Users\tsusa\Videos\액션캠 원본\20260906\DJI_20260906111121_0034_D.JPG
[20:58:44.671] [T1] tiles | fill shell C:\Users\tsusa\Videos\액션캠 원본\20260906\DJI_20260906111247_0035_D.JPG
[20:58:44.671] [T1] tiles | fill shell C:\Users\tsusa\Videos\액션캠 원본\20260906\DJI_20260906111451_0036_D.JPG
[20:58:44.671] [T1] tiles | fill shell C:\Users\tsusa\Videos\액션캠 원본\20260906\DJI_20260906111503_0037_D.JPG
[20:58:44.672] [T1] tiles | fill shell C:\Users\tsusa\Videos\액션캠 원본\20260906\DJI_20260906111513_0038_D.JPG
[20:58:44.672] [T1] tiles | fill shell C:\Users\tsusa\Videos\액션캠 원본\20260906\DJI_20260906111523_0039_D.JPG
[20:58:44.679] [T1] detail | done C:\Users\tsusa\Videos\액션캠 원본\20260906\DJI_20260906110852_0029_D.JPG
[20:58:44.680] [T1] detail | done C:\Users\tsusa\Videos\액션캠 원본\20260906\DJI_20260906110839_0028_D.JPG
[20:58:44.680] [T1] detail | done C:\Users\tsusa\Videos\액션캠 원본\20260906\DJI_20260906110857_0030_D.JPG
[20:58:44.734] [T1] detail | done C:\Users\tsusa\Videos\액션캠 원본\20260906\DJI_20260906111116_0033_D.JPG
[20:58:44.735] [T1] detail | done C:\Users\tsusa\Videos\액션캠 원본\20260906\DJI_20260906111056_0032_D.JPG
[20:58:44.735] [T1] detail | done C:\Users\tsusa\Videos\액션캠 원본\20260906\DJI_20260906111053_0031_D.JPG
[20:58:44.743] [T1] tiles | phase0 C:\Users\tsusa\Videos\액션캠 원본\20260906\DJI_20260906112534_0040_D.JPG
[20:58:44.745] [T1] tiles | phase0 C:\Users\tsusa\Videos\액션캠 원본\20260906\DJI_20260906112539_0041_D.JPG
[20:58:44.748] [T1] tiles | phase0 C:\Users\tsusa\Videos\액션캠 원본\20260906\DJI_20260906112544_0042_D.JPG
[20:58:44.750] [T1] tiles | phase0 C:\Users\tsusa\Videos\액션캠 원본\20260906\DJI_20260906112557_0043_D.MP4
[20:58:44.773] [T1] detail | done C:\Users\tsusa\Videos\액션캠 원본\20260906\DJI_20260906111121_0034_D.JPG
[20:58:44.773] [T1] detail | done C:\Users\tsusa\Videos\액션캠 원본\20260906\DJI_20260906111451_0036_D.JPG
[20:58:44.773] [T1] detail | done C:\Users\tsusa\Videos\액션캠 원본\20260906\DJI_20260906111247_0035_D.JPG
[20:58:44.775] [T1] tiles | fill shell C:\Users\tsusa\Videos\액션캠 원본\20260906\DJI_20260906112534_0040_D.JPG
[20:58:44.776] [T1] tiles | fill shell C:\Users\tsusa\Videos\액션캠 원본\20260906\DJI_20260906112539_0041_D.JPG
[20:58:44.776] [T1] tiles | fill shell C:\Users\tsusa\Videos\액션캠 원본\20260906\DJI_20260906112544_0042_D.JPG
[20:58:44.777] [T1] tiles | fill shell C:\Users\tsusa\Videos\액션캠 원본\20260906\DJI_20260906112557_0043_D.MP4
[20:58:44.797] [T1] tiles | shell done C:\Users\tsusa\Videos\액션캠 원본\20260906\DJI_20260906093315_0019_D.MP4
[20:58:44.798] [T1] tiles | shell done C:\Users\tsusa\Videos\액션캠 원본\20260906\DJI_20260906093416_0020_D.MP4
[20:58:44.799] [T1] tiles | shell done C:\Users\tsusa\Videos\액션캠 원본\20260906\DJI_20260906093733_0021_D.MP4
[20:58:44.818] [T1] detail | done C:\Users\tsusa\Videos\액션캠 원본\20260906\DJI_20260906111503_0037_D.JPG
[20:58:44.818] [T1] detail | done C:\Users\tsusa\Videos\액션캠 원본\20260906\DJI_20260906111523_0039_D.JPG
[20:58:44.818] [T1] detail | done C:\Users\tsusa\Videos\액션캠 원본\20260906\DJI_20260906111513_0038_D.JPG
[20:58:44.858] [T1] detail | done C:\Users\tsusa\Videos\액션캠 원본\20260906\DJI_20260906112539_0041_D.JPG
[20:58:44.858] [T1] detail | done C:\Users\tsusa\Videos\액션캠 원본\20260906\DJI_20260906112544_0042_D.JPG
[20:58:44.859] [T1] detail | done C:\Users\tsusa\Videos\액션캠 원본\20260906\DJI_20260906112534_0040_D.JPG
[20:58:44.868] [T1] tiles | shell done C:\Users\tsusa\Videos\액션캠 원본\20260906\DJI_20260906094259_0022_D.MP4
[20:58:44.870] [T1] tiles | shell done C:\Users\tsusa\Videos\액션캠 원본\20260906\DJI_20260906110108_0024_D.MP4
[20:58:44.871] [T1] tiles | shell done C:\Users\tsusa\Videos\액션캠 원본\20260906\DJI_20260906110714_0025_D.JPG
[20:58:44.908] [T1] detail | done C:\Users\tsusa\Videos\액션캠 원본\20260906\DJI_20260906112557_0043_D.MP4
[20:58:44.922] [T1] tiles | shell done C:\Users\tsusa\Videos\액션캠 원본\20260906\DJI_20260906110758_0027_D.JPG
[20:58:44.922] [T1] tiles | shell done C:\Users\tsusa\Videos\액션캠 원본\20260906\DJI_20260906110839_0028_D.JPG
[20:58:44.923] [T1] tiles | shell done C:\Users\tsusa\Videos\액션캠 원본\20260906\DJI_20260906110725_0026_D.JPG
[20:58:44.963] [T1] tiles | shell done C:\Users\tsusa\Videos\액션캠 원본\20260906\DJI_20260906110852_0029_D.JPG
[20:58:44.964] [T1] tiles | shell done C:\Users\tsusa\Videos\액션캠 원본\20260906\DJI_20260906110857_0030_D.JPG
[20:58:44.967] [T1] tiles | shell done C:\Users\tsusa\Videos\액션캠 원본\20260906\DJI_20260906111053_0031_D.JPG
[20:58:44.995] [T1] tiles | shell done C:\Users\tsusa\Videos\액션캠 원본\20260906\DJI_20260906111121_0034_D.JPG
[20:58:44.996] [T1] tiles | shell done C:\Users\tsusa\Videos\액션캠 원본\20260906\DJI_20260906111116_0033_D.JPG
[20:58:44.996] [T1] tiles | shell done C:\Users\tsusa\Videos\액션캠 원본\20260906\DJI_20260906111056_0032_D.JPG
[20:58:45.036] [T1] tiles | shell done C:\Users\tsusa\Videos\액션캠 원본\20260906\DJI_20260906111247_0035_D.JPG
[20:58:45.037] [T1] tiles | shell done C:\Users\tsusa\Videos\액션캠 원본\20260906\DJI_20260906111451_0036_D.JPG
[20:58:45.038] [T1] tiles | shell done C:\Users\tsusa\Videos\액션캠 원본\20260906\DJI_20260906111503_0037_D.JPG
[20:58:45.063] [T1] tiles | shell done C:\Users\tsusa\Videos\액션캠 원본\20260906\DJI_20260906112534_0040_D.JPG
[20:58:45.064] [T1] tiles | shell done C:\Users\tsusa\Videos\액션캠 원본\20260906\DJI_20260906111523_0039_D.JPG
[20:58:45.071] [T1] tiles | shell done C:\Users\tsusa\Videos\액션캠 원본\20260906\DJI_20260906111513_0038_D.JPG
[20:58:45.100] [T1] tiles | shell done C:\Users\tsusa\Videos\액션캠 원본\20260906\DJI_20260906112557_0043_D.MP4
[20:58:45.101] [T1] tiles | shell done C:\Users\tsusa\Videos\액션캠 원본\20260906\DJI_20260906112539_0041_D.JPG
[20:58:45.101] [T1] tiles | shell done C:\Users\tsusa\Videos\액션캠 원본\20260906\DJI_20260906112544_0042_D.JPG
[20:59:27.064] [T1] nav | NavigateToAsync C:\Users\tsusa exts=48
[20:59:27.065] [T1] list | recycle C:\Users\tsusa\Videos\액션캠 원본\20260906\DJI_20260906093315_0019_D.MP4
[20:59:27.065] [T1] list | ForceFinish(recycle)
[20:59:27.066] [T1] list | recycle C:\Users\tsusa\Videos\액션캠 원본\20260906\DJI_20260906093416_0020_D.MP4
[20:59:27.066] [T1] list | ForceFinish(recycle)
[20:59:27.066] [T1] list | recycle C:\Users\tsusa\Videos\액션캠 원본\20260906\DJI_20260906093733_0021_D.MP4
[20:59:27.066] [T1] list | ForceFinish(recycle)
[20:59:27.066] [T1] list | recycle C:\Users\tsusa\Videos\액션캠 원본\20260906\DJI_20260906094259_0022_D.MP4
[20:59:27.066] [T1] list | ForceFinish(recycle)
[20:59:27.066] [T1] list | recycle C:\Users\tsusa\Videos\액션캠 원본\20260906\DJI_20260906110108_0024_D.MP4
[20:59:27.066] [T1] list | ForceFinish(recycle)
[20:59:27.066] [T1] list | recycle C:\Users\tsusa\Videos\액션캠 원본\20260906\DJI_20260906110714_0025_D.JPG
[20:59:27.066] [T1] list | ForceFinish(recycle)
[20:59:27.066] [T1] list | recycle C:\Users\tsusa\Videos\액션캠 원본\20260906\DJI_20260906110725_0026_D.JPG
[20:59:27.066] [T1] list | ForceFinish(recycle)
[20:59:27.066] [T1] list | recycle C:\Users\tsusa\Videos\액션캠 원본\20260906\DJI_20260906110758_0027_D.JPG
[20:59:27.066] [T1] list | ForceFinish(recycle)
[20:59:27.066] [T1] list | recycle C:\Users\tsusa\Videos\액션캠 원본\20260906\DJI_20260906110839_0028_D.JPG
[20:59:27.066] [T1] list | ForceFinish(recycle)
[20:59:27.066] [T1] list | recycle C:\Users\tsusa\Videos\액션캠 원본\20260906\DJI_20260906110852_0029_D.JPG
[20:59:27.066] [T1] list | ForceFinish(recycle)
[20:59:27.066] [T1] list | recycle C:\Users\tsusa\Videos\액션캠 원본\20260906\DJI_20260906110857_0030_D.JPG
[20:59:27.066] [T1] list | ForceFinish(recycle)
[20:59:27.066] [T1] list | recycle C:\Users\tsusa\Videos\액션캠 원본\20260906\DJI_20260906111053_0031_D.JPG
[20:59:27.066] [T1] list | ForceFinish(recycle)
[20:59:27.066] [T1] list | recycle C:\Users\tsusa\Videos\액션캠 원본\20260906\DJI_20260906111056_0032_D.JPG
[20:59:27.066] [T1] list | ForceFinish(recycle)
[20:59:27.066] [T1] list | recycle C:\Users\tsusa\Videos\액션캠 원본\20260906\DJI_20260906111116_0033_D.JPG
[20:59:27.066] [T1] list | ForceFinish(recycle)
[20:59:27.066] [T1] list | recycle C:\Users\tsusa\Videos\액션캠 원본\20260906\DJI_20260906111121_0034_D.JPG
[20:59:27.066] [T1] list | ForceFinish(recycle)
[20:59:27.066] [T1] list | recycle C:\Users\tsusa\Videos\액션캠 원본\20260906\DJI_20260906111247_0035_D.JPG
[20:59:27.066] [T1] list | ForceFinish(recycle)
[20:59:27.066] [T1] list | recycle C:\Users\tsusa\Videos\액션캠 원본\20260906\DJI_20260906111451_0036_D.JPG
[20:59:27.066] [T1] list | ForceFinish(recycle)
[20:59:27.066] [T1] list | recycle C:\Users\tsusa\Videos\액션캠 원본\20260906\DJI_20260906111503_0037_D.JPG
[20:59:27.066] [T1] list | ForceFinish(recycle)
[20:59:27.066] [T1] list | recycle C:\Users\tsusa\Videos\액션캠 원본\20260906\DJI_20260906111513_0038_D.JPG
[20:59:27.066] [T1] list | ForceFinish(recycle)
[20:59:27.066] [T1] list | recycle C:\Users\tsusa\Videos\액션캠 원본\20260906\DJI_20260906111523_0039_D.JPG
[20:59:27.066] [T1] list | ForceFinish(recycle)
[20:59:27.066] [T1] list | recycle C:\Users\tsusa\Videos\액션캠 원본\20260906\DJI_20260906112534_0040_D.JPG
[20:59:27.066] [T1] list | ForceFinish(recycle)
[20:59:27.066] [T1] list | recycle C:\Users\tsusa\Videos\액션캠 원본\20260906\DJI_20260906112539_0041_D.JPG
[20:59:27.066] [T1] list | ForceFinish(recycle)
[20:59:27.066] [T1] list | recycle C:\Users\tsusa\Videos\액션캠 원본\20260906\DJI_20260906112544_0042_D.JPG
[20:59:27.066] [T1] list | ForceFinish(recycle)
[20:59:27.066] [T1] list | recycle C:\Users\tsusa\Videos\액션캠 원본\20260906\DJI_20260906112557_0043_D.MP4
[20:59:27.066] [T1] list | ForceFinish(recycle)
[20:59:27.067] [T1] tiles | ShowLoading C:\Users\tsusa
[20:59:27.067] [T1] tiles | recycle C:\Users\tsusa\Videos\액션캠 원본\20260906\DJI_20260906093315_0019_D.MP4
[20:59:27.067] [T1] tiles | recycle C:\Users\tsusa\Videos\액션캠 원본\20260906\DJI_20260906093416_0020_D.MP4
[20:59:27.067] [T1] tiles | recycle C:\Users\tsusa\Videos\액션캠 원본\20260906\DJI_20260906093733_0021_D.MP4
[20:59:27.067] [T1] tiles | recycle C:\Users\tsusa\Videos\액션캠 원본\20260906\DJI_20260906094259_0022_D.MP4
[20:59:27.067] [T1] tiles | recycle C:\Users\tsusa\Videos\액션캠 원본\20260906\DJI_20260906110108_0024_D.MP4
[20:59:27.067] [T1] tiles | recycle C:\Users\tsusa\Videos\액션캠 원본\20260906\DJI_20260906110714_0025_D.JPG
[20:59:27.067] [T1] tiles | recycle C:\Users\tsusa\Videos\액션캠 원본\20260906\DJI_20260906110725_0026_D.JPG
[20:59:27.068] [T1] tiles | recycle C:\Users\tsusa\Videos\액션캠 원본\20260906\DJI_20260906110758_0027_D.JPG
[20:59:27.068] [T1] tiles | recycle C:\Users\tsusa\Videos\액션캠 원본\20260906\DJI_20260906110839_0028_D.JPG
[20:59:27.068] [T1] tiles | recycle C:\Users\tsusa\Videos\액션캠 원본\20260906\DJI_20260906110852_0029_D.JPG
[20:59:27.068] [T1] tiles | recycle C:\Users\tsusa\Videos\액션캠 원본\20260906\DJI_20260906110857_0030_D.JPG
[20:59:27.068] [T1] tiles | recycle C:\Users\tsusa\Videos\액션캠 원본\20260906\DJI_20260906111053_0031_D.JPG
[20:59:27.068] [T1] tiles | recycle C:\Users\tsusa\Videos\액션캠 원본\20260906\DJI_20260906111056_0032_D.JPG
[20:59:27.068] [T1] tiles | recycle C:\Users\tsusa\Videos\액션캠 원본\20260906\DJI_20260906111116_0033_D.JPG
[20:59:27.068] [T1] tiles | recycle C:\Users\tsusa\Videos\액션캠 원본\20260906\DJI_20260906111121_0034_D.JPG
[20:59:27.068] [T1] tiles | recycle C:\Users\tsusa\Videos\액션캠 원본\20260906\DJI_20260906111247_0035_D.JPG
[20:59:27.068] [T1] tiles | recycle C:\Users\tsusa\Videos\액션캠 원본\20260906\DJI_20260906111451_0036_D.JPG
[20:59:27.068] [T1] tiles | recycle C:\Users\tsusa\Videos\액션캠 원본\20260906\DJI_20260906111503_0037_D.JPG
[20:59:27.068] [T1] tiles | recycle C:\Users\tsusa\Videos\액션캠 원본\20260906\DJI_20260906111513_0038_D.JPG
[20:59:27.068] [T1] tiles | recycle C:\Users\tsusa\Videos\액션캠 원본\20260906\DJI_20260906111523_0039_D.JPG
[20:59:27.069] [T1] tiles | recycle C:\Users\tsusa\Videos\액션캠 원본\20260906\DJI_20260906112534_0040_D.JPG
[20:59:27.069] [T1] tiles | recycle C:\Users\tsusa\Videos\액션캠 원본\20260906\DJI_20260906112539_0041_D.JPG
[20:59:27.069] [T1] tiles | recycle C:\Users\tsusa\Videos\액션캠 원본\20260906\DJI_20260906112544_0042_D.JPG
[20:59:27.069] [T1] tiles | recycle C:\Users\tsusa\Videos\액션캠 원본\20260906\DJI_20260906112557_0043_D.MP4
[20:59:27.070] [T1] nav | scan done C:\Users\tsusa count=15
[20:59:27.070] [T1] nav | RefreshView C:\Users\tsusa count=15
[20:59:27.076] [T1] tiles | ShowEntries C:\Users\tsusa count=15
[20:59:27.077] [T1] tiles | phase0 C:\Users\tsusa\.lmstudio
[20:59:27.079] [T1] tiles | phase0 C:\Users\tsusa\ansel
[20:59:27.082] [T1] tiles | phase0 C:\Users\tsusa\Contacts
[20:59:27.084] [T1] tiles | phase0 C:\Users\tsusa\CrossDevice
[20:59:27.086] [T1] tiles | phase0 C:\Users\tsusa\Documents
[20:59:27.088] [T1] tiles | phase0 C:\Users\tsusa\Downloads
[20:59:27.089] [T1] tiles | phase0 C:\Users\tsusa\Favorites
[20:59:27.091] [T1] tiles | phase0 C:\Users\tsusa\Links
[20:59:27.093] [T1] tiles | phase0 C:\Users\tsusa\Music
[20:59:27.095] [T1] tiles | phase0 C:\Users\tsusa\OneDrive
[20:59:27.097] [T1] tiles | phase0 C:\Users\tsusa\OneDrive - Automanix
[20:59:27.099] [T1] tiles | phase0 C:\Users\tsusa\Saved Games
[20:59:27.100] [T1] tiles | phase0 C:\Users\tsusa\Searches
[20:59:27.102] [T1] tiles | phase0 C:\Users\tsusa\Videos
[20:59:27.103] [T1] tiles | phase0 C:\Users\tsusa\mercurial.ini
[20:59:27.107] [T1] list | phase0 C:\Users\tsusa\.lmstudio
[20:59:27.109] [T1] list | phase0 C:\Users\tsusa\ansel
[20:59:27.113] [T1] list | phase0 C:\Users\tsusa\Contacts
[20:59:27.116] [T1] list | phase0 C:\Users\tsusa\CrossDevice
[20:59:27.119] [T1] list | phase0 C:\Users\tsusa\Documents
[20:59:27.122] [T1] list | phase0 C:\Users\tsusa\Downloads
[20:59:27.125] [T1] list | phase0 C:\Users\tsusa\Favorites
[20:59:27.129] [T1] list | phase0 C:\Users\tsusa\Links
[20:59:27.133] [T1] list | phase0 C:\Users\tsusa\Music
[20:59:27.136] [T1] list | phase0 C:\Users\tsusa\OneDrive
[20:59:27.139] [T1] list | phase0 C:\Users\tsusa\OneDrive - Automanix
[20:59:27.142] [T1] list | phase0 C:\Users\tsusa\Saved Games
[20:59:27.146] [T1] list | phase0 C:\Users\tsusa\Searches
[20:59:27.149] [T1] list | phase0 C:\Users\tsusa\Videos
[20:59:27.152] [T1] list | phase0 C:\Users\tsusa\mercurial.ini
[20:59:27.152] [T1] detail | fetch Text C:\Users\tsusa\mercurial.ini
[20:59:27.160] [T1] detail | done C:\Users\tsusa\mercurial.ini
[20:59:27.200] [T1] tiles | fill text C:\Users\tsusa\mercurial.ini
[20:59:27.208] [T1] tiles | text done C:\Users\tsusa\mercurial.ini
[20:59:30.374] [T1] nav | NavigateToAsync C:\Users\tsusa\OneDrive - Automanix exts=48
[20:59:30.375] [T1] list | recycle C:\Users\tsusa\.lmstudio
[20:59:30.375] [T1] list | ForceFinish(recycle)
[20:59:30.375] [T1] list | recycle C:\Users\tsusa\ansel
[20:59:30.375] [T1] list | ForceFinish(recycle)
[20:59:30.375] [T1] list | recycle C:\Users\tsusa\Contacts
[20:59:30.375] [T1] list | ForceFinish(recycle)
[20:59:30.375] [T1] list | recycle C:\Users\tsusa\CrossDevice
[20:59:30.375] [T1] list | ForceFinish(recycle)
[20:59:30.375] [T1] list | recycle C:\Users\tsusa\Documents
[20:59:30.375] [T1] list | ForceFinish(recycle)
[20:59:30.375] [T1] list | recycle C:\Users\tsusa\Downloads
[20:59:30.375] [T1] list | ForceFinish(recycle)
[20:59:30.375] [T1] list | recycle C:\Users\tsusa\Favorites
[20:59:30.375] [T1] list | ForceFinish(recycle)
[20:59:30.375] [T1] list | recycle C:\Users\tsusa\Links
[20:59:30.375] [T1] list | ForceFinish(recycle)
[20:59:30.375] [T1] list | recycle C:\Users\tsusa\Music
[20:59:30.375] [T1] list | ForceFinish(recycle)
[20:59:30.375] [T1] list | recycle C:\Users\tsusa\OneDrive
[20:59:30.375] [T1] list | ForceFinish(recycle)
[20:59:30.375] [T1] list | recycle C:\Users\tsusa\OneDrive - Automanix
[20:59:30.375] [T1] list | ForceFinish(recycle)
[20:59:30.375] [T1] list | recycle C:\Users\tsusa\Saved Games
[20:59:30.375] [T1] list | ForceFinish(recycle)
[20:59:30.375] [T1] list | recycle C:\Users\tsusa\Searches
[20:59:30.375] [T1] list | ForceFinish(recycle)
[20:59:30.375] [T1] list | recycle C:\Users\tsusa\Videos
[20:59:30.375] [T1] list | ForceFinish(recycle)
[20:59:30.375] [T1] list | recycle C:\Users\tsusa\mercurial.ini
[20:59:30.375] [T1] list | ForceFinish(recycle)
[20:59:30.376] [T1] tiles | ShowLoading C:\Users\tsusa\OneDrive - Automanix
[20:59:30.376] [T1] tiles | recycle C:\Users\tsusa\.lmstudio
[20:59:30.376] [T1] tiles | recycle C:\Users\tsusa\ansel
[20:59:30.376] [T1] tiles | recycle C:\Users\tsusa\Contacts
[20:59:30.376] [T1] tiles | recycle C:\Users\tsusa\CrossDevice
[20:59:30.376] [T1] tiles | recycle C:\Users\tsusa\Documents
[20:59:30.376] [T1] tiles | recycle C:\Users\tsusa\Downloads
[20:59:30.376] [T1] tiles | recycle C:\Users\tsusa\Favorites
[20:59:30.376] [T1] tiles | recycle C:\Users\tsusa\Links
[20:59:30.376] [T1] tiles | recycle C:\Users\tsusa\Music
[20:59:30.377] [T1] tiles | recycle C:\Users\tsusa\OneDrive
[20:59:30.377] [T1] tiles | recycle C:\Users\tsusa\OneDrive - Automanix
[20:59:30.377] [T1] tiles | recycle C:\Users\tsusa\Saved Games
[20:59:30.377] [T1] tiles | recycle C:\Users\tsusa\Searches
[20:59:30.377] [T1] tiles | recycle C:\Users\tsusa\Videos
[20:59:30.377] [T1] tiles | recycle C:\Users\tsusa\mercurial.ini
[20:59:30.379] [T1] nav | scan done C:\Users\tsusa\OneDrive - Automanix count=21
[20:59:30.379] [T1] nav | RefreshView C:\Users\tsusa\OneDrive - Automanix count=21
[20:59:30.380] [T1] tiles | ShowEntries C:\Users\tsusa\OneDrive - Automanix count=21
[20:59:30.381] [T1] tiles | phase0 C:\Users\tsusa\OneDrive - Automanix\241127 sandisk 128 백업
[20:59:30.382] [T1] tiles | phase0 C:\Users\tsusa\OneDrive - Automanix\Fw_ Requested AMX Decks
[20:59:30.384] [T1] tiles | phase0 C:\Users\tsusa\OneDrive - Automanix\Microsoft Copilot 채팅 파일
[20:59:30.385] [T1] tiles | phase0 C:\Users\tsusa\OneDrive - Automanix\Microsoft Teams 채팅 파일
[20:59:30.386] [T1] tiles | phase0 C:\Users\tsusa\OneDrive - Automanix\Zwift
[20:59:30.387] [T1] tiles | phase0 C:\Users\tsusa\OneDrive - Automanix\그림
[20:59:30.388] [T1] tiles | phase0 C:\Users\tsusa\OneDrive - Automanix\기록
[20:59:30.389] [T1] tiles | phase0 C:\Users\tsusa\OneDrive - Automanix\모임
[20:59:30.390] [T1] tiles | phase0 C:\Users\tsusa\OneDrive - Automanix\문서
[20:59:30.391] [T1] tiles | phase0 C:\Users\tsusa\OneDrive - Automanix\바탕 화면
[20:59:30.392] [T1] tiles | phase0 C:\Users\tsusa\OneDrive - Automanix\스캔
[20:59:30.393] [T1] tiles | phase0 C:\Users\tsusa\OneDrive - Automanix\앱
[20:59:30.394] [T1] tiles | phase0 C:\Users\tsusa\OneDrive - Automanix\영상편집
[20:59:30.395] [T1] tiles | phase0 C:\Users\tsusa\OneDrive - Automanix\전자 필기장
[20:59:30.396] [T1] tiles | phase0 C:\Users\tsusa\OneDrive - Automanix\첨부 파일
[20:59:30.397] [T1] tiles | phase0 C:\Users\tsusa\OneDrive - Automanix\파이썬 앱
[20:59:30.398] [T1] tiles | phase0 C:\Users\tsusa\OneDrive - Automanix\bitstampUSD_1-min_data_2012-01-01_to_2020-04-22.csv.zip
[20:59:30.399] [T1] tiles | phase0 C:\Users\tsusa\OneDrive - Automanix\coinbaseUSD_1-min_data_2014-12-01_to_2019-01-09.csv.zip
[20:59:30.400] [T1] tiles | phase0 C:\Users\tsusa\OneDrive - Automanix\Fw_ Requested AMX Decks.zip
[20:59:30.401] [T1] tiles | phase0 C:\Users\tsusa\OneDrive - Automanix\vlcsnap-2026-01-18-12h58m03s381.zip
[20:59:30.404] [T1] list | phase0 C:\Users\tsusa\OneDrive - Automanix\241127 sandisk 128 백업
[20:59:30.406] [T1] list | phase0 C:\Users\tsusa\OneDrive - Automanix\Fw_ Requested AMX Decks
[20:59:30.408] [T1] list | phase0 C:\Users\tsusa\OneDrive - Automanix\Microsoft Copilot 채팅 파일
[20:59:30.410] [T1] list | phase0 C:\Users\tsusa\OneDrive - Automanix\Microsoft Teams 채팅 파일
[20:59:30.412] [T1] list | phase0 C:\Users\tsusa\OneDrive - Automanix\Zwift
[20:59:30.415] [T1] list | phase0 C:\Users\tsusa\OneDrive - Automanix\그림
[20:59:30.417] [T1] list | phase0 C:\Users\tsusa\OneDrive - Automanix\기록
[20:59:30.419] [T1] list | phase0 C:\Users\tsusa\OneDrive - Automanix\모임
[20:59:30.421] [T1] list | phase0 C:\Users\tsusa\OneDrive - Automanix\문서
[20:59:30.423] [T1] list | phase0 C:\Users\tsusa\OneDrive - Automanix\바탕 화면
[20:59:30.425] [T1] list | phase0 C:\Users\tsusa\OneDrive - Automanix\스캔
[20:59:30.428] [T1] list | phase0 C:\Users\tsusa\OneDrive - Automanix\앱
[20:59:30.430] [T1] list | phase0 C:\Users\tsusa\OneDrive - Automanix\영상편집
[20:59:30.432] [T1] list | phase0 C:\Users\tsusa\OneDrive - Automanix\전자 필기장
[20:59:30.434] [T1] list | phase0 C:\Users\tsusa\OneDrive - Automanix\첨부 파일
[20:59:30.436] [T1] list | phase0 C:\Users\tsusa\OneDrive - Automanix\파이썬 앱
[20:59:30.439] [T1] list | phase0 C:\Users\tsusa\OneDrive - Automanix\bitstampUSD_1-min_data_2012-01-01_to_2020-04-22.csv.zip
[20:59:30.441] [T1] list | phase0 C:\Users\tsusa\OneDrive - Automanix\coinbaseUSD_1-min_data_2014-12-01_to_2019-01-09.csv.zip
[20:59:30.443] [T1] list | phase0 C:\Users\tsusa\OneDrive - Automanix\Fw_ Requested AMX Decks.zip
[20:59:30.445] [T1] list | phase0 C:\Users\tsusa\OneDrive - Automanix\vlcsnap-2026-01-18-12h58m03s381.zip
[20:59:30.445] [T1] detail | fetch Zip C:\Users\tsusa\OneDrive - Automanix\vlcsnap-2026-01-18-12h58m03s381.zip
[20:59:30.448] [T1] list | phase0 C:\Users\tsusa\OneDrive - Automanix\태원물산_남윤현_미팅_정보요약.pdf
[20:59:30.488] [T1] detail | done C:\Users\tsusa\OneDrive - Automanix\vlcsnap-2026-01-18-12h58m03s381.zip
[20:59:30.495] [T1] tiles | fill shell C:\Users\tsusa\OneDrive - Automanix\bitstampUSD_1-min_data_2012-01-01_to_2020-04-22.csv.zip
[20:59:30.496] [T1] tiles | fill shell C:\Users\tsusa\OneDrive - Automanix\coinbaseUSD_1-min_data_2014-12-01_to_2019-01-09.csv.zip
[20:59:30.496] [T1] tiles | fill shell C:\Users\tsusa\OneDrive - Automanix\Fw_ Requested AMX Decks.zip
[20:59:30.496] [T1] tiles | fill shell C:\Users\tsusa\OneDrive - Automanix\vlcsnap-2026-01-18-12h58m03s381.zip
[20:59:30.527] [T1] tiles | phase0 C:\Users\tsusa\OneDrive - Automanix\태원물산_남윤현_미팅_정보요약.pdf
[20:59:30.532] [T1] tiles | fill shell C:\Users\tsusa\OneDrive - Automanix\태원물산_남윤현_미팅_정보요약.pdf
[20:59:30.578] [T32] exc | COMException:  @ at System.Runtime.ExceptionServices.ExceptionDispatchInfo.Throw()
[20:59:30.578] [T33] exc | COMException:  @ at System.Runtime.ExceptionServices.ExceptionDispatchInfo.Throw()
[20:59:30.578] [T1] exc | COMException:  @ at KOTU.App.ShellFetch.WaitOrThrow[T](IAsyncOperation`1 operation)
[20:59:30.578] [T1] tiles | shell failed C:\Users\tsusa\OneDrive - Automanix\bitstampUSD_1-min_data_2012-01-01_to_2020-04-22.csv.zip COMException: 
[20:59:30.579] [T1] exc | COMException:  @ at KOTU.App.ShellFetch.WaitOrThrow[T](IAsyncOperation`1 operation)
[20:59:30.579] [T1] tiles | shell failed C:\Users\tsusa\OneDrive - Automanix\coinbaseUSD_1-min_data_2014-12-01_to_2019-01-09.csv.zip COMException: 
[20:59:30.600] [T1] tiles | shell done C:\Users\tsusa\OneDrive - Automanix\태원물산_남윤현_미팅_정보요약.pdf
[20:59:37.920] [T1] nav | NavigateToAsync C:\Users\tsusa\OneDrive - Automanix\그림 exts=48
[20:59:37.920] [T1] list | recycle C:\Users\tsusa\OneDrive - Automanix\241127 sandisk 128 백업
[20:59:37.920] [T1] list | ForceFinish(recycle)
[20:59:37.920] [T1] list | recycle C:\Users\tsusa\OneDrive - Automanix\Fw_ Requested AMX Decks
[20:59:37.920] [T1] list | ForceFinish(recycle)
[20:59:37.920] [T1] list | recycle C:\Users\tsusa\OneDrive - Automanix\Microsoft Copilot 채팅 파일
[20:59:37.920] [T1] list | ForceFinish(recycle)
[20:59:37.920] [T1] list | recycle C:\Users\tsusa\OneDrive - Automanix\Microsoft Teams 채팅 파일
[20:59:37.920] [T1] list | ForceFinish(recycle)
[20:59:37.920] [T1] list | recycle C:\Users\tsusa\OneDrive - Automanix\Zwift
[20:59:37.920] [T1] list | ForceFinish(recycle)
[20:59:37.920] [T1] list | recycle C:\Users\tsusa\OneDrive - Automanix\그림
[20:59:37.920] [T1] list | ForceFinish(recycle)
[20:59:37.920] [T1] list | recycle C:\Users\tsusa\OneDrive - Automanix\기록
[20:59:37.920] [T1] list | ForceFinish(recycle)
[20:59:37.920] [T1] list | recycle C:\Users\tsusa\OneDrive - Automanix\모임
[20:59:37.920] [T1] list | ForceFinish(recycle)
[20:59:37.920] [T1] list | recycle C:\Users\tsusa\OneDrive - Automanix\문서
[20:59:37.920] [T1] list | ForceFinish(recycle)
[20:59:37.920] [T1] list | recycle C:\Users\tsusa\OneDrive - Automanix\바탕 화면
[20:59:37.920] [T1] list | ForceFinish(recycle)
[20:59:37.920] [T1] list | recycle C:\Users\tsusa\OneDrive - Automanix\스캔
[20:59:37.920] [T1] list | ForceFinish(recycle)
[20:59:37.920] [T1] list | recycle C:\Users\tsusa\OneDrive - Automanix\앱
[20:59:37.920] [T1] list | ForceFinish(recycle)
[20:59:37.921] [T1] list | recycle C:\Users\tsusa\OneDrive - Automanix\영상편집
[20:59:37.921] [T1] list | ForceFinish(recycle)
[20:59:37.921] [T1] list | recycle C:\Users\tsusa\OneDrive - Automanix\전자 필기장
[20:59:37.921] [T1] list | ForceFinish(recycle)
[20:59:37.921] [T1] list | recycle C:\Users\tsusa\OneDrive - Automanix\첨부 파일
[20:59:37.921] [T1] list | ForceFinish(recycle)
[20:59:37.921] [T1] list | recycle C:\Users\tsusa\OneDrive - Automanix\파이썬 앱
[20:59:37.921] [T1] list | ForceFinish(recycle)
[20:59:37.921] [T1] list | recycle C:\Users\tsusa\OneDrive - Automanix\bitstampUSD_1-min_data_2012-01-01_to_2020-04-22.csv.zip
[20:59:37.921] [T1] list | ForceFinish(recycle)
[20:59:37.921] [T1] list | recycle C:\Users\tsusa\OneDrive - Automanix\coinbaseUSD_1-min_data_2014-12-01_to_2019-01-09.csv.zip
[20:59:37.921] [T1] list | ForceFinish(recycle)
[20:59:37.921] [T1] list | recycle C:\Users\tsusa\OneDrive - Automanix\Fw_ Requested AMX Decks.zip
[20:59:37.921] [T1] list | ForceFinish(recycle)
[20:59:37.921] [T1] list | recycle C:\Users\tsusa\OneDrive - Automanix\vlcsnap-2026-01-18-12h58m03s381.zip
[20:59:37.921] [T1] list | ForceFinish(recycle)
[20:59:37.921] [T1] list | recycle C:\Users\tsusa\OneDrive - Automanix\태원물산_남윤현_미팅_정보요약.pdf
[20:59:37.921] [T1] list | ForceFinish(recycle)
[20:59:37.921] [T1] tiles | ShowLoading C:\Users\tsusa\OneDrive - Automanix\그림
[20:59:37.921] [T1] tiles | recycle C:\Users\tsusa\OneDrive - Automanix\241127 sandisk 128 백업
[20:59:37.921] [T1] tiles | recycle C:\Users\tsusa\OneDrive - Automanix\Fw_ Requested AMX Decks
[20:59:37.921] [T1] tiles | recycle C:\Users\tsusa\OneDrive - Automanix\Microsoft Copilot 채팅 파일
[20:59:37.921] [T1] tiles | recycle C:\Users\tsusa\OneDrive - Automanix\Microsoft Teams 채팅 파일
[20:59:37.921] [T1] tiles | recycle C:\Users\tsusa\OneDrive - Automanix\Zwift
[20:59:37.921] [T1] tiles | recycle C:\Users\tsusa\OneDrive - Automanix\그림
[20:59:37.921] [T1] tiles | recycle C:\Users\tsusa\OneDrive - Automanix\기록
[20:59:37.921] [T1] tiles | recycle C:\Users\tsusa\OneDrive - Automanix\모임
[20:59:37.922] [T1] tiles | recycle C:\Users\tsusa\OneDrive - Automanix\문서
[20:59:37.922] [T1] tiles | recycle C:\Users\tsusa\OneDrive - Automanix\바탕 화면
[20:59:37.922] [T1] tiles | recycle C:\Users\tsusa\OneDrive - Automanix\스캔
[20:59:37.922] [T1] tiles | recycle C:\Users\tsusa\OneDrive - Automanix\앱
[20:59:37.922] [T1] tiles | recycle C:\Users\tsusa\OneDrive - Automanix\영상편집
[20:59:37.922] [T1] tiles | recycle C:\Users\tsusa\OneDrive - Automanix\전자 필기장
[20:59:37.922] [T1] tiles | recycle C:\Users\tsusa\OneDrive - Automanix\첨부 파일
[20:59:37.922] [T1] tiles | recycle C:\Users\tsusa\OneDrive - Automanix\파이썬 앱
[20:59:37.922] [T1] tiles | recycle C:\Users\tsusa\OneDrive - Automanix\bitstampUSD_1-min_data_2012-01-01_to_2020-04-22.csv.zip
[20:59:37.922] [T1] tiles | recycle C:\Users\tsusa\OneDrive - Automanix\coinbaseUSD_1-min_data_2014-12-01_to_2019-01-09.csv.zip
[20:59:37.922] [T1] tiles | recycle C:\Users\tsusa\OneDrive - Automanix\Fw_ Requested AMX Decks.zip
[20:59:37.922] [T1] tiles | recycle C:\Users\tsusa\OneDrive - Automanix\vlcsnap-2026-01-18-12h58m03s381.zip
[20:59:37.922] [T1] tiles | recycle C:\Users\tsusa\OneDrive - Automanix\태원물산_남윤현_미팅_정보요약.pdf
[20:59:37.924] [T1] nav | scan done C:\Users\tsusa\OneDrive - Automanix\그림 count=68
[20:59:37.924] [T1] nav | RefreshView C:\Users\tsusa\OneDrive - Automanix\그림 count=68
[20:59:37.925] [T1] tiles | ShowEntries C:\Users\tsusa\OneDrive - Automanix\그림 count=68
[20:59:37.926] [T1] tiles | phase0 C:\Users\tsusa\OneDrive - Automanix\그림\240323 강가 별장
[20:59:37.927] [T1] tiles | phase0 C:\Users\tsusa\OneDrive - Automanix\그림\aaa
[20:59:37.929] [T1] tiles | phase0 C:\Users\tsusa\OneDrive - Automanix\그림\bbb
[20:59:37.930] [T1] tiles | phase0 C:\Users\tsusa\OneDrive - Automanix\그림\ccc
[20:59:37.931] [T1] tiles | phase0 C:\Users\tsusa\OneDrive - Automanix\그림\ddd
[20:59:37.932] [T1] tiles | phase0 C:\Users\tsusa\OneDrive - Automanix\그림\Feedback
[20:59:37.934] [T1] tiles | phase0 C:\Users\tsusa\OneDrive - Automanix\그림\Saved Pictures
[20:59:37.935] [T1] tiles | phase0 C:\Users\tsusa\OneDrive - Automanix\그림\Scan
[20:59:37.936] [T1] tiles | phase0 C:\Users\tsusa\OneDrive - Automanix\그림\Screenshots
[20:59:37.938] [T1] tiles | phase0 C:\Users\tsusa\OneDrive - Automanix\그림\Zwift
[20:59:37.939] [T1] tiles | phase0 C:\Users\tsusa\OneDrive - Automanix\그림\바탕화면
[20:59:37.940] [T1] tiles | phase0 C:\Users\tsusa\OneDrive - Automanix\그림\스캔
[20:59:37.941] [T1] tiles | phase0 C:\Users\tsusa\OneDrive - Automanix\그림\스크린샷
[20:59:37.942] [T1] tiles | phase0 C:\Users\tsusa\OneDrive - Automanix\그림\카메라 앨범
[20:59:37.943] [T1] tiles | phase0 C:\Users\tsusa\OneDrive - Automanix\그림\220731 강화도.mp4_005246116.jpeg
[20:59:37.944] [T1] tiles | phase0 C:\Users\tsusa\OneDrive - Automanix\그림\220731 강화도.mp4_005246116.jpg
[20:59:37.945] [T1] tiles | phase0 C:\Users\tsusa\OneDrive - Automanix\그림\220731 강화도.mp4_005246116.png
[20:59:37.946] [T1] tiles | phase0 C:\Users\tsusa\OneDrive - Automanix\그림\AMX.jpg
[20:59:37.947] [T1] tiles | phase0 C:\Users\tsusa\OneDrive - Automanix\그림\ARS-로고디자인_원본파일.png
[20:59:37.948] [T1] tiles | phase0 C:\Users\tsusa\OneDrive - Automanix\그림\DALL·E 2024-07-22 16.05.33 - Simplified version of a logo for 'Automotive Research Solution' with the main elements being 'ARS' in a bold font and a sleek, modern car silhouette. .webp
[20:59:37.951] [T1] list | phase0 C:\Users\tsusa\OneDrive - Automanix\그림\240323 강가 별장
[20:59:37.953] [T1] list | phase0 C:\Users\tsusa\OneDrive - Automanix\그림\aaa
[20:59:37.956] [T1] list | phase0 C:\Users\tsusa\OneDrive - Automanix\그림\bbb
[20:59:37.958] [T1] list | phase0 C:\Users\tsusa\OneDrive - Automanix\그림\ccc
[20:59:37.961] [T1] list | phase0 C:\Users\tsusa\OneDrive - Automanix\그림\ddd
[20:59:37.964] [T1] list | phase0 C:\Users\tsusa\OneDrive - Automanix\그림\Feedback
[20:59:37.967] [T1] list | phase0 C:\Users\tsusa\OneDrive - Automanix\그림\Saved Pictures
[20:59:37.970] [T1] list | phase0 C:\Users\tsusa\OneDrive - Automanix\그림\Scan
[20:59:37.972] [T1] list | phase0 C:\Users\tsusa\OneDrive - Automanix\그림\Screenshots
[20:59:37.975] [T1] list | phase0 C:\Users\tsusa\OneDrive - Automanix\그림\Zwift
[20:59:37.978] [T1] list | phase0 C:\Users\tsusa\OneDrive - Automanix\그림\바탕화면
[20:59:37.981] [T1] list | phase0 C:\Users\tsusa\OneDrive - Automanix\그림\스캔
[20:59:37.984] [T1] list | phase0 C:\Users\tsusa\OneDrive - Automanix\그림\스크린샷
[20:59:37.986] [T1] list | phase0 C:\Users\tsusa\OneDrive - Automanix\그림\카메라 앨범
[20:59:37.990] [T1] list | phase0 C:\Users\tsusa\OneDrive - Automanix\그림\220731 강화도.mp4_005246116.jpeg
[20:59:37.993] [T1] list | phase0 C:\Users\tsusa\OneDrive - Automanix\그림\220731 강화도.mp4_005246116.jpg
[20:59:37.996] [T1] list | phase0 C:\Users\tsusa\OneDrive - Automanix\그림\220731 강화도.mp4_005246116.png
[20:59:37.999] [T1] list | phase0 C:\Users\tsusa\OneDrive - Automanix\그림\AMX.jpg
[20:59:38.002] [T1] list | phase0 C:\Users\tsusa\OneDrive - Automanix\그림\ARS-로고디자인_원본파일.png
[20:59:38.005] [T1] list | phase0 C:\Users\tsusa\OneDrive - Automanix\그림\DALL·E 2024-07-22 16.05.33 - Simplified version of a logo for 'Automotive Research Solution' with the main elements being 'ARS' in a bold font and a sleek, modern car silhouette. .webp
[20:59:38.008] [T1] list | phase0 C:\Users\tsusa\OneDrive - Automanix\그림\KakaoTalk_20200117_092011491.png
[20:59:38.011] [T1] list | phase0 C:\Users\tsusa\OneDrive - Automanix\그림\KakaoTalk_20240703_110337676.jpg
[20:59:38.014] [T1] list | phase0 C:\Users\tsusa\OneDrive - Automanix\그림\pexels-pixabay-37347.jpg
[20:59:38.016] [T1] list | phase0 C:\Users\tsusa\OneDrive - Automanix\그림\pexels-polina-zimmerman-3778619.jpg
[20:59:38.019] [T1] list | phase0 C:\Users\tsusa\OneDrive - Automanix\그림\PXL_20220709_232639106_2.jpg
[20:59:38.022] [T1] list | phase0 C:\Users\tsusa\OneDrive - Automanix\그림\PXL_20220714_125035942_2.jpg
[20:59:38.024] [T1] list | phase0 C:\Users\tsusa\OneDrive - Automanix\그림\PXL_20220714_125148380_2.jpg
[20:59:38.027] [T1] list | phase0 C:\Users\tsusa\OneDrive - Automanix\그림\PXL_20220719_121308973_2.jpg
[20:59:38.029] [T1] list | phase0 C:\Users\tsusa\OneDrive - Automanix\그림\PXL_20220726_125747369_2.jpg
[20:59:38.031] [T1] list | phase0 C:\Users\tsusa\OneDrive - Automanix\그림\PXL_20220804_125449327_2.jpg
[20:59:38.034] [T1] list | phase0 C:\Users\tsusa\OneDrive - Automanix\그림\PXL_20220812_121956977_2.jpg
[20:59:38.125] [T1] tiles | fill cached C:\Users\tsusa\OneDrive - Automanix\그림\220731 강화도.mp4_005246116.jpeg
[20:59:38.129] [T1] tiles | fill cached C:\Users\tsusa\OneDrive - Automanix\그림\220731 강화도.mp4_005246116.jpg
[20:59:38.129] [T1] tiles | fill cached C:\Users\tsusa\OneDrive - Automanix\그림\220731 강화도.mp4_005246116.png
[20:59:38.130] [T1] tiles | fill cached C:\Users\tsusa\OneDrive - Automanix\그림\AMX.jpg
[20:59:38.130] [T1] tiles | fill cached C:\Users\tsusa\OneDrive - Automanix\그림\ARS-로고디자인_원본파일.png
[20:59:38.131] [T1] tiles | fill cached C:\Users\tsusa\OneDrive - Automanix\그림\DALL·E 2024-07-22 16.05.33 - Simplified version of a logo for 'Automotive Research Solution' with the main elements being 'ARS' in a bold font and a sleek, modern car silhouette. .webp
[20:59:38.158] [T1] list | phase0 C:\Users\tsusa\OneDrive - Automanix\그림\PXL_20220813_214558393_2.jpg
[20:59:38.161] [T1] list | phase0 C:\Users\tsusa\OneDrive - Automanix\그림\PXL_20220817_112931072_2.jpg
[20:59:38.172] [T1] list | phase0 C:\Users\tsusa\OneDrive - Automanix\그림\PXL_20220824_112948946_2.jpg
[20:59:38.175] [T1] list | phase0 C:\Users\tsusa\OneDrive - Automanix\그림\PXL_20220827_001839431_2.jpg
[20:59:38.178] [T1] list | phase0 C:\Users\tsusa\OneDrive - Automanix\그림\PXL_20220827_230734531_2.jpg
[20:59:38.194] [T1] list | phase0 C:\Users\tsusa\OneDrive - Automanix\그림\PXL_20220831_130316984_2.jpg
[20:59:38.197] [T1] list | phase0 C:\Users\tsusa\OneDrive - Automanix\그림\PXL_20220902_215631957_3.jpg
[20:59:38.203] [T1] tiles | cached done C:\Users\tsusa\OneDrive - Automanix\그림\ARS-로고디자인_원본파일.png
[20:59:38.204] [T1] tiles | cached done C:\Users\tsusa\OneDrive - Automanix\그림\AMX.jpg
[20:59:38.204] [T1] tiles | cached done C:\Users\tsusa\OneDrive - Automanix\그림\220731 강화도.mp4_005246116.jpg
[20:59:38.204] [T1] tiles | cached done C:\Users\tsusa\OneDrive - Automanix\그림\220731 강화도.mp4_005246116.png
[20:59:38.204] [T1] tiles | cached done C:\Users\tsusa\OneDrive - Automanix\그림\220731 강화도.mp4_005246116.jpeg
[20:59:38.204] [T1] tiles | cached done C:\Users\tsusa\OneDrive - Automanix\그림\DALL·E 2024-07-22 16.05.33 - Simplified version of a logo for 'Automotive Research Solution' with the main elements being 'ARS' in a bold font and a sleek, modern car silhouette. .webp
[20:59:38.206] [T1] tiles | phase0 C:\Users\tsusa\OneDrive - Automanix\그림\KakaoTalk_20200117_092011491.png
[20:59:38.207] [T1] tiles | phase0 C:\Users\tsusa\OneDrive - Automanix\그림\KakaoTalk_20240703_110337676.jpg
[20:59:38.208] [T1] tiles | phase0 C:\Users\tsusa\OneDrive - Automanix\그림\pexels-pixabay-37347.jpg
[20:59:38.209] [T1] tiles | phase0 C:\Users\tsusa\OneDrive - Automanix\그림\pexels-polina-zimmerman-3778619.jpg
[20:59:38.223] [T1] tiles | fill cached C:\Users\tsusa\OneDrive - Automanix\그림\KakaoTalk_20200117_092011491.png
[20:59:38.224] [T1] tiles | fill cached C:\Users\tsusa\OneDrive - Automanix\그림\KakaoTalk_20240703_110337676.jpg
[20:59:38.224] [T1] tiles | fill cached C:\Users\tsusa\OneDrive - Automanix\그림\pexels-pixabay-37347.jpg
[20:59:38.225] [T1] tiles | fill cached C:\Users\tsusa\OneDrive - Automanix\그림\pexels-polina-zimmerman-3778619.jpg
[20:59:38.231] [T1] list | phase0 C:\Users\tsusa\OneDrive - Automanix\그림\PXL_20220903_010322367_2.jpg
[20:59:38.234] [T1] list | phase0 C:\Users\tsusa\OneDrive - Automanix\그림\PXL_20220920_125143842.MOTION-02.ORIGINAL_2.jpg
[20:59:38.236] [T1] list | phase0 C:\Users\tsusa\OneDrive - Automanix\그림\PXL_20221101_105955590_2.jpg
[20:59:38.244] [T1] tiles | cached done C:\Users\tsusa\OneDrive - Automanix\그림\KakaoTalk_20200117_092011491.png
[20:59:38.252] [T1] tiles | cached done C:\Users\tsusa\OneDrive - Automanix\그림\pexels-pixabay-37347.jpg
[20:59:38.256] [T1] tiles | cached done C:\Users\tsusa\OneDrive - Automanix\그림\pexels-polina-zimmerman-3778619.jpg
[20:59:38.256] [T1] tiles | cached done C:\Users\tsusa\OneDrive - Automanix\그림\KakaoTalk_20240703_110337676.jpg
[20:59:38.260] [T1] tiles | phase0 C:\Users\tsusa\OneDrive - Automanix\그림\PXL_20220709_232639106_2.jpg
[20:59:38.261] [T1] tiles | phase0 C:\Users\tsusa\OneDrive - Automanix\그림\PXL_20220714_125035942_2.jpg
[20:59:38.263] [T1] tiles | phase0 C:\Users\tsusa\OneDrive - Automanix\그림\PXL_20220714_125148380_2.jpg
[20:59:38.264] [T1] tiles | phase0 C:\Users\tsusa\OneDrive - Automanix\그림\PXL_20220719_121308973_2.jpg
[20:59:38.264] [T1] tiles | fill cached C:\Users\tsusa\OneDrive - Automanix\그림\PXL_20220709_232639106_2.jpg
[20:59:38.265] [T1] tiles | fill cached C:\Users\tsusa\OneDrive - Automanix\그림\PXL_20220714_125035942_2.jpg
[20:59:38.266] [T1] tiles | fill cached C:\Users\tsusa\OneDrive - Automanix\그림\PXL_20220714_125148380_2.jpg
[20:59:38.266] [T1] tiles | fill cached C:\Users\tsusa\OneDrive - Automanix\그림\PXL_20220719_121308973_2.jpg
[20:59:38.271] [T1] list | phase0 C:\Users\tsusa\OneDrive - Automanix\그림\PXL_20230212_024010110.jpg
[20:59:38.274] [T1] list | phase0 C:\Users\tsusa\OneDrive - Automanix\그림\PXL_20230212_025601437_2.jpg
[20:59:38.291] [T1] tiles | cached done C:\Users\tsusa\OneDrive - Automanix\그림\PXL_20220714_125035942_2.jpg
[20:59:38.292] [T1] tiles | cached done C:\Users\tsusa\OneDrive - Automanix\그림\PXL_20220714_125148380_2.jpg
[20:59:38.292] [T1] tiles | cached done C:\Users\tsusa\OneDrive - Automanix\그림\PXL_20220719_121308973_2.jpg
[20:59:38.292] [T1] tiles | cached done C:\Users\tsusa\OneDrive - Automanix\그림\PXL_20220709_232639106_2.jpg
[20:59:38.298] [T1] list | phase0 C:\Users\tsusa\OneDrive - Automanix\그림\PXL_20230422_230822530~2.jpg
[20:59:38.302] [T1] list | phase0 C:\Users\tsusa\OneDrive - Automanix\그림\vlcsnap-2026-01-18-12h58m03s381.png
[20:59:38.302] [T1] detail | fetch Image C:\Users\tsusa\OneDrive - Automanix\그림\vlcsnap-2026-01-18-12h58m03s381.png
[20:59:38.305] [T1] list | phase0 C:\Users\tsusa\OneDrive - Automanix\그림\vlcsnap-2026-01-19-02h04m39s483.png
[20:59:38.305] [T1] detail | fetch Image C:\Users\tsusa\OneDrive - Automanix\그림\vlcsnap-2026-01-19-02h04m39s483.png
[20:59:38.318] [T1] detail | done C:\Users\tsusa\OneDrive - Automanix\그림\vlcsnap-2026-01-18-12h58m03s381.png
[20:59:38.319] [T1] detail | done C:\Users\tsusa\OneDrive - Automanix\그림\vlcsnap-2026-01-19-02h04m39s483.png
[20:59:38.329] [T1] list | phase0 C:\Users\tsusa\OneDrive - Automanix\그림\vlcsnap-2026-01-27-01h49m01s690.png
[20:59:38.329] [T1] detail | fetch Image C:\Users\tsusa\OneDrive - Automanix\그림\vlcsnap-2026-01-27-01h49m01s690.png
[20:59:38.331] [T1] list | phase0 C:\Users\tsusa\OneDrive - Automanix\그림\민초로부터 온 퇴장 통보.png
[20:59:38.331] [T1] detail | fetch Image C:\Users\tsusa\OneDrive - Automanix\그림\민초로부터 온 퇴장 통보.png
[20:59:38.339] [T1] tiles | phase0 C:\Users\tsusa\OneDrive - Automanix\그림\PXL_20220726_125747369_2.jpg
[20:59:38.340] [T1] tiles | phase0 C:\Users\tsusa\OneDrive - Automanix\그림\PXL_20220804_125449327_2.jpg
[20:59:38.342] [T1] tiles | phase0 C:\Users\tsusa\OneDrive - Automanix\그림\PXL_20220812_121956977_2.jpg
[20:59:38.343] [T1] tiles | phase0 C:\Users\tsusa\OneDrive - Automanix\그림\PXL_20220813_214558393_2.jpg
[20:59:38.348] [T1] detail | done C:\Users\tsusa\OneDrive - Automanix\그림\vlcsnap-2026-01-27-01h49m01s690.png
[20:59:38.348] [T1] detail | done C:\Users\tsusa\OneDrive - Automanix\그림\민초로부터 온 퇴장 통보.png
[20:59:38.353] [T1] list | phase0 C:\Users\tsusa\OneDrive - Automanix\그림\아우디 현가장치 관련 리콜.png
[20:59:38.355] [T1] list | phase0 C:\Users\tsusa\OneDrive - Automanix\그림\오토매닉스 대표이미지.png
[20:59:38.358] [T1] list | phase0 C:\Users\tsusa\OneDrive - Automanix\그림\오토매닉스 로고.png
[20:59:38.359] [T1] tiles | fill cached C:\Users\tsusa\OneDrive - Automanix\그림\PXL_20220726_125747369_2.jpg
[20:59:38.360] [T1] tiles | fill cached C:\Users\tsusa\OneDrive - Automanix\그림\PXL_20220804_125449327_2.jpg
[20:59:38.361] [T1] tiles | fill cached C:\Users\tsusa\OneDrive - Automanix\그림\PXL_20220812_121956977_2.jpg
[20:59:38.361] [T1] tiles | fill cached C:\Users\tsusa\OneDrive - Automanix\그림\PXL_20220813_214558393_2.jpg
[20:59:38.371] [T1] list | phase0 C:\Users\tsusa\OneDrive - Automanix\그림\오토매닉스 로고이미지.png
[20:59:38.374] [T1] list | phase0 C:\Users\tsusa\OneDrive - Automanix\그림\오토매닉스_약도.png
[20:59:38.427] [T1] tiles | cached done C:\Users\tsusa\OneDrive - Automanix\그림\PXL_20220804_125449327_2.jpg
[20:59:38.427] [T1] tiles | cached done C:\Users\tsusa\OneDrive - Automanix\그림\PXL_20220726_125747369_2.jpg
[20:59:38.428] [T1] tiles | cached done C:\Users\tsusa\OneDrive - Automanix\그림\PXL_20220813_214558393_2.jpg
[20:59:38.428] [T1] tiles | cached done C:\Users\tsusa\OneDrive - Automanix\그림\PXL_20220812_121956977_2.jpg
[20:59:38.432] [T1] list | phase0 C:\Users\tsusa\OneDrive - Automanix\그림\오토매닉스_인감_배경제거.png
[20:59:38.435] [T1] list | phase0 C:\Users\tsusa\OneDrive - Automanix\그림\코인챗 로고 long 188_79.png
[20:59:38.437] [T1] list | phase0 C:\Users\tsusa\OneDrive - Automanix\그림\코인챗 로고 square 148_148.png
[20:59:38.461] [T1] list | phase0 C:\Users\tsusa\OneDrive - Automanix\그림\코인챗_211012_아이폰XS_2대_중고구매.png
[20:59:38.464] [T1] list | phase0 C:\Users\tsusa\OneDrive - Automanix\그림\코인챗_사무실.jpg
[20:59:38.478] [T1] tiles | phase0 C:\Users\tsusa\OneDrive - Automanix\그림\PXL_20220817_112931072_2.jpg
[20:59:38.479] [T1] tiles | phase0 C:\Users\tsusa\OneDrive - Automanix\그림\PXL_20220824_112948946_2.jpg
[20:59:38.481] [T1] tiles | phase0 C:\Users\tsusa\OneDrive - Automanix\그림\PXL_20220827_001839431_2.jpg
[20:59:38.482] [T1] tiles | phase0 C:\Users\tsusa\OneDrive - Automanix\그림\PXL_20220827_230734531_2.jpg
[20:59:38.490] [T1] tiles | fill cached C:\Users\tsusa\OneDrive - Automanix\그림\PXL_20220817_112931072_2.jpg
[20:59:38.491] [T1] tiles | fill cached C:\Users\tsusa\OneDrive - Automanix\그림\PXL_20220824_112948946_2.jpg
[20:59:38.491] [T1] tiles | fill cached C:\Users\tsusa\OneDrive - Automanix\그림\PXL_20220827_001839431_2.jpg
[20:59:38.492] [T1] tiles | fill cached C:\Users\tsusa\OneDrive - Automanix\그림\PXL_20220827_230734531_2.jpg
[20:59:38.504] [T1] list | phase0 C:\Users\tsusa\OneDrive - Automanix\그림\코인챗_회의실.jpg
[20:59:38.507] [T1] list | phase0 C:\Users\tsusa\OneDrive - Automanix\그림\포가차.jpg
[20:59:38.510] [T1] list | phase0 C:\Users\tsusa\OneDrive - Automanix\그림\화면 캡처 2020-11-26 162745.png
[20:59:38.531] [T1] tiles | cached done C:\Users\tsusa\OneDrive - Automanix\그림\PXL_20220827_230734531_2.jpg
[20:59:38.532] [T1] tiles | cached done C:\Users\tsusa\OneDrive - Automanix\그림\PXL_20220817_112931072_2.jpg
[20:59:38.533] [T1] tiles | cached done C:\Users\tsusa\OneDrive - Automanix\그림\PXL_20220827_001839431_2.jpg
[20:59:38.533] [T1] tiles | cached done C:\Users\tsusa\OneDrive - Automanix\그림\PXL_20220824_112948946_2.jpg
[20:59:38.537] [T1] list | phase0 C:\Users\tsusa\OneDrive - Automanix\그림\화면 캡처 2022-06-21 003453.png
[20:59:38.540] [T1] list | phase0 C:\Users\tsusa\OneDrive - Automanix\그림\화면 캡처 2022-08-01 115837.jpg
[20:59:38.564] [T1] list | phase0 C:\Users\tsusa\OneDrive - Automanix\그림\화면 캡처 2022-08-01 115837.png
[20:59:38.567] [T1] list | phase0 C:\Users\tsusa\OneDrive - Automanix\그림\화면 캡처 2022-08-07 171622.png
[20:59:38.570] [T1] list | phase0 C:\Users\tsusa\OneDrive - Automanix\그림\화면 캡처 2022-09-29 233922.png
[20:59:38.582] [T1] tiles | phase0 C:\Users\tsusa\OneDrive - Automanix\그림\PXL_20220831_130316984_2.jpg
[20:59:38.583] [T1] tiles | phase0 C:\Users\tsusa\OneDrive - Automanix\그림\PXL_20220902_215631957_3.jpg
[20:59:38.584] [T1] tiles | phase0 C:\Users\tsusa\OneDrive - Automanix\그림\PXL_20220903_010322367_2.jpg
[20:59:38.585] [T1] tiles | phase0 C:\Users\tsusa\OneDrive - Automanix\그림\PXL_20220920_125143842.MOTION-02.ORIGINAL_2.jpg
[20:59:38.592] [T1] tiles | fill cached C:\Users\tsusa\OneDrive - Automanix\그림\PXL_20220831_130316984_2.jpg
[20:59:38.593] [T1] tiles | fill cached C:\Users\tsusa\OneDrive - Automanix\그림\PXL_20220902_215631957_3.jpg
[20:59:38.593] [T1] tiles | fill cached C:\Users\tsusa\OneDrive - Automanix\그림\PXL_20220903_010322367_2.jpg
[20:59:38.594] [T1] tiles | fill cached C:\Users\tsusa\OneDrive - Automanix\그림\PXL_20220920_125143842.MOTION-02.ORIGINAL_2.jpg
[20:59:38.601] [T1] list | phase0 C:\Users\tsusa\OneDrive - Automanix\그림\화면 캡처 2022-10-18 181358.png
[20:59:38.604] [T1] list | phase0 C:\Users\tsusa\OneDrive - Automanix\그림\화면 캡처 2022-10-21 005745.png
[20:59:38.668] [T1] tiles | cached done C:\Users\tsusa\OneDrive - Automanix\그림\PXL_20220831_130316984_2.jpg
[20:59:38.669] [T1] tiles | cached done C:\Users\tsusa\OneDrive - Automanix\그림\PXL_20220903_010322367_2.jpg
[20:59:38.669] [T1] tiles | cached done C:\Users\tsusa\OneDrive - Automanix\그림\PXL_20220902_215631957_3.jpg
[20:59:38.669] [T1] tiles | cached done C:\Users\tsusa\OneDrive - Automanix\그림\PXL_20220920_125143842.MOTION-02.ORIGINAL_2.jpg
[20:59:38.884] [T1] tiles | phase0 C:\Users\tsusa\OneDrive - Automanix\그림\PXL_20221101_105955590_2.jpg
[20:59:38.885] [T1] tiles | phase0 C:\Users\tsusa\OneDrive - Automanix\그림\PXL_20230212_024010110.jpg
[20:59:38.886] [T1] tiles | phase0 C:\Users\tsusa\OneDrive - Automanix\그림\PXL_20230212_025601437_2.jpg
[20:59:38.887] [T1] tiles | phase0 C:\Users\tsusa\OneDrive - Automanix\그림\PXL_20230422_230822530~2.jpg
[20:59:38.895] [T1] tiles | fill cached C:\Users\tsusa\OneDrive - Automanix\그림\PXL_20221101_105955590_2.jpg
[20:59:38.896] [T1] tiles | fill cached C:\Users\tsusa\OneDrive - Automanix\그림\PXL_20230212_024010110.jpg
[20:59:38.896] [T1] tiles | fill cached C:\Users\tsusa\OneDrive - Automanix\그림\PXL_20230212_025601437_2.jpg
[20:59:38.897] [T1] tiles | fill cached C:\Users\tsusa\OneDrive - Automanix\그림\PXL_20230422_230822530~2.jpg
[20:59:38.911] [T1] tiles | cached done C:\Users\tsusa\OneDrive - Automanix\그림\PXL_20221101_105955590_2.jpg
[20:59:38.915] [T1] tiles | cached done C:\Users\tsusa\OneDrive - Automanix\그림\PXL_20230212_024010110.jpg
[20:59:38.915] [T1] tiles | cached done C:\Users\tsusa\OneDrive - Automanix\그림\PXL_20230422_230822530~2.jpg
[20:59:38.915] [T1] tiles | cached done C:\Users\tsusa\OneDrive - Automanix\그림\PXL_20230212_025601437_2.jpg
[20:59:38.951] [T1] tiles | phase0 C:\Users\tsusa\OneDrive - Automanix\그림\vlcsnap-2026-01-18-12h58m03s381.png
[20:59:38.952] [T1] tiles | phase0 C:\Users\tsusa\OneDrive - Automanix\그림\vlcsnap-2026-01-19-02h04m39s483.png
[20:59:38.954] [T1] tiles | phase0 C:\Users\tsusa\OneDrive - Automanix\그림\vlcsnap-2026-01-27-01h49m01s690.png
[20:59:38.955] [T1] tiles | phase0 C:\Users\tsusa\OneDrive - Automanix\그림\민초로부터 온 퇴장 통보.png
[20:59:38.962] [T1] tiles | fill shell C:\Users\tsusa\OneDrive - Automanix\그림\vlcsnap-2026-01-18-12h58m03s381.png
[20:59:38.962] [T1] tiles | fill shell C:\Users\tsusa\OneDrive - Automanix\그림\vlcsnap-2026-01-19-02h04m39s483.png
[20:59:38.963] [T1] tiles | fill shell C:\Users\tsusa\OneDrive - Automanix\그림\vlcsnap-2026-01-27-01h49m01s690.png
[20:59:38.963] [T1] tiles | fill shell C:\Users\tsusa\OneDrive - Automanix\그림\민초로부터 온 퇴장 통보.png
[20:59:38.991] [T1] tiles | shell done C:\Users\tsusa\OneDrive - Automanix\그림\vlcsnap-2026-01-27-01h49m01s690.png
[20:59:38.992] [T1] tiles | shell done C:\Users\tsusa\OneDrive - Automanix\그림\vlcsnap-2026-01-19-02h04m39s483.png
[20:59:38.996] [T1] tiles | shell done C:\Users\tsusa\OneDrive - Automanix\그림\vlcsnap-2026-01-18-12h58m03s381.png
[20:59:39.001] [T1] tiles | shell done C:\Users\tsusa\OneDrive - Automanix\그림\민초로부터 온 퇴장 통보.png
[20:59:39.042] [T1] tiles | phase0 C:\Users\tsusa\OneDrive - Automanix\그림\아우디 현가장치 관련 리콜.png
[20:59:39.043] [T1] tiles | phase0 C:\Users\tsusa\OneDrive - Automanix\그림\오토매닉스 대표이미지.png
[20:59:39.045] [T1] tiles | phase0 C:\Users\tsusa\OneDrive - Automanix\그림\오토매닉스 로고.png
[20:59:39.046] [T1] tiles | phase0 C:\Users\tsusa\OneDrive - Automanix\그림\오토매닉스 로고이미지.png
[20:59:39.053] [T1] tiles | fill cached C:\Users\tsusa\OneDrive - Automanix\그림\아우디 현가장치 관련 리콜.png
[20:59:39.054] [T1] tiles | fill cached C:\Users\tsusa\OneDrive - Automanix\그림\오토매닉스 대표이미지.png
[20:59:39.055] [T1] tiles | fill cached C:\Users\tsusa\OneDrive - Automanix\그림\오토매닉스 로고.png
[20:59:39.056] [T1] tiles | fill cached C:\Users\tsusa\OneDrive - Automanix\그림\오토매닉스 로고이미지.png
[20:59:39.066] [T1] tiles | cached done C:\Users\tsusa\OneDrive - Automanix\그림\오토매닉스 로고.png
[20:59:39.067] [T1] tiles | cached done C:\Users\tsusa\OneDrive - Automanix\그림\오토매닉스 로고이미지.png
[20:59:39.069] [T1] tiles | cached done C:\Users\tsusa\OneDrive - Automanix\그림\아우디 현가장치 관련 리콜.png
[20:59:39.069] [T1] tiles | cached done C:\Users\tsusa\OneDrive - Automanix\그림\오토매닉스 대표이미지.png
[20:59:39.120] [T1] tiles | phase0 C:\Users\tsusa\OneDrive - Automanix\그림\오토매닉스_약도.png
[20:59:39.121] [T1] tiles | phase0 C:\Users\tsusa\OneDrive - Automanix\그림\오토매닉스_인감_배경제거.png
[20:59:39.122] [T1] tiles | phase0 C:\Users\tsusa\OneDrive - Automanix\그림\코인챗 로고 long 188_79.png
[20:59:39.123] [T1] tiles | phase0 C:\Users\tsusa\OneDrive - Automanix\그림\코인챗 로고 square 148_148.png
[20:59:39.132] [T1] tiles | fill cached C:\Users\tsusa\OneDrive - Automanix\그림\오토매닉스_약도.png
[20:59:39.132] [T1] tiles | fill cached C:\Users\tsusa\OneDrive - Automanix\그림\오토매닉스_인감_배경제거.png
[20:59:39.133] [T1] tiles | fill cached C:\Users\tsusa\OneDrive - Automanix\그림\코인챗 로고 long 188_79.png
[20:59:39.134] [T1] tiles | fill cached C:\Users\tsusa\OneDrive - Automanix\그림\코인챗 로고 square 148_148.png
[20:59:39.143] [T1] tiles | cached done C:\Users\tsusa\OneDrive - Automanix\그림\코인챗 로고 square 148_148.png
[20:59:39.144] [T1] tiles | cached done C:\Users\tsusa\OneDrive - Automanix\그림\코인챗 로고 long 188_79.png
[20:59:39.146] [T1] tiles | cached done C:\Users\tsusa\OneDrive - Automanix\그림\오토매닉스_인감_배경제거.png
[20:59:39.147] [T1] tiles | cached done C:\Users\tsusa\OneDrive - Automanix\그림\오토매닉스_약도.png
[20:59:39.223] [T1] tiles | phase0 C:\Users\tsusa\OneDrive - Automanix\그림\코인챗_211012_아이폰XS_2대_중고구매.png
[20:59:39.224] [T1] tiles | phase0 C:\Users\tsusa\OneDrive - Automanix\그림\코인챗_사무실.jpg
[20:59:39.226] [T1] tiles | phase0 C:\Users\tsusa\OneDrive - Automanix\그림\코인챗_회의실.jpg
[20:59:39.227] [T1] tiles | phase0 C:\Users\tsusa\OneDrive - Automanix\그림\포가차.jpg
[20:59:39.234] [T1] tiles | fill cached C:\Users\tsusa\OneDrive - Automanix\그림\코인챗_211012_아이폰XS_2대_중고구매.png
[20:59:39.235] [T1] tiles | fill cached C:\Users\tsusa\OneDrive - Automanix\그림\코인챗_사무실.jpg
[20:59:39.236] [T1] tiles | fill cached C:\Users\tsusa\OneDrive - Automanix\그림\코인챗_회의실.jpg
[20:59:39.237] [T1] tiles | fill cached C:\Users\tsusa\OneDrive - Automanix\그림\포가차.jpg
[20:59:39.247] [T1] tiles | cached done C:\Users\tsusa\OneDrive - Automanix\그림\코인챗_211012_아이폰XS_2대_중고구매.png
[20:59:39.249] [T1] tiles | cached done C:\Users\tsusa\OneDrive - Automanix\그림\코인챗_회의실.jpg
[20:59:39.250] [T1] tiles | cached done C:\Users\tsusa\OneDrive - Automanix\그림\코인챗_사무실.jpg
[20:59:39.252] [T1] tiles | cached done C:\Users\tsusa\OneDrive - Automanix\그림\포가차.jpg
[20:59:39.266] [T1] tiles | phase0 C:\Users\tsusa\OneDrive - Automanix\그림\화면 캡처 2020-11-26 162745.png
[20:59:39.268] [T1] tiles | phase0 C:\Users\tsusa\OneDrive - Automanix\그림\화면 캡처 2022-06-21 003453.png
[20:59:39.269] [T1] tiles | phase0 C:\Users\tsusa\OneDrive - Automanix\그림\화면 캡처 2022-08-01 115837.jpg
[20:59:39.270] [T1] tiles | phase0 C:\Users\tsusa\OneDrive - Automanix\그림\화면 캡처 2022-08-01 115837.png
[20:59:39.277] [T1] tiles | fill cached C:\Users\tsusa\OneDrive - Automanix\그림\화면 캡처 2020-11-26 162745.png
[20:59:39.278] [T1] tiles | fill cached C:\Users\tsusa\OneDrive - Automanix\그림\화면 캡처 2022-06-21 003453.png
[20:59:39.278] [T1] tiles | fill cached C:\Users\tsusa\OneDrive - Automanix\그림\화면 캡처 2022-08-01 115837.jpg
[20:59:39.279] [T1] tiles | fill cached C:\Users\tsusa\OneDrive - Automanix\그림\화면 캡처 2022-08-01 115837.png
[20:59:39.291] [T1] tiles | cached done C:\Users\tsusa\OneDrive - Automanix\그림\화면 캡처 2020-11-26 162745.png
[20:59:39.293] [T1] tiles | cached done C:\Users\tsusa\OneDrive - Automanix\그림\화면 캡처 2022-08-01 115837.png
[20:59:39.293] [T1] tiles | cached done C:\Users\tsusa\OneDrive - Automanix\그림\화면 캡처 2022-06-21 003453.png
[20:59:39.293] [T1] tiles | cached done C:\Users\tsusa\OneDrive - Automanix\그림\화면 캡처 2022-08-01 115837.jpg
[20:59:39.332] [T1] tiles | phase0 C:\Users\tsusa\OneDrive - Automanix\그림\화면 캡처 2022-08-07 171622.png
[20:59:39.334] [T1] tiles | phase0 C:\Users\tsusa\OneDrive - Automanix\그림\화면 캡처 2022-09-29 233922.png
[20:59:39.335] [T1] tiles | phase0 C:\Users\tsusa\OneDrive - Automanix\그림\화면 캡처 2022-10-18 181358.png
[20:59:39.337] [T1] tiles | phase0 C:\Users\tsusa\OneDrive - Automanix\그림\화면 캡처 2022-10-21 005745.png
[20:59:39.343] [T1] tiles | fill cached C:\Users\tsusa\OneDrive - Automanix\그림\화면 캡처 2022-08-07 171622.png
[20:59:39.344] [T1] tiles | fill cached C:\Users\tsusa\OneDrive - Automanix\그림\화면 캡처 2022-09-29 233922.png
[20:59:39.345] [T1] tiles | fill cached C:\Users\tsusa\OneDrive - Automanix\그림\화면 캡처 2022-10-18 181358.png
[20:59:39.345] [T1] tiles | fill cached C:\Users\tsusa\OneDrive - Automanix\그림\화면 캡처 2022-10-21 005745.png
[20:59:39.357] [T1] tiles | cached done C:\Users\tsusa\OneDrive - Automanix\그림\화면 캡처 2022-10-18 181358.png
[20:59:39.358] [T1] tiles | cached done C:\Users\tsusa\OneDrive - Automanix\그림\화면 캡처 2022-09-29 233922.png
[20:59:39.358] [T1] tiles | cached done C:\Users\tsusa\OneDrive - Automanix\그림\화면 캡처 2022-08-07 171622.png
[20:59:39.358] [T1] tiles | cached done C:\Users\tsusa\OneDrive - Automanix\그림\화면 캡처 2022-10-21 005745.png
[20:59:53.211] [T1] nav | NavigateToAsync C:\Users\tsusa\OneDrive - Automanix\그림 exts=48
[20:59:53.212] [T1] nav | scan done C:\Users\tsusa\OneDrive - Automanix\그림 count=69
[20:59:53.212] [T1] nav | RefreshView C:\Users\tsusa\OneDrive - Automanix\그림 count=69
[20:59:53.213] [T1] list | recycle C:\Users\tsusa\OneDrive - Automanix\그림\240323 강가 별장
[20:59:53.213] [T1] list | ForceFinish(recycle)
[20:59:53.213] [T1] list | recycle C:\Users\tsusa\OneDrive - Automanix\그림\aaa
[20:59:53.213] [T1] list | ForceFinish(recycle)
[20:59:53.213] [T1] list | recycle C:\Users\tsusa\OneDrive - Automanix\그림\bbb
[20:59:53.213] [T1] list | ForceFinish(recycle)
[20:59:53.213] [T1] list | recycle C:\Users\tsusa\OneDrive - Automanix\그림\ccc
[20:59:53.213] [T1] list | ForceFinish(recycle)
[20:59:53.213] [T1] list | recycle C:\Users\tsusa\OneDrive - Automanix\그림\ddd
[20:59:53.213] [T1] list | ForceFinish(recycle)
[20:59:53.213] [T1] list | recycle C:\Users\tsusa\OneDrive - Automanix\그림\Feedback
[20:59:53.213] [T1] list | ForceFinish(recycle)
[20:59:53.213] [T1] list | recycle C:\Users\tsusa\OneDrive - Automanix\그림\Saved Pictures
[20:59:53.213] [T1] list | ForceFinish(recycle)
[20:59:53.213] [T1] list | recycle C:\Users\tsusa\OneDrive - Automanix\그림\Scan
[20:59:53.213] [T1] list | ForceFinish(recycle)
[20:59:53.213] [T1] list | recycle C:\Users\tsusa\OneDrive - Automanix\그림\Screenshots
[20:59:53.213] [T1] list | ForceFinish(recycle)
[20:59:53.213] [T1] list | recycle C:\Users\tsusa\OneDrive - Automanix\그림\Zwift
[20:59:53.213] [T1] list | ForceFinish(recycle)
[20:59:53.213] [T1] list | recycle C:\Users\tsusa\OneDrive - Automanix\그림\바탕화면
[20:59:53.213] [T1] list | ForceFinish(recycle)
[20:59:53.213] [T1] list | recycle C:\Users\tsusa\OneDrive - Automanix\그림\스캔
[20:59:53.213] [T1] list | ForceFinish(recycle)
[20:59:53.213] [T1] list | recycle C:\Users\tsusa\OneDrive - Automanix\그림\스크린샷
[20:59:53.213] [T1] list | ForceFinish(recycle)
[20:59:53.213] [T1] list | recycle C:\Users\tsusa\OneDrive - Automanix\그림\카메라 앨범
[20:59:53.213] [T1] list | ForceFinish(recycle)
[20:59:53.213] [T1] list | recycle C:\Users\tsusa\OneDrive - Automanix\그림\220731 강화도.mp4_005246116.jpeg
[20:59:53.213] [T1] list | ForceFinish(recycle)
[20:59:53.213] [T1] list | recycle C:\Users\tsusa\OneDrive - Automanix\그림\220731 강화도.mp4_005246116.jpg
[20:59:53.213] [T1] list | ForceFinish(recycle)
[20:59:53.213] [T1] list | recycle C:\Users\tsusa\OneDrive - Automanix\그림\220731 강화도.mp4_005246116.png
[20:59:53.213] [T1] list | ForceFinish(recycle)
[20:59:53.213] [T1] list | recycle C:\Users\tsusa\OneDrive - Automanix\그림\AMX.jpg
[20:59:53.213] [T1] list | ForceFinish(recycle)
[20:59:53.213] [T1] list | recycle C:\Users\tsusa\OneDrive - Automanix\그림\ARS-로고디자인_원본파일.png
[20:59:53.213] [T1] list | ForceFinish(recycle)
[20:59:53.213] [T1] list | recycle C:\Users\tsusa\OneDrive - Automanix\그림\DALL·E 2024-07-22 16.05.33 - Simplified version of a logo for 'Automotive Research Solution' with the main elements being 'ARS' in a bold font and a sleek, modern car silhouette. .webp
[20:59:53.213] [T1] list | ForceFinish(recycle)
[20:59:53.213] [T1] list | recycle C:\Users\tsusa\OneDrive - Automanix\그림\KakaoTalk_20200117_092011491.png
[20:59:53.213] [T1] list | ForceFinish(recycle)
[20:59:53.213] [T1] list | recycle C:\Users\tsusa\OneDrive - Automanix\그림\KakaoTalk_20240703_110337676.jpg
[20:59:53.213] [T1] list | ForceFinish(recycle)
[20:59:53.213] [T1] list | recycle C:\Users\tsusa\OneDrive - Automanix\그림\pexels-pixabay-37347.jpg
[20:59:53.213] [T1] list | ForceFinish(recycle)
[20:59:53.213] [T1] list | recycle C:\Users\tsusa\OneDrive - Automanix\그림\pexels-polina-zimmerman-3778619.jpg
[20:59:53.213] [T1] list | ForceFinish(recycle)
[20:59:53.213] [T1] list | recycle C:\Users\tsusa\OneDrive - Automanix\그림\PXL_20220709_232639106_2.jpg
[20:59:53.213] [T1] list | ForceFinish(recycle)
[20:59:53.213] [T1] list | recycle C:\Users\tsusa\OneDrive - Automanix\그림\PXL_20220714_125035942_2.jpg
[20:59:53.213] [T1] list | ForceFinish(recycle)
[20:59:53.213] [T1] list | recycle C:\Users\tsusa\OneDrive - Automanix\그림\PXL_20220714_125148380_2.jpg
[20:59:53.213] [T1] list | ForceFinish(recycle)
[20:59:53.213] [T1] list | recycle C:\Users\tsusa\OneDrive - Automanix\그림\PXL_20220719_121308973_2.jpg
[20:59:53.213] [T1] list | ForceFinish(recycle)
[20:59:53.213] [T1] list | recycle C:\Users\tsusa\OneDrive - Automanix\그림\PXL_20220726_125747369_2.jpg
[20:59:53.213] [T1] list | ForceFinish(recycle)
[20:59:53.213] [T1] list | recycle C:\Users\tsusa\OneDrive - Automanix\그림\PXL_20220804_125449327_2.jpg
[20:59:53.213] [T1] list | ForceFinish(recycle)
[20:59:53.213] [T1] list | recycle C:\Users\tsusa\OneDrive - Automanix\그림\PXL_20220812_121956977_2.jpg
[20:59:53.213] [T1] list | ForceFinish(recycle)
[20:59:53.213] [T1] list | recycle C:\Users\tsusa\OneDrive - Automanix\그림\PXL_20220813_214558393_2.jpg
[20:59:53.213] [T1] list | ForceFinish(recycle)
[20:59:53.213] [T1] list | recycle C:\Users\tsusa\OneDrive - Automanix\그림\PXL_20220817_112931072_2.jpg
[20:59:53.213] [T1] list | ForceFinish(recycle)
[20:59:53.213] [T1] list | recycle C:\Users\tsusa\OneDrive - Automanix\그림\PXL_20220824_112948946_2.jpg
[20:59:53.213] [T1] list | ForceFinish(recycle)
[20:59:53.213] [T1] list | recycle C:\Users\tsusa\OneDrive - Automanix\그림\PXL_20220827_001839431_2.jpg
[20:59:53.213] [T1] list | ForceFinish(recycle)
[20:59:53.213] [T1] list | recycle C:\Users\tsusa\OneDrive - Automanix\그림\PXL_20220827_230734531_2.jpg
[20:59:53.213] [T1] list | ForceFinish(recycle)
[20:59:53.213] [T1] list | recycle C:\Users\tsusa\OneDrive - Automanix\그림\PXL_20220831_130316984_2.jpg
[20:59:53.213] [T1] list | ForceFinish(recycle)
[20:59:53.213] [T1] list | recycle C:\Users\tsusa\OneDrive - Automanix\그림\PXL_20220902_215631957_3.jpg
[20:59:53.213] [T1] list | ForceFinish(recycle)
[20:59:53.214] [T1] list | recycle C:\Users\tsusa\OneDrive - Automanix\그림\PXL_20220903_010322367_2.jpg
[20:59:53.214] [T1] list | ForceFinish(recycle)
[20:59:53.214] [T1] list | recycle C:\Users\tsusa\OneDrive - Automanix\그림\PXL_20220920_125143842.MOTION-02.ORIGINAL_2.jpg
[20:59:53.214] [T1] list | ForceFinish(recycle)
[20:59:53.214] [T1] list | recycle C:\Users\tsusa\OneDrive - Automanix\그림\PXL_20221101_105955590_2.jpg
[20:59:53.214] [T1] list | ForceFinish(recycle)
[20:59:53.214] [T1] list | recycle C:\Users\tsusa\OneDrive - Automanix\그림\PXL_20230212_024010110.jpg
[20:59:53.214] [T1] list | ForceFinish(recycle)
[20:59:53.214] [T1] list | recycle C:\Users\tsusa\OneDrive - Automanix\그림\PXL_20230212_025601437_2.jpg
[20:59:53.214] [T1] list | ForceFinish(recycle)
[20:59:53.214] [T1] list | recycle C:\Users\tsusa\OneDrive - Automanix\그림\PXL_20230422_230822530~2.jpg
[20:59:53.214] [T1] list | ForceFinish(recycle)
[20:59:53.214] [T1] list | recycle C:\Users\tsusa\OneDrive - Automanix\그림\vlcsnap-2026-01-18-12h58m03s381.png
[20:59:53.214] [T1] list | ForceFinish(recycle)
[20:59:53.214] [T1] list | recycle C:\Users\tsusa\OneDrive - Automanix\그림\vlcsnap-2026-01-19-02h04m39s483.png
[20:59:53.214] [T1] list | ForceFinish(recycle)
[20:59:53.214] [T1] list | recycle C:\Users\tsusa\OneDrive - Automanix\그림\vlcsnap-2026-01-27-01h49m01s690.png
[20:59:53.214] [T1] list | ForceFinish(recycle)
[20:59:53.214] [T1] list | recycle C:\Users\tsusa\OneDrive - Automanix\그림\민초로부터 온 퇴장 통보.png
[20:59:53.214] [T1] list | ForceFinish(recycle)
[20:59:53.214] [T1] list | recycle C:\Users\tsusa\OneDrive - Automanix\그림\아우디 현가장치 관련 리콜.png
[20:59:53.214] [T1] list | ForceFinish(recycle)
[20:59:53.214] [T1] list | recycle C:\Users\tsusa\OneDrive - Automanix\그림\오토매닉스 대표이미지.png
[20:59:53.214] [T1] list | ForceFinish(recycle)
[20:59:53.214] [T1] list | recycle C:\Users\tsusa\OneDrive - Automanix\그림\오토매닉스 로고.png
[20:59:53.214] [T1] list | ForceFinish(recycle)
[20:59:53.214] [T1] list | recycle C:\Users\tsusa\OneDrive - Automanix\그림\오토매닉스 로고이미지.png
[20:59:53.214] [T1] list | ForceFinish(recycle)
[20:59:53.214] [T1] list | recycle C:\Users\tsusa\OneDrive - Automanix\그림\오토매닉스_약도.png
[20:59:53.214] [T1] list | ForceFinish(recycle)
[20:59:53.214] [T1] list | recycle C:\Users\tsusa\OneDrive - Automanix\그림\오토매닉스_인감_배경제거.png
[20:59:53.214] [T1] list | ForceFinish(recycle)
[20:59:53.214] [T1] list | recycle C:\Users\tsusa\OneDrive - Automanix\그림\코인챗 로고 long 188_79.png
[20:59:53.214] [T1] list | ForceFinish(recycle)
[20:59:53.214] [T1] list | recycle C:\Users\tsusa\OneDrive - Automanix\그림\코인챗 로고 square 148_148.png
[20:59:53.214] [T1] list | ForceFinish(recycle)
[20:59:53.214] [T1] list | recycle C:\Users\tsusa\OneDrive - Automanix\그림\코인챗_211012_아이폰XS_2대_중고구매.png
[20:59:53.214] [T1] list | ForceFinish(recycle)
[20:59:53.214] [T1] list | recycle C:\Users\tsusa\OneDrive - Automanix\그림\코인챗_사무실.jpg
[20:59:53.214] [T1] list | ForceFinish(recycle)
[20:59:53.214] [T1] list | recycle C:\Users\tsusa\OneDrive - Automanix\그림\코인챗_회의실.jpg
[20:59:53.214] [T1] list | ForceFinish(recycle)
[20:59:53.214] [T1] list | recycle C:\Users\tsusa\OneDrive - Automanix\그림\포가차.jpg
[20:59:53.214] [T1] list | ForceFinish(recycle)
[20:59:53.214] [T1] list | recycle C:\Users\tsusa\OneDrive - Automanix\그림\화면 캡처 2020-11-26 162745.png
[20:59:53.214] [T1] list | ForceFinish(recycle)
[20:59:53.214] [T1] list | recycle C:\Users\tsusa\OneDrive - Automanix\그림\화면 캡처 2022-06-21 003453.png
[20:59:53.214] [T1] list | ForceFinish(recycle)
[20:59:53.214] [T1] list | recycle C:\Users\tsusa\OneDrive - Automanix\그림\화면 캡처 2022-08-01 115837.jpg
[20:59:53.214] [T1] list | ForceFinish(recycle)
[20:59:53.214] [T1] list | recycle C:\Users\tsusa\OneDrive - Automanix\그림\화면 캡처 2022-08-01 115837.png
[20:59:53.214] [T1] list | ForceFinish(recycle)
[20:59:53.214] [T1] list | recycle C:\Users\tsusa\OneDrive - Automanix\그림\화면 캡처 2022-08-07 171622.png
[20:59:53.214] [T1] list | ForceFinish(recycle)
[20:59:53.214] [T1] list | recycle C:\Users\tsusa\OneDrive - Automanix\그림\화면 캡처 2022-09-29 233922.png
[20:59:53.214] [T1] list | ForceFinish(recycle)
[20:59:53.214] [T1] list | recycle C:\Users\tsusa\OneDrive - Automanix\그림\화면 캡처 2022-10-18 181358.png
[20:59:53.214] [T1] list | ForceFinish(recycle)
[20:59:53.214] [T1] list | recycle C:\Users\tsusa\OneDrive - Automanix\그림\화면 캡처 2022-10-21 005745.png
[20:59:53.214] [T1] list | ForceFinish(recycle)
[20:59:53.215] [T1] tiles | ShowEntries C:\Users\tsusa\OneDrive - Automanix\그림 count=69
[20:59:53.215] [T1] tiles | recycle C:\Users\tsusa\OneDrive - Automanix\그림\240323 강가 별장
[20:59:53.215] [T1] tiles | recycle C:\Users\tsusa\OneDrive - Automanix\그림\aaa
[20:59:53.215] [T1] tiles | recycle C:\Users\tsusa\OneDrive - Automanix\그림\bbb
[20:59:53.215] [T1] tiles | recycle C:\Users\tsusa\OneDrive - Automanix\그림\ccc
[20:59:53.215] [T1] tiles | recycle C:\Users\tsusa\OneDrive - Automanix\그림\ddd
[20:59:53.215] [T1] tiles | recycle C:\Users\tsusa\OneDrive - Automanix\그림\Feedback
[20:59:53.215] [T1] tiles | recycle C:\Users\tsusa\OneDrive - Automanix\그림\Saved Pictures
[20:59:53.215] [T1] tiles | recycle C:\Users\tsusa\OneDrive - Automanix\그림\Scan
[20:59:53.215] [T1] tiles | recycle C:\Users\tsusa\OneDrive - Automanix\그림\Screenshots
[20:59:53.216] [T1] tiles | recycle C:\Users\tsusa\OneDrive - Automanix\그림\Zwift
[20:59:53.216] [T1] tiles | recycle C:\Users\tsusa\OneDrive - Automanix\그림\바탕화면
[20:59:53.216] [T1] tiles | recycle C:\Users\tsusa\OneDrive - Automanix\그림\스캔
[20:59:53.216] [T1] tiles | recycle C:\Users\tsusa\OneDrive - Automanix\그림\스크린샷
[20:59:53.216] [T1] tiles | recycle C:\Users\tsusa\OneDrive - Automanix\그림\카메라 앨범
[20:59:53.216] [T1] tiles | recycle C:\Users\tsusa\OneDrive - Automanix\그림\220731 강화도.mp4_005246116.jpeg
[20:59:53.216] [T1] tiles | recycle C:\Users\tsusa\OneDrive - Automanix\그림\220731 강화도.mp4_005246116.jpg
[20:59:53.216] [T1] tiles | recycle C:\Users\tsusa\OneDrive - Automanix\그림\220731 강화도.mp4_005246116.png
[20:59:53.216] [T1] tiles | recycle C:\Users\tsusa\OneDrive - Automanix\그림\AMX.jpg
[20:59:53.216] [T1] tiles | recycle C:\Users\tsusa\OneDrive - Automanix\그림\ARS-로고디자인_원본파일.png
[20:59:53.216] [T1] tiles | recycle C:\Users\tsusa\OneDrive - Automanix\그림\DALL·E 2024-07-22 16.05.33 - Simplified version of a logo for 'Automotive Research Solution' with the main elements being 'ARS' in a bold font and a sleek, modern car silhouette. .webp
[20:59:53.217] [T1] tiles | recycle C:\Users\tsusa\OneDrive - Automanix\그림\KakaoTalk_20200117_092011491.png
[20:59:53.217] [T1] tiles | recycle C:\Users\tsusa\OneDrive - Automanix\그림\KakaoTalk_20240703_110337676.jpg
[20:59:53.217] [T1] tiles | recycle C:\Users\tsusa\OneDrive - Automanix\그림\pexels-pixabay-37347.jpg
[20:59:53.217] [T1] tiles | recycle C:\Users\tsusa\OneDrive - Automanix\그림\pexels-polina-zimmerman-3778619.jpg
[20:59:53.217] [T1] tiles | recycle C:\Users\tsusa\OneDrive - Automanix\그림\PXL_20220709_232639106_2.jpg
[20:59:53.217] [T1] tiles | recycle C:\Users\tsusa\OneDrive - Automanix\그림\PXL_20220714_125035942_2.jpg
[20:59:53.217] [T1] tiles | recycle C:\Users\tsusa\OneDrive - Automanix\그림\PXL_20220714_125148380_2.jpg
[20:59:53.217] [T1] tiles | recycle C:\Users\tsusa\OneDrive - Automanix\그림\PXL_20220719_121308973_2.jpg
[20:59:53.217] [T1] tiles | recycle C:\Users\tsusa\OneDrive - Automanix\그림\PXL_20220726_125747369_2.jpg
[20:59:53.217] [T1] tiles | recycle C:\Users\tsusa\OneDrive - Automanix\그림\PXL_20220804_125449327_2.jpg
[20:59:53.217] [T1] tiles | recycle C:\Users\tsusa\OneDrive - Automanix\그림\PXL_20220812_121956977_2.jpg
[20:59:53.217] [T1] tiles | recycle C:\Users\tsusa\OneDrive - Automanix\그림\PXL_20220813_214558393_2.jpg
[20:59:53.217] [T1] tiles | recycle C:\Users\tsusa\OneDrive - Automanix\그림\PXL_20220817_112931072_2.jpg
[20:59:53.217] [T1] tiles | recycle C:\Users\tsusa\OneDrive - Automanix\그림\PXL_20220824_112948946_2.jpg
[20:59:53.217] [T1] tiles | recycle C:\Users\tsusa\OneDrive - Automanix\그림\PXL_20220827_001839431_2.jpg
[20:59:53.218] [T1] tiles | recycle C:\Users\tsusa\OneDrive - Automanix\그림\PXL_20220827_230734531_2.jpg
[20:59:53.218] [T1] tiles | recycle C:\Users\tsusa\OneDrive - Automanix\그림\PXL_20220831_130316984_2.jpg
[20:59:53.219] [T1] tiles | recycle C:\Users\tsusa\OneDrive - Automanix\그림\PXL_20220902_215631957_3.jpg
[20:59:53.219] [T1] tiles | recycle C:\Users\tsusa\OneDrive - Automanix\그림\PXL_20220903_010322367_2.jpg
[20:59:53.219] [T1] tiles | recycle C:\Users\tsusa\OneDrive - Automanix\그림\PXL_20220920_125143842.MOTION-02.ORIGINAL_2.jpg
[20:59:53.219] [T1] tiles | recycle C:\Users\tsusa\OneDrive - Automanix\그림\PXL_20221101_105955590_2.jpg
[20:59:53.219] [T1] tiles | recycle C:\Users\tsusa\OneDrive - Automanix\그림\PXL_20230212_024010110.jpg
[20:59:53.219] [T1] tiles | recycle C:\Users\tsusa\OneDrive - Automanix\그림\PXL_20230212_025601437_2.jpg
[20:59:53.219] [T1] tiles | recycle C:\Users\tsusa\OneDrive - Automanix\그림\PXL_20230422_230822530~2.jpg
[20:59:53.219] [T1] tiles | recycle C:\Users\tsusa\OneDrive - Automanix\그림\vlcsnap-2026-01-18-12h58m03s381.png
[20:59:53.219] [T1] tiles | recycle C:\Users\tsusa\OneDrive - Automanix\그림\vlcsnap-2026-01-19-02h04m39s483.png
[20:59:53.219] [T1] tiles | recycle C:\Users\tsusa\OneDrive - Automanix\그림\vlcsnap-2026-01-27-01h49m01s690.png
[20:59:53.219] [T1] tiles | recycle C:\Users\tsusa\OneDrive - Automanix\그림\민초로부터 온 퇴장 통보.png
[20:59:53.219] [T1] tiles | recycle C:\Users\tsusa\OneDrive - Automanix\그림\아우디 현가장치 관련 리콜.png
[20:59:53.219] [T1] tiles | recycle C:\Users\tsusa\OneDrive - Automanix\그림\오토매닉스 대표이미지.png
[20:59:53.219] [T1] tiles | recycle C:\Users\tsusa\OneDrive - Automanix\그림\오토매닉스 로고.png
[20:59:53.219] [T1] tiles | recycle C:\Users\tsusa\OneDrive - Automanix\그림\오토매닉스 로고이미지.png
[20:59:53.219] [T1] tiles | recycle C:\Users\tsusa\OneDrive - Automanix\그림\오토매닉스_약도.png
[20:59:53.219] [T1] tiles | recycle C:\Users\tsusa\OneDrive - Automanix\그림\오토매닉스_인감_배경제거.png
[20:59:53.219] [T1] tiles | recycle C:\Users\tsusa\OneDrive - Automanix\그림\코인챗 로고 long 188_79.png
[20:59:53.219] [T1] tiles | recycle C:\Users\tsusa\OneDrive - Automanix\그림\코인챗 로고 square 148_148.png
[20:59:53.219] [T1] tiles | recycle C:\Users\tsusa\OneDrive - Automanix\그림\코인챗_211012_아이폰XS_2대_중고구매.png
[20:59:53.219] [T1] tiles | recycle C:\Users\tsusa\OneDrive - Automanix\그림\코인챗_사무실.jpg
[20:59:53.220] [T1] tiles | recycle C:\Users\tsusa\OneDrive - Automanix\그림\코인챗_회의실.jpg
[20:59:53.220] [T1] tiles | recycle C:\Users\tsusa\OneDrive - Automanix\그림\포가차.jpg
[20:59:53.220] [T1] tiles | recycle C:\Users\tsusa\OneDrive - Automanix\그림\화면 캡처 2020-11-26 162745.png
[20:59:53.220] [T1] tiles | recycle C:\Users\tsusa\OneDrive - Automanix\그림\화면 캡처 2022-06-21 003453.png
[20:59:53.220] [T1] tiles | recycle C:\Users\tsusa\OneDrive - Automanix\그림\화면 캡처 2022-08-01 115837.jpg
[20:59:53.220] [T1] tiles | recycle C:\Users\tsusa\OneDrive - Automanix\그림\화면 캡처 2022-08-01 115837.png
[20:59:53.220] [T1] tiles | recycle C:\Users\tsusa\OneDrive - Automanix\그림\화면 캡처 2022-08-07 171622.png
[20:59:53.220] [T1] tiles | recycle C:\Users\tsusa\OneDrive - Automanix\그림\화면 캡처 2022-09-29 233922.png
[20:59:53.220] [T1] tiles | recycle C:\Users\tsusa\OneDrive - Automanix\그림\화면 캡처 2022-10-18 181358.png
[20:59:53.220] [T1] tiles | recycle C:\Users\tsusa\OneDrive - Automanix\그림\화면 캡처 2022-10-21 005745.png
[20:59:53.221] [T1] tiles | phase0 C:\Users\tsusa\OneDrive - Automanix\그림\240323 강가 별장
[20:59:53.222] [T1] tiles | phase0 C:\Users\tsusa\OneDrive - Automanix\그림\aaa
[20:59:53.223] [T1] tiles | phase0 C:\Users\tsusa\OneDrive - Automanix\그림\bbb
[20:59:53.224] [T1] tiles | phase0 C:\Users\tsusa\OneDrive - Automanix\그림\ccc
[20:59:53.244] [T1] tiles | phase0 C:\Users\tsusa\OneDrive - Automanix\그림\ddd
[20:59:53.245] [T1] tiles | phase0 C:\Users\tsusa\OneDrive - Automanix\그림\Feedback
[20:59:53.246] [T1] tiles | phase0 C:\Users\tsusa\OneDrive - Automanix\그림\Saved Pictures
[20:59:53.247] [T1] tiles | phase0 C:\Users\tsusa\OneDrive - Automanix\그림\Scan
[20:59:53.248] [T1] tiles | phase0 C:\Users\tsusa\OneDrive - Automanix\그림\Screenshots
[20:59:53.250] [T1] tiles | phase0 C:\Users\tsusa\OneDrive - Automanix\그림\Zwift
[20:59:53.252] [T1] tiles | phase0 C:\Users\tsusa\OneDrive - Automanix\그림\바탕화면
[20:59:53.253] [T1] tiles | phase0 C:\Users\tsusa\OneDrive - Automanix\그림\새 폴더
[20:59:53.254] [T1] tiles | phase0 C:\Users\tsusa\OneDrive - Automanix\그림\스캔
[20:59:53.255] [T1] tiles | phase0 C:\Users\tsusa\OneDrive - Automanix\그림\스크린샷
[20:59:53.256] [T1] tiles | phase0 C:\Users\tsusa\OneDrive - Automanix\그림\카메라 앨범
[20:59:53.257] [T1] tiles | phase0 C:\Users\tsusa\OneDrive - Automanix\그림\220731 강화도.mp4_005246116.jpeg
[20:59:53.259] [T1] tiles | phase0 C:\Users\tsusa\OneDrive - Automanix\그림\220731 강화도.mp4_005246116.jpg
[20:59:53.260] [T1] tiles | phase0 C:\Users\tsusa\OneDrive - Automanix\그림\220731 강화도.mp4_005246116.png
[20:59:53.261] [T1] tiles | phase0 C:\Users\tsusa\OneDrive - Automanix\그림\AMX.jpg
[20:59:53.263] [T1] tiles | phase0 C:\Users\tsusa\OneDrive - Automanix\그림\ARS-로고디자인_원본파일.png
[20:59:53.266] [T1] list | phase0 C:\Users\tsusa\OneDrive - Automanix\그림\240323 강가 별장
[20:59:53.269] [T1] list | phase0 C:\Users\tsusa\OneDrive - Automanix\그림\aaa
[20:59:53.272] [T1] list | phase0 C:\Users\tsusa\OneDrive - Automanix\그림\bbb
[20:59:53.275] [T1] list | phase0 C:\Users\tsusa\OneDrive - Automanix\그림\ccc
[20:59:53.277] [T1] list | phase0 C:\Users\tsusa\OneDrive - Automanix\그림\ddd
[20:59:53.280] [T1] list | phase0 C:\Users\tsusa\OneDrive - Automanix\그림\Feedback
[20:59:53.283] [T1] list | phase0 C:\Users\tsusa\OneDrive - Automanix\그림\Saved Pictures
[20:59:53.287] [T1] list | phase0 C:\Users\tsusa\OneDrive - Automanix\그림\Scan
[20:59:53.292] [T1] list | phase0 C:\Users\tsusa\OneDrive - Automanix\그림\Screenshots
[20:59:53.295] [T1] list | phase0 C:\Users\tsusa\OneDrive - Automanix\그림\Zwift
[20:59:53.298] [T1] list | phase0 C:\Users\tsusa\OneDrive - Automanix\그림\바탕화면
[20:59:53.301] [T1] list | phase0 C:\Users\tsusa\OneDrive - Automanix\그림\새 폴더
[20:59:53.304] [T1] list | phase0 C:\Users\tsusa\OneDrive - Automanix\그림\스캔
[20:59:53.306] [T1] list | phase0 C:\Users\tsusa\OneDrive - Automanix\그림\스크린샷
[20:59:53.309] [T1] list | phase0 C:\Users\tsusa\OneDrive - Automanix\그림\카메라 앨범
[20:59:53.312] [T1] list | phase0 C:\Users\tsusa\OneDrive - Automanix\그림\220731 강화도.mp4_005246116.jpeg
[20:59:53.315] [T1] list | phase0 C:\Users\tsusa\OneDrive - Automanix\그림\220731 강화도.mp4_005246116.jpg
[20:59:53.318] [T1] list | phase0 C:\Users\tsusa\OneDrive - Automanix\그림\220731 강화도.mp4_005246116.png
[20:59:53.321] [T1] list | phase0 C:\Users\tsusa\OneDrive - Automanix\그림\AMX.jpg
[20:59:53.324] [T1] list | phase0 C:\Users\tsusa\OneDrive - Automanix\그림\ARS-로고디자인_원본파일.png
[20:59:53.327] [T1] list | phase0 C:\Users\tsusa\OneDrive - Automanix\그림\DALL·E 2024-07-22 16.05.33 - Simplified version of a logo for 'Automotive Research Solution' with the main elements being 'ARS' in a bold font and a sleek, modern car silhouette. .webp
[20:59:53.330] [T1] list | phase0 C:\Users\tsusa\OneDrive - Automanix\그림\KakaoTalk_20200117_092011491.png
[20:59:53.333] [T1] list | phase0 C:\Users\tsusa\OneDrive - Automanix\그림\KakaoTalk_20240703_110337676.jpg
[20:59:53.336] [T1] list | phase0 C:\Users\tsusa\OneDrive - Automanix\그림\pexels-pixabay-37347.jpg
[20:59:53.340] [T1] list | phase0 C:\Users\tsusa\OneDrive - Automanix\그림\pexels-polina-zimmerman-3778619.jpg
[20:59:53.343] [T1] list | phase0 C:\Users\tsusa\OneDrive - Automanix\그림\PXL_20220709_232639106_2.jpg
[20:59:53.346] [T1] list | phase0 C:\Users\tsusa\OneDrive - Automanix\그림\PXL_20220714_125035942_2.jpg
[20:59:53.350] [T1] list | phase0 C:\Users\tsusa\OneDrive - Automanix\그림\PXL_20220714_125148380_2.jpg
[20:59:53.353] [T1] list | phase0 C:\Users\tsusa\OneDrive - Automanix\그림\PXL_20220719_121308973_2.jpg
[20:59:53.357] [T1] list | phase0 C:\Users\tsusa\OneDrive - Automanix\그림\PXL_20220726_125747369_2.jpg
[20:59:53.360] [T1] list | phase0 C:\Users\tsusa\OneDrive - Automanix\그림\PXL_20220804_125449327_2.jpg
[20:59:53.459] [T1] tiles | fill cached C:\Users\tsusa\OneDrive - Automanix\그림\220731 강화도.mp4_005246116.jpeg
[20:59:53.460] [T1] tiles | fill cached C:\Users\tsusa\OneDrive - Automanix\그림\220731 강화도.mp4_005246116.jpg
[20:59:53.461] [T1] tiles | fill cached C:\Users\tsusa\OneDrive - Automanix\그림\220731 강화도.mp4_005246116.png
[20:59:53.461] [T1] tiles | fill cached C:\Users\tsusa\OneDrive - Automanix\그림\AMX.jpg
[20:59:53.462] [T1] tiles | fill cached C:\Users\tsusa\OneDrive - Automanix\그림\ARS-로고디자인_원본파일.png
[20:59:53.477] [T1] list | phase0 C:\Users\tsusa\OneDrive - Automanix\그림\PXL_20220812_121956977_2.jpg
[20:59:53.480] [T1] list | phase0 C:\Users\tsusa\OneDrive - Automanix\그림\PXL_20220813_214558393_2.jpg
[20:59:53.499] [T1] list | phase0 C:\Users\tsusa\OneDrive - Automanix\그림\PXL_20220817_112931072_2.jpg
[20:59:53.504] [T1] list | phase0 C:\Users\tsusa\OneDrive - Automanix\그림\PXL_20220824_112948946_2.jpg
[20:59:53.507] [T1] list | phase0 C:\Users\tsusa\OneDrive - Automanix\그림\PXL_20220827_001839431_2.jpg
[20:59:53.526] [T1] tiles | phase0 C:\Users\tsusa\OneDrive - Automanix\그림\DALL·E 2024-07-22 16.05.33 - Simplified version of a logo for 'Automotive Research Solution' with the main elements being 'ARS' in a bold font and a sleek, modern car silhouette. .webp
[20:59:53.527] [T1] tiles | phase0 C:\Users\tsusa\OneDrive - Automanix\그림\KakaoTalk_20200117_092011491.png
[20:59:53.529] [T1] tiles | phase0 C:\Users\tsusa\OneDrive - Automanix\그림\KakaoTalk_20240703_110337676.jpg
[20:59:53.531] [T1] tiles | phase0 C:\Users\tsusa\OneDrive - Automanix\그림\pexels-pixabay-37347.jpg
[20:59:53.534] [T1] list | phase0 C:\Users\tsusa\OneDrive - Automanix\그림\PXL_20220827_230734531_2.jpg
[20:59:53.542] [T1] list | phase0 C:\Users\tsusa\OneDrive - Automanix\그림\PXL_20220831_130316984_2.jpg
[20:59:53.593] [T1] tiles | fill cached C:\Users\tsusa\OneDrive - Automanix\그림\DALL·E 2024-07-22 16.05.33 - Simplified version of a logo for 'Automotive Research Solution' with the main elements being 'ARS' in a bold font and a sleek, modern car silhouette. .webp
[20:59:53.595] [T1] tiles | fill cached C:\Users\tsusa\OneDrive - Automanix\그림\KakaoTalk_20200117_092011491.png
[20:59:53.595] [T1] tiles | fill cached C:\Users\tsusa\OneDrive - Automanix\그림\KakaoTalk_20240703_110337676.jpg
[20:59:53.596] [T1] tiles | fill cached C:\Users\tsusa\OneDrive - Automanix\그림\pexels-pixabay-37347.jpg
[20:59:53.601] [T1] tiles | cached done C:\Users\tsusa\OneDrive - Automanix\그림\ARS-로고디자인_원본파일.png
[20:59:53.602] [T1] tiles | cached done C:\Users\tsusa\OneDrive - Automanix\그림\AMX.jpg
[20:59:53.602] [T1] tiles | cached done C:\Users\tsusa\OneDrive - Automanix\그림\220731 강화도.mp4_005246116.jpg
[20:59:53.602] [T1] tiles | cached done C:\Users\tsusa\OneDrive - Automanix\그림\220731 강화도.mp4_005246116.png
[20:59:53.602] [T1] tiles | cached done C:\Users\tsusa\OneDrive - Automanix\그림\220731 강화도.mp4_005246116.jpeg
[20:59:53.607] [T1] list | phase0 C:\Users\tsusa\OneDrive - Automanix\그림\PXL_20220902_215631957_3.jpg
[20:59:53.610] [T1] list | phase0 C:\Users\tsusa\OneDrive - Automanix\그림\PXL_20220903_010322367_2.jpg
[20:59:53.617] [T1] list | phase0 C:\Users\tsusa\OneDrive - Automanix\그림\PXL_20220920_125143842.MOTION-02.ORIGINAL_2.jpg
[20:59:53.645] [T1] list | phase0 C:\Users\tsusa\OneDrive - Automanix\그림\PXL_20221101_105955590_2.jpg
[20:59:53.650] [T1] list | phase0 C:\Users\tsusa\OneDrive - Automanix\그림\PXL_20230212_024010110.jpg
[20:59:53.665] [T1] tiles | phase0 C:\Users\tsusa\OneDrive - Automanix\그림\pexels-polina-zimmerman-3778619.jpg
[20:59:53.668] [T1] tiles | phase0 C:\Users\tsusa\OneDrive - Automanix\그림\PXL_20220709_232639106_2.jpg
[20:59:53.670] [T1] tiles | phase0 C:\Users\tsusa\OneDrive - Automanix\그림\PXL_20220714_125035942_2.jpg
[20:59:53.671] [T1] tiles | phase0 C:\Users\tsusa\OneDrive - Automanix\그림\PXL_20220714_125148380_2.jpg
[20:59:53.682] [T1] tiles | cached done C:\Users\tsusa\OneDrive - Automanix\그림\KakaoTalk_20200117_092011491.png
[20:59:53.683] [T1] tiles | cached done C:\Users\tsusa\OneDrive - Automanix\그림\DALL·E 2024-07-22 16.05.33 - Simplified version of a logo for 'Automotive Research Solution' with the main elements being 'ARS' in a bold font and a sleek, modern car silhouette. .webp
[20:59:53.684] [T1] tiles | cached done C:\Users\tsusa\OneDrive - Automanix\그림\pexels-pixabay-37347.jpg
[20:59:53.684] [T1] tiles | cached done C:\Users\tsusa\OneDrive - Automanix\그림\KakaoTalk_20240703_110337676.jpg
[20:59:53.685] [T1] tiles | fill cached C:\Users\tsusa\OneDrive - Automanix\그림\pexels-polina-zimmerman-3778619.jpg
[20:59:53.686] [T1] tiles | fill cached C:\Users\tsusa\OneDrive - Automanix\그림\PXL_20220709_232639106_2.jpg
[20:59:53.687] [T1] tiles | fill cached C:\Users\tsusa\OneDrive - Automanix\그림\PXL_20220714_125035942_2.jpg
[20:59:53.688] [T1] tiles | fill cached C:\Users\tsusa\OneDrive - Automanix\그림\PXL_20220714_125148380_2.jpg
[20:59:53.691] [T1] list | phase0 C:\Users\tsusa\OneDrive - Automanix\그림\PXL_20230212_025601437_2.jpg
[20:59:53.694] [T1] list | phase0 C:\Users\tsusa\OneDrive - Automanix\그림\PXL_20230422_230822530~2.jpg
[20:59:53.696] [T1] list | phase0 C:\Users\tsusa\OneDrive - Automanix\그림\vlcsnap-2026-01-18-12h58m03s381.png
[20:59:53.696] [T1] detail | fetch Image C:\Users\tsusa\OneDrive - Automanix\그림\vlcsnap-2026-01-18-12h58m03s381.png
[20:59:53.723] [T1] list | phase0 C:\Users\tsusa\OneDrive - Automanix\그림\vlcsnap-2026-01-19-02h04m39s483.png
[20:59:53.723] [T1] detail | fetch Image C:\Users\tsusa\OneDrive - Automanix\그림\vlcsnap-2026-01-19-02h04m39s483.png
[20:59:53.727] [T1] list | phase0 C:\Users\tsusa\OneDrive - Automanix\그림\vlcsnap-2026-01-27-01h49m01s690.png
[20:59:53.727] [T1] detail | fetch Image C:\Users\tsusa\OneDrive - Automanix\그림\vlcsnap-2026-01-27-01h49m01s690.png
[20:59:53.734] [T1] tiles | cached done C:\Users\tsusa\OneDrive - Automanix\그림\pexels-polina-zimmerman-3778619.jpg
[20:59:53.734] [T1] tiles | cached done C:\Users\tsusa\OneDrive - Automanix\그림\PXL_20220714_125035942_2.jpg
[20:59:53.735] [T1] tiles | cached done C:\Users\tsusa\OneDrive - Automanix\그림\PXL_20220714_125148380_2.jpg
[20:59:53.735] [T1] tiles | cached done C:\Users\tsusa\OneDrive - Automanix\그림\PXL_20220709_232639106_2.jpg
[20:59:53.755] [T1] list | phase0 C:\Users\tsusa\OneDrive - Automanix\그림\민초로부터 온 퇴장 통보.png
[20:59:53.755] [T1] detail | fetch Image C:\Users\tsusa\OneDrive - Automanix\그림\민초로부터 온 퇴장 통보.png
[20:59:53.759] [T1] list | phase0 C:\Users\tsusa\OneDrive - Automanix\그림\아우디 현가장치 관련 리콜.png
[20:59:53.764] [T1] list | phase0 C:\Users\tsusa\OneDrive - Automanix\그림\오토매닉스 대표이미지.png
[20:59:53.778] [T1] tiles | phase0 C:\Users\tsusa\OneDrive - Automanix\그림\PXL_20220719_121308973_2.jpg
[20:59:53.779] [T1] tiles | phase0 C:\Users\tsusa\OneDrive - Automanix\그림\PXL_20220726_125747369_2.jpg
[20:59:53.813] [T1] tiles | phase0 C:\Users\tsusa\OneDrive - Automanix\그림\PXL_20220804_125449327_2.jpg
[20:59:53.815] [T1] tiles | phase0 C:\Users\tsusa\OneDrive - Automanix\그림\PXL_20220812_121956977_2.jpg
[20:59:53.838] [T1] tiles | fill cached C:\Users\tsusa\OneDrive - Automanix\그림\PXL_20220719_121308973_2.jpg
[20:59:53.839] [T1] tiles | fill cached C:\Users\tsusa\OneDrive - Automanix\그림\PXL_20220726_125747369_2.jpg
[20:59:53.840] [T1] tiles | fill cached C:\Users\tsusa\OneDrive - Automanix\그림\PXL_20220804_125449327_2.jpg
[20:59:53.840] [T1] tiles | fill cached C:\Users\tsusa\OneDrive - Automanix\그림\PXL_20220812_121956977_2.jpg
[20:59:53.844] [T1] list | phase0 C:\Users\tsusa\OneDrive - Automanix\그림\오토매닉스 로고.png
[20:59:53.847] [T1] list | phase0 C:\Users\tsusa\OneDrive - Automanix\그림\오토매닉스 로고이미지.png
[20:59:53.869] [T1] list | phase0 C:\Users\tsusa\OneDrive - Automanix\그림\오토매닉스_약도.png
[20:59:53.873] [T1] list | phase0 C:\Users\tsusa\OneDrive - Automanix\그림\오토매닉스_인감_배경제거.png
[20:59:53.876] [T1] list | phase0 C:\Users\tsusa\OneDrive - Automanix\그림\코인챗 로고 long 188_79.png
[20:59:53.887] [T1] tiles | cached done C:\Users\tsusa\OneDrive - Automanix\그림\PXL_20220726_125747369_2.jpg
[20:59:53.887] [T1] tiles | cached done C:\Users\tsusa\OneDrive - Automanix\그림\PXL_20220804_125449327_2.jpg
[20:59:53.888] [T1] tiles | cached done C:\Users\tsusa\OneDrive - Automanix\그림\PXL_20220719_121308973_2.jpg
[20:59:53.888] [T1] tiles | cached done C:\Users\tsusa\OneDrive - Automanix\그림\PXL_20220812_121956977_2.jpg
[20:59:53.892] [T1] list | phase0 C:\Users\tsusa\OneDrive - Automanix\그림\코인챗 로고 square 148_148.png
[20:59:53.898] [T1] list | phase0 C:\Users\tsusa\OneDrive - Automanix\그림\코인챗_211012_아이폰XS_2대_중고구매.png
[20:59:53.910] [T1] tiles | phase0 C:\Users\tsusa\OneDrive - Automanix\그림\PXL_20220813_214558393_2.jpg
[20:59:53.911] [T1] tiles | phase0 C:\Users\tsusa\OneDrive - Automanix\그림\PXL_20220817_112931072_2.jpg
[20:59:53.912] [T1] tiles | phase0 C:\Users\tsusa\OneDrive - Automanix\그림\PXL_20220824_112948946_2.jpg
[20:59:53.914] [T1] tiles | phase0 C:\Users\tsusa\OneDrive - Automanix\그림\PXL_20220827_001839431_2.jpg
[20:59:53.926] [T1] tiles | fill cached C:\Users\tsusa\OneDrive - Automanix\그림\PXL_20220813_214558393_2.jpg
[20:59:53.927] [T1] tiles | fill cached C:\Users\tsusa\OneDrive - Automanix\그림\PXL_20220817_112931072_2.jpg
[20:59:53.927] [T1] tiles | fill cached C:\Users\tsusa\OneDrive - Automanix\그림\PXL_20220824_112948946_2.jpg
[20:59:53.928] [T1] tiles | fill cached C:\Users\tsusa\OneDrive - Automanix\그림\PXL_20220827_001839431_2.jpg
[20:59:53.932] [T1] list | phase0 C:\Users\tsusa\OneDrive - Automanix\그림\코인챗_사무실.jpg
[20:59:53.936] [T1] list | phase0 C:\Users\tsusa\OneDrive - Automanix\그림\코인챗_회의실.jpg
[20:59:53.939] [T1] list | phase0 C:\Users\tsusa\OneDrive - Automanix\그림\포가차.jpg
[20:59:53.960] [T1] list | phase0 C:\Users\tsusa\OneDrive - Automanix\그림\화면 캡처 2020-11-26 162745.png
[20:59:53.963] [T1] list | phase0 C:\Users\tsusa\OneDrive - Automanix\그림\화면 캡처 2022-06-21 003453.png
[20:59:53.970] [T1] tiles | cached done C:\Users\tsusa\OneDrive - Automanix\그림\PXL_20220817_112931072_2.jpg
[20:59:53.970] [T1] tiles | cached done C:\Users\tsusa\OneDrive - Automanix\그림\PXL_20220813_214558393_2.jpg
[20:59:53.970] [T1] tiles | cached done C:\Users\tsusa\OneDrive - Automanix\그림\PXL_20220827_001839431_2.jpg
[20:59:53.970] [T1] tiles | cached done C:\Users\tsusa\OneDrive - Automanix\그림\PXL_20220824_112948946_2.jpg
[20:59:53.989] [T1] list | phase0 C:\Users\tsusa\OneDrive - Automanix\그림\화면 캡처 2022-08-01 115837.jpg
[20:59:53.992] [T1] list | phase0 C:\Users\tsusa\OneDrive - Automanix\그림\화면 캡처 2022-08-01 115837.png
[20:59:53.996] [T1] list | phase0 C:\Users\tsusa\OneDrive - Automanix\그림\화면 캡처 2022-08-07 171622.png
[20:59:54.034] [T1] tiles | phase0 C:\Users\tsusa\OneDrive - Automanix\그림\PXL_20220827_230734531_2.jpg
[20:59:54.038] [T1] tiles | phase0 C:\Users\tsusa\OneDrive - Automanix\그림\PXL_20220831_130316984_2.jpg
[20:59:54.040] [T1] tiles | phase0 C:\Users\tsusa\OneDrive - Automanix\그림\PXL_20220902_215631957_3.jpg
[20:59:54.041] [T1] tiles | phase0 C:\Users\tsusa\OneDrive - Automanix\그림\PXL_20220903_010322367_2.jpg
[20:59:54.061] [T1] tiles | fill cached C:\Users\tsusa\OneDrive - Automanix\그림\PXL_20220827_230734531_2.jpg
[20:59:54.062] [T1] tiles | fill cached C:\Users\tsusa\OneDrive - Automanix\그림\PXL_20220831_130316984_2.jpg
[20:59:54.062] [T1] tiles | fill cached C:\Users\tsusa\OneDrive - Automanix\그림\PXL_20220902_215631957_3.jpg
[20:59:54.063] [T1] tiles | fill cached C:\Users\tsusa\OneDrive - Automanix\그림\PXL_20220903_010322367_2.jpg
[20:59:54.066] [T1] list | phase0 C:\Users\tsusa\OneDrive - Automanix\그림\화면 캡처 2022-09-29 233922.png
[20:59:54.068] [T1] list | phase0 C:\Users\tsusa\OneDrive - Automanix\그림\화면 캡처 2022-10-18 181358.png
[20:59:54.116] [T1] tiles | cached done C:\Users\tsusa\OneDrive - Automanix\그림\PXL_20220827_230734531_2.jpg
[20:59:54.116] [T1] tiles | cached done C:\Users\tsusa\OneDrive - Automanix\그림\PXL_20220831_130316984_2.jpg
[20:59:54.116] [T1] tiles | cached done C:\Users\tsusa\OneDrive - Automanix\그림\PXL_20220903_010322367_2.jpg
[20:59:54.117] [T1] tiles | cached done C:\Users\tsusa\OneDrive - Automanix\그림\PXL_20220902_215631957_3.jpg
[20:59:54.125] [T1] list | phase0 C:\Users\tsusa\OneDrive - Automanix\그림\화면 캡처 2022-10-21 005745.png
[20:59:54.168] [T1] tiles | phase0 C:\Users\tsusa\OneDrive - Automanix\그림\PXL_20220920_125143842.MOTION-02.ORIGINAL_2.jpg
[20:59:54.169] [T1] tiles | phase0 C:\Users\tsusa\OneDrive - Automanix\그림\PXL_20221101_105955590_2.jpg
[20:59:54.171] [T1] tiles | phase0 C:\Users\tsusa\OneDrive - Automanix\그림\PXL_20230212_024010110.jpg
[20:59:54.172] [T1] tiles | phase0 C:\Users\tsusa\OneDrive - Automanix\그림\PXL_20230212_025601437_2.jpg
[20:59:54.180] [T1] tiles | fill cached C:\Users\tsusa\OneDrive - Automanix\그림\PXL_20220920_125143842.MOTION-02.ORIGINAL_2.jpg
[20:59:54.180] [T1] tiles | fill cached C:\Users\tsusa\OneDrive - Automanix\그림\PXL_20221101_105955590_2.jpg
[20:59:54.181] [T1] tiles | fill cached C:\Users\tsusa\OneDrive - Automanix\그림\PXL_20230212_024010110.jpg
[20:59:54.182] [T1] tiles | fill cached C:\Users\tsusa\OneDrive - Automanix\그림\PXL_20230212_025601437_2.jpg
[20:59:54.197] [T1] tiles | cached done C:\Users\tsusa\OneDrive - Automanix\그림\PXL_20221101_105955590_2.jpg
[20:59:54.201] [T1] tiles | cached done C:\Users\tsusa\OneDrive - Automanix\그림\PXL_20230212_024010110.jpg
[20:59:54.201] [T1] tiles | cached done C:\Users\tsusa\OneDrive - Automanix\그림\PXL_20230212_025601437_2.jpg
[20:59:54.202] [T1] tiles | cached done C:\Users\tsusa\OneDrive - Automanix\그림\PXL_20220920_125143842.MOTION-02.ORIGINAL_2.jpg
[20:59:54.205] [T1] tiles | phase0 C:\Users\tsusa\OneDrive - Automanix\그림\PXL_20230422_230822530~2.jpg
[20:59:54.206] [T1] tiles | phase0 C:\Users\tsusa\OneDrive - Automanix\그림\vlcsnap-2026-01-18-12h58m03s381.png
[20:59:54.207] [T1] tiles | phase0 C:\Users\tsusa\OneDrive - Automanix\그림\vlcsnap-2026-01-19-02h04m39s483.png
[20:59:54.210] [T1] tiles | phase0 C:\Users\tsusa\OneDrive - Automanix\그림\vlcsnap-2026-01-27-01h49m01s690.png
[20:59:54.211] [T1] tiles | fill cached C:\Users\tsusa\OneDrive - Automanix\그림\PXL_20230422_230822530~2.jpg
[20:59:54.211] [T1] tiles | fill shell C:\Users\tsusa\OneDrive - Automanix\그림\vlcsnap-2026-01-18-12h58m03s381.png
[20:59:54.212] [T1] tiles | fill shell C:\Users\tsusa\OneDrive - Automanix\그림\vlcsnap-2026-01-19-02h04m39s483.png
[20:59:54.212] [T1] tiles | fill shell C:\Users\tsusa\OneDrive - Automanix\그림\vlcsnap-2026-01-27-01h49m01s690.png
[20:59:54.244] [T1] tiles | shell done C:\Users\tsusa\OneDrive - Automanix\그림\vlcsnap-2026-01-27-01h49m01s690.png
[20:59:54.245] [T1] tiles | cached done C:\Users\tsusa\OneDrive - Automanix\그림\PXL_20230422_230822530~2.jpg
[20:59:54.245] [T1] tiles | shell done C:\Users\tsusa\OneDrive - Automanix\그림\vlcsnap-2026-01-19-02h04m39s483.png
[20:59:54.246] [T1] tiles | shell done C:\Users\tsusa\OneDrive - Automanix\그림\vlcsnap-2026-01-18-12h58m03s381.png
[20:59:54.253] [T1] tiles | phase0 C:\Users\tsusa\OneDrive - Automanix\그림\민초로부터 온 퇴장 통보.png
[20:59:54.255] [T1] tiles | phase0 C:\Users\tsusa\OneDrive - Automanix\그림\아우디 현가장치 관련 리콜.png
[20:59:54.256] [T1] tiles | phase0 C:\Users\tsusa\OneDrive - Automanix\그림\오토매닉스 대표이미지.png
[20:59:54.258] [T1] tiles | phase0 C:\Users\tsusa\OneDrive - Automanix\그림\오토매닉스 로고.png
[20:59:54.264] [T1] tiles | fill shell C:\Users\tsusa\OneDrive - Automanix\그림\민초로부터 온 퇴장 통보.png
[20:59:54.265] [T1] tiles | fill cached C:\Users\tsusa\OneDrive - Automanix\그림\아우디 현가장치 관련 리콜.png
[20:59:54.266] [T1] tiles | fill cached C:\Users\tsusa\OneDrive - Automanix\그림\오토매닉스 대표이미지.png
[20:59:54.267] [T1] tiles | fill cached C:\Users\tsusa\OneDrive - Automanix\그림\오토매닉스 로고.png
[20:59:54.283] [T1] tiles | shell done C:\Users\tsusa\OneDrive - Automanix\그림\민초로부터 온 퇴장 통보.png
[20:59:54.288] [T1] tiles | cached done C:\Users\tsusa\OneDrive - Automanix\그림\오토매닉스 로고.png
[20:59:54.288] [T1] tiles | cached done C:\Users\tsusa\OneDrive - Automanix\그림\아우디 현가장치 관련 리콜.png
[20:59:54.289] [T1] tiles | cached done C:\Users\tsusa\OneDrive - Automanix\그림\오토매닉스 대표이미지.png
[20:59:54.292] [T1] tiles | phase0 C:\Users\tsusa\OneDrive - Automanix\그림\오토매닉스 로고이미지.png
[20:59:54.295] [T1] tiles | phase0 C:\Users\tsusa\OneDrive - Automanix\그림\오토매닉스_약도.png
[20:59:54.297] [T1] tiles | phase0 C:\Users\tsusa\OneDrive - Automanix\그림\오토매닉스_인감_배경제거.png
[20:59:54.299] [T1] tiles | phase0 C:\Users\tsusa\OneDrive - Automanix\그림\코인챗 로고 long 188_79.png
[20:59:54.299] [T1] tiles | fill cached C:\Users\tsusa\OneDrive - Automanix\그림\오토매닉스 로고이미지.png
[20:59:54.300] [T1] tiles | fill cached C:\Users\tsusa\OneDrive - Automanix\그림\오토매닉스_약도.png
[20:59:54.301] [T1] tiles | fill cached C:\Users\tsusa\OneDrive - Automanix\그림\오토매닉스_인감_배경제거.png
[20:59:54.302] [T1] tiles | fill cached C:\Users\tsusa\OneDrive - Automanix\그림\코인챗 로고 long 188_79.png
[20:59:54.314] [T1] tiles | cached done C:\Users\tsusa\OneDrive - Automanix\그림\코인챗 로고 long 188_79.png
[20:59:54.315] [T1] tiles | cached done C:\Users\tsusa\OneDrive - Automanix\그림\오토매닉스 로고이미지.png
[20:59:54.316] [T1] tiles | cached done C:\Users\tsusa\OneDrive - Automanix\그림\오토매닉스_인감_배경제거.png
[20:59:54.316] [T1] tiles | cached done C:\Users\tsusa\OneDrive - Automanix\그림\오토매닉스_약도.png
[20:59:54.326] [T1] tiles | phase0 C:\Users\tsusa\OneDrive - Automanix\그림\코인챗 로고 square 148_148.png
[20:59:54.327] [T1] tiles | phase0 C:\Users\tsusa\OneDrive - Automanix\그림\코인챗_211012_아이폰XS_2대_중고구매.png
[20:59:54.329] [T1] tiles | phase0 C:\Users\tsusa\OneDrive - Automanix\그림\코인챗_사무실.jpg
[20:59:54.330] [T1] tiles | phase0 C:\Users\tsusa\OneDrive - Automanix\그림\코인챗_회의실.jpg
[20:59:54.337] [T1] tiles | fill cached C:\Users\tsusa\OneDrive - Automanix\그림\코인챗 로고 square 148_148.png
[20:59:54.339] [T1] tiles | fill cached C:\Users\tsusa\OneDrive - Automanix\그림\코인챗_211012_아이폰XS_2대_중고구매.png
[20:59:54.340] [T1] tiles | fill cached C:\Users\tsusa\OneDrive - Automanix\그림\코인챗_사무실.jpg
[20:59:54.340] [T1] tiles | fill cached C:\Users\tsusa\OneDrive - Automanix\그림\코인챗_회의실.jpg
[20:59:54.353] [T1] tiles | cached done C:\Users\tsusa\OneDrive - Automanix\그림\코인챗 로고 square 148_148.png
[20:59:54.358] [T1] tiles | cached done C:\Users\tsusa\OneDrive - Automanix\그림\코인챗_211012_아이폰XS_2대_중고구매.png
[20:59:54.359] [T1] tiles | cached done C:\Users\tsusa\OneDrive - Automanix\그림\코인챗_회의실.jpg
[20:59:54.360] [T1] tiles | cached done C:\Users\tsusa\OneDrive - Automanix\그림\코인챗_사무실.jpg
[20:59:54.362] [T1] tiles | phase0 C:\Users\tsusa\OneDrive - Automanix\그림\포가차.jpg
[20:59:54.364] [T1] tiles | phase0 C:\Users\tsusa\OneDrive - Automanix\그림\화면 캡처 2020-11-26 162745.png
[20:59:54.367] [T1] tiles | phase0 C:\Users\tsusa\OneDrive - Automanix\그림\화면 캡처 2022-06-21 003453.png
[20:59:54.368] [T1] tiles | phase0 C:\Users\tsusa\OneDrive - Automanix\그림\화면 캡처 2022-08-01 115837.jpg
[20:59:54.370] [T1] tiles | fill cached C:\Users\tsusa\OneDrive - Automanix\그림\포가차.jpg
[20:59:54.372] [T1] tiles | fill cached C:\Users\tsusa\OneDrive - Automanix\그림\화면 캡처 2020-11-26 162745.png
[20:59:54.373] [T1] tiles | fill cached C:\Users\tsusa\OneDrive - Automanix\그림\화면 캡처 2022-06-21 003453.png
[20:59:54.374] [T1] tiles | fill cached C:\Users\tsusa\OneDrive - Automanix\그림\화면 캡처 2022-08-01 115837.jpg
[20:59:54.391] [T1] tiles | cached done C:\Users\tsusa\OneDrive - Automanix\그림\화면 캡처 2020-11-26 162745.png
[20:59:54.395] [T1] tiles | cached done C:\Users\tsusa\OneDrive - Automanix\그림\포가차.jpg
[20:59:54.396] [T1] tiles | cached done C:\Users\tsusa\OneDrive - Automanix\그림\화면 캡처 2022-06-21 003453.png
[20:59:54.397] [T1] tiles | cached done C:\Users\tsusa\OneDrive - Automanix\그림\화면 캡처 2022-08-01 115837.jpg
[20:59:54.399] [T1] tiles | phase0 C:\Users\tsusa\OneDrive - Automanix\그림\화면 캡처 2022-08-01 115837.png
[20:59:54.400] [T1] tiles | phase0 C:\Users\tsusa\OneDrive - Automanix\그림\화면 캡처 2022-08-07 171622.png
[20:59:54.401] [T1] tiles | phase0 C:\Users\tsusa\OneDrive - Automanix\그림\화면 캡처 2022-09-29 233922.png
[20:59:54.402] [T1] tiles | phase0 C:\Users\tsusa\OneDrive - Automanix\그림\화면 캡처 2022-10-18 181358.png
[20:59:54.410] [T1] tiles | fill cached C:\Users\tsusa\OneDrive - Automanix\그림\화면 캡처 2022-08-01 115837.png
[20:59:54.412] [T1] tiles | fill cached C:\Users\tsusa\OneDrive - Automanix\그림\화면 캡처 2022-08-07 171622.png
[20:59:54.413] [T1] tiles | fill cached C:\Users\tsusa\OneDrive - Automanix\그림\화면 캡처 2022-09-29 233922.png
[20:59:54.414] [T1] tiles | fill cached C:\Users\tsusa\OneDrive - Automanix\그림\화면 캡처 2022-10-18 181358.png
[20:59:54.434] [T1] tiles | cached done C:\Users\tsusa\OneDrive - Automanix\그림\화면 캡처 2022-08-07 171622.png
[20:59:54.437] [T1] tiles | cached done C:\Users\tsusa\OneDrive - Automanix\그림\화면 캡처 2022-08-01 115837.png
[20:59:54.438] [T1] tiles | cached done C:\Users\tsusa\OneDrive - Automanix\그림\화면 캡처 2022-09-29 233922.png
[20:59:54.439] [T1] tiles | cached done C:\Users\tsusa\OneDrive - Automanix\그림\화면 캡처 2022-10-18 181358.png
[20:59:54.445] [T1] tiles | phase0 C:\Users\tsusa\OneDrive - Automanix\그림\화면 캡처 2022-10-21 005745.png
[20:59:54.446] [T1] tiles | fill cached C:\Users\tsusa\OneDrive - Automanix\그림\화면 캡처 2022-10-21 005745.png
[20:59:54.467] [T1] tiles | cached done C:\Users\tsusa\OneDrive - Automanix\그림\화면 캡처 2022-10-21 005745.png
[20:59:55.013] [T1] nav | NavigateToAsync C:\Users\tsusa\OneDrive - Automanix\그림 exts=48
[20:59:55.014] [T1] nav | scan done C:\Users\tsusa\OneDrive - Automanix\그림 count=69
[20:59:55.014] [T1] nav | RefreshView C:\Users\tsusa\OneDrive - Automanix\그림 count=69
[20:59:55.014] [T1] list | recycle C:\Users\tsusa\OneDrive - Automanix\그림\240323 강가 별장
[20:59:55.014] [T1] list | ForceFinish(recycle)
[20:59:55.014] [T1] list | recycle C:\Users\tsusa\OneDrive - Automanix\그림\aaa
[20:59:55.014] [T1] list | ForceFinish(recycle)
[20:59:55.014] [T1] list | recycle C:\Users\tsusa\OneDrive - Automanix\그림\bbb
[20:59:55.014] [T1] list | ForceFinish(recycle)
[20:59:55.014] [T1] list | recycle C:\Users\tsusa\OneDrive - Automanix\그림\ccc
[20:59:55.014] [T1] list | ForceFinish(recycle)
[20:59:55.014] [T1] list | recycle C:\Users\tsusa\OneDrive - Automanix\그림\ddd
[20:59:55.014] [T1] list | ForceFinish(recycle)
[20:59:55.014] [T1] list | recycle C:\Users\tsusa\OneDrive - Automanix\그림\Feedback
[20:59:55.014] [T1] list | ForceFinish(recycle)
[20:59:55.014] [T1] list | recycle C:\Users\tsusa\OneDrive - Automanix\그림\Saved Pictures
[20:59:55.014] [T1] list | ForceFinish(recycle)
[20:59:55.014] [T1] list | recycle C:\Users\tsusa\OneDrive - Automanix\그림\Scan
[20:59:55.014] [T1] list | ForceFinish(recycle)
[20:59:55.014] [T1] list | recycle C:\Users\tsusa\OneDrive - Automanix\그림\Screenshots
[20:59:55.014] [T1] list | ForceFinish(recycle)
[20:59:55.014] [T1] list | recycle C:\Users\tsusa\OneDrive - Automanix\그림\Zwift
[20:59:55.014] [T1] list | ForceFinish(recycle)
[20:59:55.014] [T1] list | recycle C:\Users\tsusa\OneDrive - Automanix\그림\바탕화면
[20:59:55.014] [T1] list | ForceFinish(recycle)
[20:59:55.014] [T1] list | recycle C:\Users\tsusa\OneDrive - Automanix\그림\새 폴더
[20:59:55.014] [T1] list | ForceFinish(recycle)
[20:59:55.014] [T1] list | recycle C:\Users\tsusa\OneDrive - Automanix\그림\스캔
[20:59:55.014] [T1] list | ForceFinish(recycle)
[20:59:55.014] [T1] list | recycle C:\Users\tsusa\OneDrive - Automanix\그림\스크린샷
[20:59:55.014] [T1] list | ForceFinish(recycle)
[20:59:55.015] [T1] list | recycle C:\Users\tsusa\OneDrive - Automanix\그림\카메라 앨범
[20:59:55.015] [T1] list | ForceFinish(recycle)
[20:59:55.015] [T1] list | recycle C:\Users\tsusa\OneDrive - Automanix\그림\220731 강화도.mp4_005246116.jpeg
[20:59:55.015] [T1] list | ForceFinish(recycle)
[20:59:55.015] [T1] list | recycle C:\Users\tsusa\OneDrive - Automanix\그림\220731 강화도.mp4_005246116.jpg
[20:59:55.015] [T1] list | ForceFinish(recycle)
[20:59:55.015] [T1] list | recycle C:\Users\tsusa\OneDrive - Automanix\그림\220731 강화도.mp4_005246116.png
[20:59:55.015] [T1] list | ForceFinish(recycle)
[20:59:55.015] [T1] list | recycle C:\Users\tsusa\OneDrive - Automanix\그림\AMX.jpg
[20:59:55.015] [T1] list | ForceFinish(recycle)
[20:59:55.015] [T1] list | recycle C:\Users\tsusa\OneDrive - Automanix\그림\ARS-로고디자인_원본파일.png
[20:59:55.015] [T1] list | ForceFinish(recycle)
[20:59:55.015] [T1] list | recycle C:\Users\tsusa\OneDrive - Automanix\그림\DALL·E 2024-07-22 16.05.33 - Simplified version of a logo for 'Automotive Research Solution' with the main elements being 'ARS' in a bold font and a sleek, modern car silhouette. .webp
[20:59:55.015] [T1] list | ForceFinish(recycle)
[20:59:55.015] [T1] list | recycle C:\Users\tsusa\OneDrive - Automanix\그림\KakaoTalk_20200117_092011491.png
[20:59:55.015] [T1] list | ForceFinish(recycle)
[20:59:55.015] [T1] list | recycle C:\Users\tsusa\OneDrive - Automanix\그림\KakaoTalk_20240703_110337676.jpg
[20:59:55.015] [T1] list | ForceFinish(recycle)
[20:59:55.015] [T1] list | recycle C:\Users\tsusa\OneDrive - Automanix\그림\pexels-pixabay-37347.jpg
[20:59:55.015] [T1] list | ForceFinish(recycle)
[20:59:55.015] [T1] list | recycle C:\Users\tsusa\OneDrive - Automanix\그림\pexels-polina-zimmerman-3778619.jpg
[20:59:55.015] [T1] list | ForceFinish(recycle)
[20:59:55.015] [T1] list | recycle C:\Users\tsusa\OneDrive - Automanix\그림\PXL_20220709_232639106_2.jpg
[20:59:55.015] [T1] list | ForceFinish(recycle)
[20:59:55.015] [T1] list | recycle C:\Users\tsusa\OneDrive - Automanix\그림\PXL_20220714_125035942_2.jpg
[20:59:55.015] [T1] list | ForceFinish(recycle)
[20:59:55.015] [T1] list | recycle C:\Users\tsusa\OneDrive - Automanix\그림\PXL_20220714_125148380_2.jpg
[20:59:55.015] [T1] list | ForceFinish(recycle)
[20:59:55.015] [T1] list | recycle C:\Users\tsusa\OneDrive - Automanix\그림\PXL_20220719_121308973_2.jpg
[20:59:55.015] [T1] list | ForceFinish(recycle)
[20:59:55.015] [T1] list | recycle C:\Users\tsusa\OneDrive - Automanix\그림\PXL_20220726_125747369_2.jpg
[20:59:55.015] [T1] list | ForceFinish(recycle)
[20:59:55.015] [T1] list | recycle C:\Users\tsusa\OneDrive - Automanix\그림\PXL_20220804_125449327_2.jpg
[20:59:55.015] [T1] list | ForceFinish(recycle)
[20:59:55.015] [T1] list | recycle C:\Users\tsusa\OneDrive - Automanix\그림\PXL_20220812_121956977_2.jpg
[20:59:55.015] [T1] list | ForceFinish(recycle)
[20:59:55.015] [T1] list | recycle C:\Users\tsusa\OneDrive - Automanix\그림\PXL_20220813_214558393_2.jpg
[20:59:55.015] [T1] list | ForceFinish(recycle)
[20:59:55.015] [T1] list | recycle C:\Users\tsusa\OneDrive - Automanix\그림\PXL_20220817_112931072_2.jpg
[20:59:55.015] [T1] list | ForceFinish(recycle)
[20:59:55.015] [T1] list | recycle C:\Users\tsusa\OneDrive - Automanix\그림\PXL_20220824_112948946_2.jpg
[20:59:55.015] [T1] list | ForceFinish(recycle)
[20:59:55.015] [T1] list | recycle C:\Users\tsusa\OneDrive - Automanix\그림\PXL_20220827_001839431_2.jpg
[20:59:55.015] [T1] list | ForceFinish(recycle)
[20:59:55.015] [T1] list | recycle C:\Users\tsusa\OneDrive - Automanix\그림\PXL_20220827_230734531_2.jpg
[20:59:55.015] [T1] list | ForceFinish(recycle)
[20:59:55.015] [T1] list | recycle C:\Users\tsusa\OneDrive - Automanix\그림\PXL_20220831_130316984_2.jpg
[20:59:55.015] [T1] list | ForceFinish(recycle)
[20:59:55.015] [T1] list | recycle C:\Users\tsusa\OneDrive - Automanix\그림\PXL_20220902_215631957_3.jpg
[20:59:55.015] [T1] list | ForceFinish(recycle)
[20:59:55.015] [T1] list | recycle C:\Users\tsusa\OneDrive - Automanix\그림\PXL_20220903_010322367_2.jpg
[20:59:55.015] [T1] list | ForceFinish(recycle)
[20:59:55.015] [T1] list | recycle C:\Users\tsusa\OneDrive - Automanix\그림\PXL_20220920_125143842.MOTION-02.ORIGINAL_2.jpg
[20:59:55.015] [T1] list | ForceFinish(recycle)
[20:59:55.015] [T1] list | recycle C:\Users\tsusa\OneDrive - Automanix\그림\PXL_20221101_105955590_2.jpg
[20:59:55.015] [T1] list | ForceFinish(recycle)
[20:59:55.015] [T1] list | recycle C:\Users\tsusa\OneDrive - Automanix\그림\PXL_20230212_024010110.jpg
[20:59:55.015] [T1] list | ForceFinish(recycle)
[20:59:55.015] [T1] list | recycle C:\Users\tsusa\OneDrive - Automanix\그림\PXL_20230212_025601437_2.jpg
[20:59:55.015] [T1] list | ForceFinish(recycle)
[20:59:55.015] [T1] list | recycle C:\Users\tsusa\OneDrive - Automanix\그림\PXL_20230422_230822530~2.jpg
[20:59:55.015] [T1] list | ForceFinish(recycle)
[20:59:55.015] [T1] list | recycle C:\Users\tsusa\OneDrive - Automanix\그림\vlcsnap-2026-01-18-12h58m03s381.png
[20:59:55.015] [T1] list | ForceFinish(recycle)
[20:59:55.015] [T1] list | recycle C:\Users\tsusa\OneDrive - Automanix\그림\vlcsnap-2026-01-19-02h04m39s483.png
[20:59:55.015] [T1] list | ForceFinish(recycle)
[20:59:55.015] [T1] list | recycle C:\Users\tsusa\OneDrive - Automanix\그림\vlcsnap-2026-01-27-01h49m01s690.png
[20:59:55.015] [T1] list | ForceFinish(recycle)
[20:59:55.015] [T1] list | recycle C:\Users\tsusa\OneDrive - Automanix\그림\민초로부터 온 퇴장 통보.png
[20:59:55.015] [T1] list | ForceFinish(recycle)
[20:59:55.015] [T1] list | recycle C:\Users\tsusa\OneDrive - Automanix\그림\아우디 현가장치 관련 리콜.png
[20:59:55.015] [T1] list | ForceFinish(recycle)
[20:59:55.015] [T1] list | recycle C:\Users\tsusa\OneDrive - Automanix\그림\오토매닉스 대표이미지.png
[20:59:55.015] [T1] list | ForceFinish(recycle)
[20:59:55.015] [T1] list | recycle C:\Users\tsusa\OneDrive - Automanix\그림\오토매닉스 로고.png
[20:59:55.015] [T1] list | ForceFinish(recycle)
[20:59:55.015] [T1] list | recycle C:\Users\tsusa\OneDrive - Automanix\그림\오토매닉스 로고이미지.png
[20:59:55.015] [T1] list | ForceFinish(recycle)
[20:59:55.015] [T1] list | recycle C:\Users\tsusa\OneDrive - Automanix\그림\오토매닉스_약도.png
[20:59:55.015] [T1] list | ForceFinish(recycle)
[20:59:55.015] [T1] list | recycle C:\Users\tsusa\OneDrive - Automanix\그림\오토매닉스_인감_배경제거.png
[20:59:55.015] [T1] list | ForceFinish(recycle)
[20:59:55.015] [T1] list | recycle C:\Users\tsusa\OneDrive - Automanix\그림\코인챗 로고 long 188_79.png
[20:59:55.015] [T1] list | ForceFinish(recycle)
[20:59:55.015] [T1] list | recycle C:\Users\tsusa\OneDrive - Automanix\그림\코인챗 로고 square 148_148.png
[20:59:55.015] [T1] list | ForceFinish(recycle)
[20:59:55.015] [T1] list | recycle C:\Users\tsusa\OneDrive - Automanix\그림\코인챗_211012_아이폰XS_2대_중고구매.png
[20:59:55.015] [T1] list | ForceFinish(recycle)
[20:59:55.015] [T1] list | recycle C:\Users\tsusa\OneDrive - Automanix\그림\코인챗_사무실.jpg
[20:59:55.015] [T1] list | ForceFinish(recycle)
[20:59:55.015] [T1] list | recycle C:\Users\tsusa\OneDrive - Automanix\그림\코인챗_회의실.jpg
[20:59:55.015] [T1] list | ForceFinish(recycle)
[20:59:55.015] [T1] list | recycle C:\Users\tsusa\OneDrive - Automanix\그림\포가차.jpg
[20:59:55.015] [T1] list | ForceFinish(recycle)
[20:59:55.015] [T1] list | recycle C:\Users\tsusa\OneDrive - Automanix\그림\화면 캡처 2020-11-26 162745.png
[20:59:55.015] [T1] list | ForceFinish(recycle)
[20:59:55.015] [T1] list | recycle C:\Users\tsusa\OneDrive - Automanix\그림\화면 캡처 2022-06-21 003453.png
[20:59:55.015] [T1] list | ForceFinish(recycle)
[20:59:55.015] [T1] list | recycle C:\Users\tsusa\OneDrive - Automanix\그림\화면 캡처 2022-08-01 115837.jpg
[20:59:55.015] [T1] list | ForceFinish(recycle)
[20:59:55.016] [T1] list | recycle C:\Users\tsusa\OneDrive - Automanix\그림\화면 캡처 2022-08-01 115837.png
[20:59:55.016] [T1] list | ForceFinish(recycle)
[20:59:55.016] [T1] list | recycle C:\Users\tsusa\OneDrive - Automanix\그림\화면 캡처 2022-08-07 171622.png
[20:59:55.016] [T1] list | ForceFinish(recycle)
[20:59:55.016] [T1] list | recycle C:\Users\tsusa\OneDrive - Automanix\그림\화면 캡처 2022-09-29 233922.png
[20:59:55.016] [T1] list | ForceFinish(recycle)
[20:59:55.016] [T1] list | recycle C:\Users\tsusa\OneDrive - Automanix\그림\화면 캡처 2022-10-18 181358.png
[20:59:55.016] [T1] list | ForceFinish(recycle)
[20:59:55.016] [T1] list | recycle C:\Users\tsusa\OneDrive - Automanix\그림\화면 캡처 2022-10-21 005745.png
[20:59:55.016] [T1] list | ForceFinish(recycle)
[20:59:55.016] [T1] tiles | ShowEntries C:\Users\tsusa\OneDrive - Automanix\그림 count=69
[20:59:55.016] [T1] tiles | recycle C:\Users\tsusa\OneDrive - Automanix\그림\240323 강가 별장
[20:59:55.016] [T1] tiles | recycle C:\Users\tsusa\OneDrive - Automanix\그림\aaa
[20:59:55.016] [T1] tiles | recycle C:\Users\tsusa\OneDrive - Automanix\그림\bbb
[20:59:55.016] [T1] tiles | recycle C:\Users\tsusa\OneDrive - Automanix\그림\ccc
[20:59:55.017] [T1] tiles | recycle C:\Users\tsusa\OneDrive - Automanix\그림\ddd
[20:59:55.017] [T1] tiles | recycle C:\Users\tsusa\OneDrive - Automanix\그림\Feedback
[20:59:55.017] [T1] tiles | recycle C:\Users\tsusa\OneDrive - Automanix\그림\Saved Pictures
[20:59:55.017] [T1] tiles | recycle C:\Users\tsusa\OneDrive - Automanix\그림\Scan
[20:59:55.017] [T1] tiles | recycle C:\Users\tsusa\OneDrive - Automanix\그림\Screenshots
[20:59:55.017] [T1] tiles | recycle C:\Users\tsusa\OneDrive - Automanix\그림\Zwift
[20:59:55.017] [T1] tiles | recycle C:\Users\tsusa\OneDrive - Automanix\그림\바탕화면
[20:59:55.017] [T1] tiles | recycle C:\Users\tsusa\OneDrive - Automanix\그림\새 폴더
[20:59:55.017] [T1] tiles | recycle C:\Users\tsusa\OneDrive - Automanix\그림\스캔
[20:59:55.017] [T1] tiles | recycle C:\Users\tsusa\OneDrive - Automanix\그림\스크린샷
[20:59:55.017] [T1] tiles | recycle C:\Users\tsusa\OneDrive - Automanix\그림\카메라 앨범
[20:59:55.017] [T1] tiles | recycle C:\Users\tsusa\OneDrive - Automanix\그림\220731 강화도.mp4_005246116.jpeg
[20:59:55.017] [T1] tiles | recycle C:\Users\tsusa\OneDrive - Automanix\그림\220731 강화도.mp4_005246116.jpg
[20:59:55.018] [T1] tiles | recycle C:\Users\tsusa\OneDrive - Automanix\그림\220731 강화도.mp4_005246116.png
[20:59:55.018] [T1] tiles | recycle C:\Users\tsusa\OneDrive - Automanix\그림\AMX.jpg
[20:59:55.018] [T1] tiles | recycle C:\Users\tsusa\OneDrive - Automanix\그림\ARS-로고디자인_원본파일.png
[20:59:55.018] [T1] tiles | recycle C:\Users\tsusa\OneDrive - Automanix\그림\DALL·E 2024-07-22 16.05.33 - Simplified version of a logo for 'Automotive Research Solution' with the main elements being 'ARS' in a bold font and a sleek, modern car silhouette. .webp
[20:59:55.018] [T1] tiles | recycle C:\Users\tsusa\OneDrive - Automanix\그림\KakaoTalk_20200117_092011491.png
[20:59:55.018] [T1] tiles | recycle C:\Users\tsusa\OneDrive - Automanix\그림\KakaoTalk_20240703_110337676.jpg
[20:59:55.018] [T1] tiles | recycle C:\Users\tsusa\OneDrive - Automanix\그림\pexels-pixabay-37347.jpg
[20:59:55.018] [T1] tiles | recycle C:\Users\tsusa\OneDrive - Automanix\그림\pexels-polina-zimmerman-3778619.jpg
[20:59:55.018] [T1] tiles | recycle C:\Users\tsusa\OneDrive - Automanix\그림\PXL_20220709_232639106_2.jpg
[20:59:55.018] [T1] tiles | recycle C:\Users\tsusa\OneDrive - Automanix\그림\PXL_20220714_125035942_2.jpg
[20:59:55.018] [T1] tiles | recycle C:\Users\tsusa\OneDrive - Automanix\그림\PXL_20220714_125148380_2.jpg
[20:59:55.018] [T1] tiles | recycle C:\Users\tsusa\OneDrive - Automanix\그림\PXL_20220719_121308973_2.jpg
[20:59:55.018] [T1] tiles | recycle C:\Users\tsusa\OneDrive - Automanix\그림\PXL_20220726_125747369_2.jpg
[20:59:55.018] [T1] tiles | recycle C:\Users\tsusa\OneDrive - Automanix\그림\PXL_20220804_125449327_2.jpg
[20:59:55.018] [T1] tiles | recycle C:\Users\tsusa\OneDrive - Automanix\그림\PXL_20220812_121956977_2.jpg
[20:59:55.018] [T1] tiles | recycle C:\Users\tsusa\OneDrive - Automanix\그림\PXL_20220813_214558393_2.jpg
[20:59:55.019] [T1] tiles | recycle C:\Users\tsusa\OneDrive - Automanix\그림\PXL_20220817_112931072_2.jpg
[20:59:55.019] [T1] tiles | recycle C:\Users\tsusa\OneDrive - Automanix\그림\PXL_20220824_112948946_2.jpg
[20:59:55.019] [T1] tiles | recycle C:\Users\tsusa\OneDrive - Automanix\그림\PXL_20220827_001839431_2.jpg
[20:59:55.019] [T1] tiles | recycle C:\Users\tsusa\OneDrive - Automanix\그림\PXL_20220827_230734531_2.jpg
[20:59:55.019] [T1] tiles | recycle C:\Users\tsusa\OneDrive - Automanix\그림\PXL_20220831_130316984_2.jpg
[20:59:55.019] [T1] tiles | recycle C:\Users\tsusa\OneDrive - Automanix\그림\PXL_20220902_215631957_3.jpg
[20:59:55.019] [T1] tiles | recycle C:\Users\tsusa\OneDrive - Automanix\그림\PXL_20220903_010322367_2.jpg
[20:59:55.019] [T1] tiles | recycle C:\Users\tsusa\OneDrive - Automanix\그림\PXL_20220920_125143842.MOTION-02.ORIGINAL_2.jpg
[20:59:55.019] [T1] tiles | recycle C:\Users\tsusa\OneDrive - Automanix\그림\PXL_20221101_105955590_2.jpg
[20:59:55.019] [T1] tiles | recycle C:\Users\tsusa\OneDrive - Automanix\그림\PXL_20230212_024010110.jpg
[20:59:55.019] [T1] tiles | recycle C:\Users\tsusa\OneDrive - Automanix\그림\PXL_20230212_025601437_2.jpg
[20:59:55.019] [T1] tiles | recycle C:\Users\tsusa\OneDrive - Automanix\그림\PXL_20230422_230822530~2.jpg
[20:59:55.019] [T1] tiles | recycle C:\Users\tsusa\OneDrive - Automanix\그림\vlcsnap-2026-01-18-12h58m03s381.png
[20:59:55.019] [T1] tiles | recycle C:\Users\tsusa\OneDrive - Automanix\그림\vlcsnap-2026-01-19-02h04m39s483.png
[20:59:55.019] [T1] tiles | recycle C:\Users\tsusa\OneDrive - Automanix\그림\vlcsnap-2026-01-27-01h49m01s690.png
[20:59:55.019] [T1] tiles | recycle C:\Users\tsusa\OneDrive - Automanix\그림\민초로부터 온 퇴장 통보.png
[20:59:55.020] [T1] tiles | recycle C:\Users\tsusa\OneDrive - Automanix\그림\아우디 현가장치 관련 리콜.png
[20:59:55.020] [T1] tiles | recycle C:\Users\tsusa\OneDrive - Automanix\그림\오토매닉스 대표이미지.png
[20:59:55.020] [T1] tiles | recycle C:\Users\tsusa\OneDrive - Automanix\그림\오토매닉스 로고.png
[20:59:55.020] [T1] tiles | recycle C:\Users\tsusa\OneDrive - Automanix\그림\오토매닉스 로고이미지.png
[20:59:55.020] [T1] tiles | recycle C:\Users\tsusa\OneDrive - Automanix\그림\오토매닉스_약도.png
[20:59:55.020] [T1] tiles | recycle C:\Users\tsusa\OneDrive - Automanix\그림\오토매닉스_인감_배경제거.png
[20:59:55.020] [T1] tiles | recycle C:\Users\tsusa\OneDrive - Automanix\그림\코인챗 로고 long 188_79.png
[20:59:55.020] [T1] tiles | recycle C:\Users\tsusa\OneDrive - Automanix\그림\코인챗 로고 square 148_148.png
[20:59:55.020] [T1] tiles | recycle C:\Users\tsusa\OneDrive - Automanix\그림\코인챗_211012_아이폰XS_2대_중고구매.png
[20:59:55.020] [T1] tiles | recycle C:\Users\tsusa\OneDrive - Automanix\그림\코인챗_사무실.jpg
[20:59:55.020] [T1] tiles | recycle C:\Users\tsusa\OneDrive - Automanix\그림\코인챗_회의실.jpg
[20:59:55.020] [T1] tiles | recycle C:\Users\tsusa\OneDrive - Automanix\그림\포가차.jpg
[20:59:55.020] [T1] tiles | recycle C:\Users\tsusa\OneDrive - Automanix\그림\화면 캡처 2020-11-26 162745.png
[20:59:55.020] [T1] tiles | recycle C:\Users\tsusa\OneDrive - Automanix\그림\화면 캡처 2022-06-21 003453.png
[20:59:55.020] [T1] tiles | recycle C:\Users\tsusa\OneDrive - Automanix\그림\화면 캡처 2022-08-01 115837.jpg
[20:59:55.020] [T1] tiles | recycle C:\Users\tsusa\OneDrive - Automanix\그림\화면 캡처 2022-08-01 115837.png
[20:59:55.020] [T1] tiles | recycle C:\Users\tsusa\OneDrive - Automanix\그림\화면 캡처 2022-08-07 171622.png
[20:59:55.020] [T1] tiles | recycle C:\Users\tsusa\OneDrive - Automanix\그림\화면 캡처 2022-09-29 233922.png
[20:59:55.020] [T1] tiles | recycle C:\Users\tsusa\OneDrive - Automanix\그림\화면 캡처 2022-10-18 181358.png
[20:59:55.020] [T1] tiles | recycle C:\Users\tsusa\OneDrive - Automanix\그림\화면 캡처 2022-10-21 005745.png
[20:59:55.022] [T1] tiles | phase0 C:\Users\tsusa\OneDrive - Automanix\그림\240323 강가 별장
[20:59:55.023] [T1] tiles | phase0 C:\Users\tsusa\OneDrive - Automanix\그림\aaa
[20:59:55.024] [T1] tiles | phase0 C:\Users\tsusa\OneDrive - Automanix\그림\bbb
[20:59:55.025] [T1] tiles | phase0 C:\Users\tsusa\OneDrive - Automanix\그림\ccc
[20:59:55.026] [T1] tiles | phase0 C:\Users\tsusa\OneDrive - Automanix\그림\ddd
[20:59:55.027] [T1] tiles | phase0 C:\Users\tsusa\OneDrive - Automanix\그림\eee
[20:59:55.028] [T1] tiles | phase0 C:\Users\tsusa\OneDrive - Automanix\그림\Feedback
[20:59:55.029] [T1] tiles | phase0 C:\Users\tsusa\OneDrive - Automanix\그림\Saved Pictures
[20:59:55.030] [T1] tiles | phase0 C:\Users\tsusa\OneDrive - Automanix\그림\Scan
[20:59:55.031] [T1] tiles | phase0 C:\Users\tsusa\OneDrive - Automanix\그림\Screenshots
[20:59:55.032] [T1] tiles | phase0 C:\Users\tsusa\OneDrive - Automanix\그림\Zwift
[20:59:55.033] [T1] tiles | phase0 C:\Users\tsusa\OneDrive - Automanix\그림\바탕화면
[20:59:55.034] [T1] tiles | phase0 C:\Users\tsusa\OneDrive - Automanix\그림\스캔
[20:59:55.035] [T1] tiles | phase0 C:\Users\tsusa\OneDrive - Automanix\그림\스크린샷
[20:59:55.036] [T1] tiles | phase0 C:\Users\tsusa\OneDrive - Automanix\그림\카메라 앨범
[20:59:55.037] [T1] tiles | phase0 C:\Users\tsusa\OneDrive - Automanix\그림\220731 강화도.mp4_005246116.jpeg
[20:59:55.038] [T1] tiles | phase0 C:\Users\tsusa\OneDrive - Automanix\그림\220731 강화도.mp4_005246116.jpg
[20:59:55.039] [T1] tiles | phase0 C:\Users\tsusa\OneDrive - Automanix\그림\220731 강화도.mp4_005246116.png
[20:59:55.040] [T1] tiles | phase0 C:\Users\tsusa\OneDrive - Automanix\그림\AMX.jpg
[20:59:55.041] [T1] tiles | phase0 C:\Users\tsusa\OneDrive - Automanix\그림\ARS-로고디자인_원본파일.png
[20:59:55.044] [T1] list | phase0 C:\Users\tsusa\OneDrive - Automanix\그림\240323 강가 별장
[20:59:55.046] [T1] list | phase0 C:\Users\tsusa\OneDrive - Automanix\그림\aaa
[20:59:55.048] [T1] list | phase0 C:\Users\tsusa\OneDrive - Automanix\그림\bbb
[20:59:55.051] [T1] list | phase0 C:\Users\tsusa\OneDrive - Automanix\그림\ccc
[20:59:55.053] [T1] list | phase0 C:\Users\tsusa\OneDrive - Automanix\그림\ddd
[20:59:55.074] [T1] list | phase0 C:\Users\tsusa\OneDrive - Automanix\그림\eee
[20:59:55.077] [T1] list | phase0 C:\Users\tsusa\OneDrive - Automanix\그림\Feedback
[20:59:55.079] [T1] list | phase0 C:\Users\tsusa\OneDrive - Automanix\그림\Saved Pictures
[20:59:55.081] [T1] list | phase0 C:\Users\tsusa\OneDrive - Automanix\그림\Scan
[20:59:55.084] [T1] list | phase0 C:\Users\tsusa\OneDrive - Automanix\그림\Screenshots
[20:59:55.086] [T1] list | phase0 C:\Users\tsusa\OneDrive - Automanix\그림\Zwift
[20:59:55.088] [T1] list | phase0 C:\Users\tsusa\OneDrive - Automanix\그림\바탕화면
[20:59:55.091] [T1] list | phase0 C:\Users\tsusa\OneDrive - Automanix\그림\스캔
[20:59:55.093] [T1] list | phase0 C:\Users\tsusa\OneDrive - Automanix\그림\스크린샷
[20:59:55.096] [T1] list | phase0 C:\Users\tsusa\OneDrive - Automanix\그림\카메라 앨범
[20:59:55.098] [T1] list | phase0 C:\Users\tsusa\OneDrive - Automanix\그림\220731 강화도.mp4_005246116.jpeg
[20:59:55.100] [T1] list | phase0 C:\Users\tsusa\OneDrive - Automanix\그림\220731 강화도.mp4_005246116.jpg
[20:59:55.102] [T1] list | phase0 C:\Users\tsusa\OneDrive - Automanix\그림\220731 강화도.mp4_005246116.png
[20:59:55.104] [T1] list | phase0 C:\Users\tsusa\OneDrive - Automanix\그림\AMX.jpg
[20:59:55.107] [T1] list | phase0 C:\Users\tsusa\OneDrive - Automanix\그림\ARS-로고디자인_원본파일.png
[20:59:55.109] [T1] list | phase0 C:\Users\tsusa\OneDrive - Automanix\그림\DALL·E 2024-07-22 16.05.33 - Simplified version of a logo for 'Automotive Research Solution' with the main elements being 'ARS' in a bold font and a sleek, modern car silhouette. .webp
[20:59:55.112] [T1] list | phase0 C:\Users\tsusa\OneDrive - Automanix\그림\KakaoTalk_20200117_092011491.png
[20:59:55.114] [T1] list | phase0 C:\Users\tsusa\OneDrive - Automanix\그림\KakaoTalk_20240703_110337676.jpg
[20:59:55.116] [T1] list | phase0 C:\Users\tsusa\OneDrive - Automanix\그림\pexels-pixabay-37347.jpg
[20:59:55.119] [T1] list | phase0 C:\Users\tsusa\OneDrive - Automanix\그림\pexels-polina-zimmerman-3778619.jpg
[20:59:55.122] [T1] list | phase0 C:\Users\tsusa\OneDrive - Automanix\그림\PXL_20220709_232639106_2.jpg
[20:59:55.124] [T1] list | phase0 C:\Users\tsusa\OneDrive - Automanix\그림\PXL_20220714_125035942_2.jpg
[20:59:55.127] [T1] list | phase0 C:\Users\tsusa\OneDrive - Automanix\그림\PXL_20220714_125148380_2.jpg
[20:59:55.129] [T1] list | phase0 C:\Users\tsusa\OneDrive - Automanix\그림\PXL_20220719_121308973_2.jpg
[20:59:55.131] [T1] list | phase0 C:\Users\tsusa\OneDrive - Automanix\그림\PXL_20220726_125747369_2.jpg
[20:59:55.133] [T1] list | phase0 C:\Users\tsusa\OneDrive - Automanix\그림\PXL_20220804_125449327_2.jpg
[20:59:55.216] [T1] tiles | fill cached C:\Users\tsusa\OneDrive - Automanix\그림\220731 강화도.mp4_005246116.jpeg
[20:59:55.217] [T1] tiles | fill cached C:\Users\tsusa\OneDrive - Automanix\그림\220731 강화도.mp4_005246116.jpg
[20:59:55.217] [T1] tiles | fill cached C:\Users\tsusa\OneDrive - Automanix\그림\220731 강화도.mp4_005246116.png
[20:59:55.218] [T1] tiles | fill cached C:\Users\tsusa\OneDrive - Automanix\그림\AMX.jpg
[20:59:55.219] [T1] tiles | fill cached C:\Users\tsusa\OneDrive - Automanix\그림\ARS-로고디자인_원본파일.png
[20:59:55.236] [T1] list | phase0 C:\Users\tsusa\OneDrive - Automanix\그림\PXL_20220812_121956977_2.jpg
[20:59:55.239] [T1] list | phase0 C:\Users\tsusa\OneDrive - Automanix\그림\PXL_20220813_214558393_2.jpg
[20:59:55.258] [T1] list | phase0 C:\Users\tsusa\OneDrive - Automanix\그림\PXL_20220817_112931072_2.jpg
[20:59:55.265] [T1] list | phase0 C:\Users\tsusa\OneDrive - Automanix\그림\PXL_20220824_112948946_2.jpg
[20:59:55.270] [T1] list | phase0 C:\Users\tsusa\OneDrive - Automanix\그림\PXL_20220827_001839431_2.jpg
[20:59:55.288] [T1] tiles | phase0 C:\Users\tsusa\OneDrive - Automanix\그림\DALL·E 2024-07-22 16.05.33 - Simplified version of a logo for 'Automotive Research Solution' with the main elements being 'ARS' in a bold font and a sleek, modern car silhouette. .webp
[20:59:55.290] [T1] tiles | phase0 C:\Users\tsusa\OneDrive - Automanix\그림\KakaoTalk_20200117_092011491.png
[20:59:55.292] [T1] tiles | phase0 C:\Users\tsusa\OneDrive - Automanix\그림\KakaoTalk_20240703_110337676.jpg
[20:59:55.294] [T1] tiles | phase0 C:\Users\tsusa\OneDrive - Automanix\그림\pexels-pixabay-37347.jpg
[20:59:55.300] [T1] list | phase0 C:\Users\tsusa\OneDrive - Automanix\그림\PXL_20220827_230734531_2.jpg
[20:59:55.304] [T1] list | phase0 C:\Users\tsusa\OneDrive - Automanix\그림\PXL_20220831_130316984_2.jpg
[20:59:55.341] [T1] tiles | fill cached C:\Users\tsusa\OneDrive - Automanix\그림\DALL·E 2024-07-22 16.05.33 - Simplified version of a logo for 'Automotive Research Solution' with the main elements being 'ARS' in a bold font and a sleek, modern car silhouette. .webp
[20:59:55.341] [T1] tiles | fill cached C:\Users\tsusa\OneDrive - Automanix\그림\KakaoTalk_20200117_092011491.png
[20:59:55.342] [T1] tiles | fill cached C:\Users\tsusa\OneDrive - Automanix\그림\KakaoTalk_20240703_110337676.jpg
[20:59:55.343] [T1] tiles | fill cached C:\Users\tsusa\OneDrive - Automanix\그림\pexels-pixabay-37347.jpg
[20:59:55.346] [T1] list | phase0 C:\Users\tsusa\OneDrive - Automanix\그림\PXL_20220902_215631957_3.jpg
[20:59:55.349] [T1] list | phase0 C:\Users\tsusa\OneDrive - Automanix\그림\PXL_20220903_010322367_2.jpg
[20:59:55.352] [T1] list | phase0 C:\Users\tsusa\OneDrive - Automanix\그림\PXL_20220920_125143842.MOTION-02.ORIGINAL_2.jpg
[20:59:55.360] [T1] tiles | cached done C:\Users\tsusa\OneDrive - Automanix\그림\ARS-로고디자인_원본파일.png
[20:59:55.360] [T1] tiles | cached done C:\Users\tsusa\OneDrive - Automanix\그림\AMX.jpg
[20:59:55.361] [T1] tiles | cached done C:\Users\tsusa\OneDrive - Automanix\그림\220731 강화도.mp4_005246116.jpeg
[20:59:55.361] [T1] tiles | cached done C:\Users\tsusa\OneDrive - Automanix\그림\220731 강화도.mp4_005246116.png
[20:59:55.362] [T1] tiles | cached done C:\Users\tsusa\OneDrive - Automanix\그림\220731 강화도.mp4_005246116.jpg
[20:59:55.370] [T1] tiles | cached done C:\Users\tsusa\OneDrive - Automanix\그림\KakaoTalk_20200117_092011491.png
[20:59:55.370] [T1] tiles | cached done C:\Users\tsusa\OneDrive - Automanix\그림\DALL·E 2024-07-22 16.05.33 - Simplified version of a logo for 'Automotive Research Solution' with the main elements being 'ARS' in a bold font and a sleek, modern car silhouette. .webp
[20:59:55.372] [T1] tiles | cached done C:\Users\tsusa\OneDrive - Automanix\그림\pexels-pixabay-37347.jpg
[20:59:55.380] [T1] list | phase0 C:\Users\tsusa\OneDrive - Automanix\그림\PXL_20221101_105955590_2.jpg
[20:59:55.382] [T1] list | phase0 C:\Users\tsusa\OneDrive - Automanix\그림\PXL_20230212_024010110.jpg
[20:59:55.387] [T1] tiles | cached done C:\Users\tsusa\OneDrive - Automanix\그림\KakaoTalk_20240703_110337676.jpg
[20:59:55.393] [T1] tiles | phase0 C:\Users\tsusa\OneDrive - Automanix\그림\pexels-polina-zimmerman-3778619.jpg
[20:59:55.395] [T1] tiles | phase0 C:\Users\tsusa\OneDrive - Automanix\그림\PXL_20220709_232639106_2.jpg
[20:59:55.396] [T1] tiles | phase0 C:\Users\tsusa\OneDrive - Automanix\그림\PXL_20220714_125035942_2.jpg
[20:59:55.397] [T1] tiles | phase0 C:\Users\tsusa\OneDrive - Automanix\그림\PXL_20220714_125148380_2.jpg
[20:59:55.398] [T1] tiles | fill cached C:\Users\tsusa\OneDrive - Automanix\그림\pexels-polina-zimmerman-3778619.jpg
[20:59:55.399] [T1] tiles | fill cached C:\Users\tsusa\OneDrive - Automanix\그림\PXL_20220709_232639106_2.jpg
[20:59:55.400] [T1] tiles | fill cached C:\Users\tsusa\OneDrive - Automanix\그림\PXL_20220714_125035942_2.jpg
[20:59:55.401] [T1] tiles | fill cached C:\Users\tsusa\OneDrive - Automanix\그림\PXL_20220714_125148380_2.jpg
[20:59:55.416] [T1] list | phase0 C:\Users\tsusa\OneDrive - Automanix\그림\PXL_20230212_025601437_2.jpg
[20:59:55.419] [T1] list | phase0 C:\Users\tsusa\OneDrive - Automanix\그림\PXL_20230422_230822530~2.jpg
[20:59:55.422] [T1] list | phase0 C:\Users\tsusa\OneDrive - Automanix\그림\vlcsnap-2026-01-18-12h58m03s381.png
[20:59:55.422] [T1] detail | fetch Image C:\Users\tsusa\OneDrive - Automanix\그림\vlcsnap-2026-01-18-12h58m03s381.png
[20:59:55.439] [T1] tiles | cached done C:\Users\tsusa\OneDrive - Automanix\그림\pexels-polina-zimmerman-3778619.jpg
[20:59:55.440] [T1] tiles | cached done C:\Users\tsusa\OneDrive - Automanix\그림\PXL_20220714_125035942_2.jpg
[20:59:55.443] [T1] list | phase0 C:\Users\tsusa\OneDrive - Automanix\그림\vlcsnap-2026-01-19-02h04m39s483.png
[20:59:55.443] [T1] detail | fetch Image C:\Users\tsusa\OneDrive - Automanix\그림\vlcsnap-2026-01-19-02h04m39s483.png
[20:59:55.446] [T1] list | phase0 C:\Users\tsusa\OneDrive - Automanix\그림\vlcsnap-2026-01-27-01h49m01s690.png
[20:59:55.446] [T1] detail | fetch Image C:\Users\tsusa\OneDrive - Automanix\그림\vlcsnap-2026-01-27-01h49m01s690.png
[20:59:55.459] [T1] tiles | cached done C:\Users\tsusa\OneDrive - Automanix\그림\PXL_20220714_125148380_2.jpg
[20:59:55.459] [T1] tiles | cached done C:\Users\tsusa\OneDrive - Automanix\그림\PXL_20220709_232639106_2.jpg
[20:59:55.461] [T1] tiles | phase0 C:\Users\tsusa\OneDrive - Automanix\그림\PXL_20220719_121308973_2.jpg
[20:59:55.462] [T1] tiles | phase0 C:\Users\tsusa\OneDrive - Automanix\그림\PXL_20220726_125747369_2.jpg
[20:59:55.463] [T1] tiles | phase0 C:\Users\tsusa\OneDrive - Automanix\그림\PXL_20220804_125449327_2.jpg
[20:59:55.464] [T1] tiles | phase0 C:\Users\tsusa\OneDrive - Automanix\그림\PXL_20220812_121956977_2.jpg
[20:59:55.466] [T1] tiles | fill cached C:\Users\tsusa\OneDrive - Automanix\그림\PXL_20220719_121308973_2.jpg
[20:59:55.466] [T1] tiles | fill cached C:\Users\tsusa\OneDrive - Automanix\그림\PXL_20220726_125747369_2.jpg
[20:59:55.467] [T1] tiles | fill cached C:\Users\tsusa\OneDrive - Automanix\그림\PXL_20220804_125449327_2.jpg
[20:59:55.468] [T1] tiles | fill cached C:\Users\tsusa\OneDrive - Automanix\그림\PXL_20220812_121956977_2.jpg
[20:59:55.479] [T1] list | phase0 C:\Users\tsusa\OneDrive - Automanix\그림\민초로부터 온 퇴장 통보.png
[20:59:55.479] [T1] detail | fetch Image C:\Users\tsusa\OneDrive - Automanix\그림\민초로부터 온 퇴장 통보.png
[20:59:55.482] [T1] list | phase0 C:\Users\tsusa\OneDrive - Automanix\그림\아우디 현가장치 관련 리콜.png
[20:59:55.485] [T1] list | phase0 C:\Users\tsusa\OneDrive - Automanix\그림\오토매닉스 대표이미지.png
[20:59:55.545] [T1] list | phase0 C:\Users\tsusa\OneDrive - Automanix\그림\오토매닉스 로고.png
[20:59:55.548] [T1] list | phase0 C:\Users\tsusa\OneDrive - Automanix\그림\오토매닉스 로고이미지.png
[20:59:55.552] [T1] tiles | cached done C:\Users\tsusa\OneDrive - Automanix\그림\PXL_20220719_121308973_2.jpg
[20:59:55.552] [T1] tiles | cached done C:\Users\tsusa\OneDrive - Automanix\그림\PXL_20220804_125449327_2.jpg
[20:59:55.553] [T1] tiles | cached done C:\Users\tsusa\OneDrive - Automanix\그림\PXL_20220726_125747369_2.jpg
[20:59:55.553] [T1] tiles | cached done C:\Users\tsusa\OneDrive - Automanix\그림\PXL_20220812_121956977_2.jpg
[20:59:55.558] [T1] tiles | phase0 C:\Users\tsusa\OneDrive - Automanix\그림\PXL_20220813_214558393_2.jpg
[20:59:55.560] [T1] tiles | phase0 C:\Users\tsusa\OneDrive - Automanix\그림\PXL_20220817_112931072_2.jpg
[20:59:55.562] [T1] tiles | phase0 C:\Users\tsusa\OneDrive - Automanix\그림\PXL_20220824_112948946_2.jpg
[20:59:55.564] [T1] tiles | phase0 C:\Users\tsusa\OneDrive - Automanix\그림\PXL_20220827_001839431_2.jpg
[20:59:55.574] [T1] tiles | fill cached C:\Users\tsusa\OneDrive - Automanix\그림\PXL_20220813_214558393_2.jpg
[20:59:55.575] [T1] tiles | fill cached C:\Users\tsusa\OneDrive - Automanix\그림\PXL_20220817_112931072_2.jpg
[20:59:55.576] [T1] tiles | fill cached C:\Users\tsusa\OneDrive - Automanix\그림\PXL_20220824_112948946_2.jpg
[20:59:55.576] [T1] tiles | fill cached C:\Users\tsusa\OneDrive - Automanix\그림\PXL_20220827_001839431_2.jpg
[20:59:55.583] [T1] list | phase0 C:\Users\tsusa\OneDrive - Automanix\그림\오토매닉스_약도.png
[20:59:55.586] [T1] list | phase0 C:\Users\tsusa\OneDrive - Automanix\그림\오토매닉스_인감_배경제거.png
[20:59:55.588] [T1] list | phase0 C:\Users\tsusa\OneDrive - Automanix\그림\코인챗 로고 long 188_79.png
[20:59:55.608] [T1] list | phase0 C:\Users\tsusa\OneDrive - Automanix\그림\코인챗 로고 square 148_148.png
[20:59:55.611] [T1] list | phase0 C:\Users\tsusa\OneDrive - Automanix\그림\코인챗_211012_아이폰XS_2대_중고구매.png
[20:59:55.617] [T1] tiles | cached done C:\Users\tsusa\OneDrive - Automanix\그림\PXL_20220827_001839431_2.jpg
[20:59:55.617] [T1] tiles | cached done C:\Users\tsusa\OneDrive - Automanix\그림\PXL_20220817_112931072_2.jpg
[20:59:55.617] [T1] tiles | cached done C:\Users\tsusa\OneDrive - Automanix\그림\PXL_20220813_214558393_2.jpg
[20:59:55.621] [T1] tiles | cached done C:\Users\tsusa\OneDrive - Automanix\그림\PXL_20220824_112948946_2.jpg
[20:59:55.633] [T1] list | phase0 C:\Users\tsusa\OneDrive - Automanix\그림\코인챗_사무실.jpg
[20:59:55.639] [T1] list | phase0 C:\Users\tsusa\OneDrive - Automanix\그림\코인챗_회의실.jpg
[20:59:55.642] [T1] list | phase0 C:\Users\tsusa\OneDrive - Automanix\그림\포가차.jpg
[20:59:55.650] [T1] tiles | phase0 C:\Users\tsusa\OneDrive - Automanix\그림\PXL_20220827_230734531_2.jpg
[20:59:55.651] [T1] tiles | phase0 C:\Users\tsusa\OneDrive - Automanix\그림\PXL_20220831_130316984_2.jpg
[20:59:55.652] [T1] tiles | phase0 C:\Users\tsusa\OneDrive - Automanix\그림\PXL_20220902_215631957_3.jpg
[20:59:55.653] [T1] tiles | phase0 C:\Users\tsusa\OneDrive - Automanix\그림\PXL_20220903_010322367_2.jpg
[20:59:55.665] [T1] tiles | fill cached C:\Users\tsusa\OneDrive - Automanix\그림\PXL_20220827_230734531_2.jpg
[20:59:55.666] [T1] tiles | fill cached C:\Users\tsusa\OneDrive - Automanix\그림\PXL_20220831_130316984_2.jpg
[20:59:55.666] [T1] tiles | fill cached C:\Users\tsusa\OneDrive - Automanix\그림\PXL_20220902_215631957_3.jpg
[20:59:55.667] [T1] tiles | fill cached C:\Users\tsusa\OneDrive - Automanix\그림\PXL_20220903_010322367_2.jpg
[20:59:55.671] [T1] list | phase0 C:\Users\tsusa\OneDrive - Automanix\그림\화면 캡처 2020-11-26 162745.png
[20:59:55.674] [T1] list | phase0 C:\Users\tsusa\OneDrive - Automanix\그림\화면 캡처 2022-06-21 003453.png
[20:59:55.733] [T1] list | phase0 C:\Users\tsusa\OneDrive - Automanix\그림\화면 캡처 2022-08-01 115837.jpg
[20:59:55.738] [T1] list | phase0 C:\Users\tsusa\OneDrive - Automanix\그림\화면 캡처 2022-08-01 115837.png
[20:59:55.741] [T1] list | phase0 C:\Users\tsusa\OneDrive - Automanix\그림\화면 캡처 2022-08-07 171622.png
[20:59:55.746] [T1] tiles | cached done C:\Users\tsusa\OneDrive - Automanix\그림\PXL_20220903_010322367_2.jpg
[20:59:55.747] [T1] tiles | cached done C:\Users\tsusa\OneDrive - Automanix\그림\PXL_20220831_130316984_2.jpg
[20:59:55.747] [T1] tiles | cached done C:\Users\tsusa\OneDrive - Automanix\그림\PXL_20220827_230734531_2.jpg
[20:59:55.747] [T1] tiles | cached done C:\Users\tsusa\OneDrive - Automanix\그림\PXL_20220902_215631957_3.jpg
[20:59:55.790] [T1] list | phase0 C:\Users\tsusa\OneDrive - Automanix\그림\화면 캡처 2022-09-29 233922.png
[20:59:55.793] [T1] list | phase0 C:\Users\tsusa\OneDrive - Automanix\그림\화면 캡처 2022-10-18 181358.png
[20:59:55.814] [T1] tiles | phase0 C:\Users\tsusa\OneDrive - Automanix\그림\PXL_20220920_125143842.MOTION-02.ORIGINAL_2.jpg
[20:59:55.817] [T1] tiles | phase0 C:\Users\tsusa\OneDrive - Automanix\그림\PXL_20221101_105955590_2.jpg
[20:59:55.819] [T1] tiles | phase0 C:\Users\tsusa\OneDrive - Automanix\그림\PXL_20230212_024010110.jpg
[20:59:55.821] [T1] tiles | phase0 C:\Users\tsusa\OneDrive - Automanix\그림\PXL_20230212_025601437_2.jpg
[20:59:55.828] [T1] tiles | fill cached C:\Users\tsusa\OneDrive - Automanix\그림\PXL_20220920_125143842.MOTION-02.ORIGINAL_2.jpg
[20:59:55.829] [T1] tiles | fill cached C:\Users\tsusa\OneDrive - Automanix\그림\PXL_20221101_105955590_2.jpg
[20:59:55.830] [T1] tiles | fill cached C:\Users\tsusa\OneDrive - Automanix\그림\PXL_20230212_024010110.jpg
[20:59:55.831] [T1] tiles | fill cached C:\Users\tsusa\OneDrive - Automanix\그림\PXL_20230212_025601437_2.jpg
[20:59:55.833] [T1] list | phase0 C:\Users\tsusa\OneDrive - Automanix\그림\화면 캡처 2022-10-21 005745.png
[20:59:55.843] [T1] tiles | cached done C:\Users\tsusa\OneDrive - Automanix\그림\PXL_20221101_105955590_2.jpg
[20:59:55.845] [T1] tiles | cached done C:\Users\tsusa\OneDrive - Automanix\그림\PXL_20230212_024010110.jpg
[20:59:55.846] [T1] tiles | cached done C:\Users\tsusa\OneDrive - Automanix\그림\PXL_20220920_125143842.MOTION-02.ORIGINAL_2.jpg
[20:59:55.848] [T1] tiles | cached done C:\Users\tsusa\OneDrive - Automanix\그림\PXL_20230212_025601437_2.jpg
[20:59:55.853] [T1] tiles | phase0 C:\Users\tsusa\OneDrive - Automanix\그림\PXL_20230422_230822530~2.jpg
[20:59:55.855] [T1] tiles | phase0 C:\Users\tsusa\OneDrive - Automanix\그림\vlcsnap-2026-01-18-12h58m03s381.png
[20:59:55.856] [T1] tiles | phase0 C:\Users\tsusa\OneDrive - Automanix\그림\vlcsnap-2026-01-19-02h04m39s483.png
[20:59:55.857] [T1] tiles | phase0 C:\Users\tsusa\OneDrive - Automanix\그림\vlcsnap-2026-01-27-01h49m01s690.png
[20:59:55.864] [T1] tiles | fill cached C:\Users\tsusa\OneDrive - Automanix\그림\PXL_20230422_230822530~2.jpg
[20:59:55.865] [T1] tiles | fill shell C:\Users\tsusa\OneDrive - Automanix\그림\vlcsnap-2026-01-18-12h58m03s381.png
[20:59:55.865] [T1] tiles | fill shell C:\Users\tsusa\OneDrive - Automanix\그림\vlcsnap-2026-01-19-02h04m39s483.png
[20:59:55.866] [T1] tiles | fill shell C:\Users\tsusa\OneDrive - Automanix\그림\vlcsnap-2026-01-27-01h49m01s690.png
[20:59:55.880] [T1] tiles | shell done C:\Users\tsusa\OneDrive - Automanix\그림\vlcsnap-2026-01-27-01h49m01s690.png
[20:59:55.880] [T1] tiles | cached done C:\Users\tsusa\OneDrive - Automanix\그림\PXL_20230422_230822530~2.jpg
[20:59:55.880] [T1] tiles | shell done C:\Users\tsusa\OneDrive - Automanix\그림\vlcsnap-2026-01-19-02h04m39s483.png
[20:59:55.881] [T1] tiles | shell done C:\Users\tsusa\OneDrive - Automanix\그림\vlcsnap-2026-01-18-12h58m03s381.png
[20:59:55.896] [T1] tiles | phase0 C:\Users\tsusa\OneDrive - Automanix\그림\민초로부터 온 퇴장 통보.png
[20:59:55.897] [T1] tiles | phase0 C:\Users\tsusa\OneDrive - Automanix\그림\아우디 현가장치 관련 리콜.png
[20:59:55.898] [T1] tiles | phase0 C:\Users\tsusa\OneDrive - Automanix\그림\오토매닉스 대표이미지.png
[20:59:55.899] [T1] tiles | phase0 C:\Users\tsusa\OneDrive - Automanix\그림\오토매닉스 로고.png
[20:59:55.907] [T1] tiles | fill shell C:\Users\tsusa\OneDrive - Automanix\그림\민초로부터 온 퇴장 통보.png
[20:59:55.907] [T1] tiles | fill cached C:\Users\tsusa\OneDrive - Automanix\그림\아우디 현가장치 관련 리콜.png
[20:59:55.909] [T1] tiles | fill cached C:\Users\tsusa\OneDrive - Automanix\그림\오토매닉스 대표이미지.png
[20:59:55.909] [T1] tiles | fill cached C:\Users\tsusa\OneDrive - Automanix\그림\오토매닉스 로고.png
[20:59:55.917] [T1] tiles | shell done C:\Users\tsusa\OneDrive - Automanix\그림\민초로부터 온 퇴장 통보.png
[20:59:55.921] [T1] tiles | cached done C:\Users\tsusa\OneDrive - Automanix\그림\오토매닉스 로고.png
[20:59:55.923] [T1] tiles | cached done C:\Users\tsusa\OneDrive - Automanix\그림\아우디 현가장치 관련 리콜.png
[20:59:55.924] [T1] tiles | cached done C:\Users\tsusa\OneDrive - Automanix\그림\오토매닉스 대표이미지.png
[20:59:55.926] [T1] tiles | phase0 C:\Users\tsusa\OneDrive - Automanix\그림\오토매닉스 로고이미지.png
[20:59:55.927] [T1] tiles | phase0 C:\Users\tsusa\OneDrive - Automanix\그림\오토매닉스_약도.png
[20:59:55.928] [T1] tiles | phase0 C:\Users\tsusa\OneDrive - Automanix\그림\오토매닉스_인감_배경제거.png
[20:59:55.930] [T1] tiles | phase0 C:\Users\tsusa\OneDrive - Automanix\그림\코인챗 로고 long 188_79.png
[20:59:55.937] [T1] tiles | fill cached C:\Users\tsusa\OneDrive - Automanix\그림\오토매닉스 로고이미지.png
[20:59:55.938] [T1] tiles | fill cached C:\Users\tsusa\OneDrive - Automanix\그림\오토매닉스_약도.png
[20:59:55.939] [T1] tiles | fill cached C:\Users\tsusa\OneDrive - Automanix\그림\오토매닉스_인감_배경제거.png
[20:59:55.939] [T1] tiles | fill cached C:\Users\tsusa\OneDrive - Automanix\그림\코인챗 로고 long 188_79.png
[20:59:55.956] [T1] tiles | cached done C:\Users\tsusa\OneDrive - Automanix\그림\코인챗 로고 long 188_79.png
[20:59:55.961] [T1] tiles | cached done C:\Users\tsusa\OneDrive - Automanix\그림\오토매닉스 로고이미지.png
[20:59:55.961] [T1] tiles | cached done C:\Users\tsusa\OneDrive - Automanix\그림\오토매닉스_인감_배경제거.png
[20:59:55.964] [T1] tiles | cached done C:\Users\tsusa\OneDrive - Automanix\그림\오토매닉스_약도.png
[20:59:55.968] [T1] tiles | phase0 C:\Users\tsusa\OneDrive - Automanix\그림\코인챗 로고 square 148_148.png
[20:59:55.970] [T1] tiles | phase0 C:\Users\tsusa\OneDrive - Automanix\그림\코인챗_211012_아이폰XS_2대_중고구매.png
[20:59:55.972] [T1] tiles | phase0 C:\Users\tsusa\OneDrive - Automanix\그림\코인챗_사무실.jpg
[20:59:55.974] [T1] tiles | phase0 C:\Users\tsusa\OneDrive - Automanix\그림\코인챗_회의실.jpg
[20:59:55.975] [T1] tiles | fill cached C:\Users\tsusa\OneDrive - Automanix\그림\코인챗 로고 square 148_148.png
[20:59:55.976] [T1] tiles | fill cached C:\Users\tsusa\OneDrive - Automanix\그림\코인챗_211012_아이폰XS_2대_중고구매.png
[20:59:55.977] [T1] tiles | fill cached C:\Users\tsusa\OneDrive - Automanix\그림\코인챗_사무실.jpg
[20:59:55.978] [T1] tiles | fill cached C:\Users\tsusa\OneDrive - Automanix\그림\코인챗_회의실.jpg
[20:59:55.996] [T1] tiles | cached done C:\Users\tsusa\OneDrive - Automanix\그림\코인챗 로고 square 148_148.png
[20:59:56.001] [T1] tiles | cached done C:\Users\tsusa\OneDrive - Automanix\그림\코인챗_211012_아이폰XS_2대_중고구매.png
[20:59:56.006] [T1] tiles | phase0 C:\Users\tsusa\OneDrive - Automanix\그림\포가차.jpg
[20:59:56.008] [T1] tiles | phase0 C:\Users\tsusa\OneDrive - Automanix\그림\화면 캡처 2020-11-26 162745.png
[20:59:56.010] [T1] tiles | phase0 C:\Users\tsusa\OneDrive - Automanix\그림\화면 캡처 2022-06-21 003453.png
[20:59:56.012] [T1] tiles | phase0 C:\Users\tsusa\OneDrive - Automanix\그림\화면 캡처 2022-08-01 115837.jpg
[20:59:56.013] [T1] tiles | fill cached C:\Users\tsusa\OneDrive - Automanix\그림\포가차.jpg
[20:59:56.016] [T1] tiles | fill cached C:\Users\tsusa\OneDrive - Automanix\그림\화면 캡처 2020-11-26 162745.png
[20:59:56.017] [T1] tiles | fill cached C:\Users\tsusa\OneDrive - Automanix\그림\화면 캡처 2022-06-21 003453.png
[20:59:56.018] [T1] tiles | fill cached C:\Users\tsusa\OneDrive - Automanix\그림\화면 캡처 2022-08-01 115837.jpg
[20:59:56.023] [T1] tiles | cached done C:\Users\tsusa\OneDrive - Automanix\그림\코인챗_회의실.jpg
[20:59:56.038] [T1] tiles | cached done C:\Users\tsusa\OneDrive - Automanix\그림\코인챗_사무실.jpg
[20:59:56.042] [T1] tiles | phase0 C:\Users\tsusa\OneDrive - Automanix\그림\화면 캡처 2022-08-01 115837.png
[20:59:56.044] [T1] tiles | phase0 C:\Users\tsusa\OneDrive - Automanix\그림\화면 캡처 2022-08-07 171622.png
[20:59:56.046] [T1] tiles | phase0 C:\Users\tsusa\OneDrive - Automanix\그림\화면 캡처 2022-09-29 233922.png
[20:59:56.048] [T1] tiles | phase0 C:\Users\tsusa\OneDrive - Automanix\그림\화면 캡처 2022-10-18 181358.png
[20:59:56.077] [T1] tiles | fill cached C:\Users\tsusa\OneDrive - Automanix\그림\화면 캡처 2022-08-01 115837.png
[21:25:26.535] [T1] trace | KOTU v0.348.0 · 2026-09-06 21:25:26 · pid 48028
[21:25:26.668] [T1] shell | ShowModule hardware path=(none)
[21:25:27.996] [T4] exc | ManagementException: 잘못된 클래스입니다.  @ at System.Management.ManagementException.ThrowWithExtendedInfo(ManagementStatus errorCode)
[21:25:28.061] [T4] exc | DllNotFoundException: Unable to load DLL 'atiadlxx.dll' or one of its dependencies: 지정된 모듈을 찾을 수 없습니다. (0x8007007E) @ at LibreHardwareMonitor.Interop.AtiAdlxx.ADL2_Main_Control_Create(ADL_Main_Memory_AllocDelegate callback, Int32 connectedAdapters, IntPtr& context)
[21:25:40.882] [T1] shell | ShowModule allreadable path=(none)
[21:25:40.895] [T1] smtc | Attach (none)
[21:25:40.911] [T1] nav | NavigateToAsync C:\Users\tsusa\OneDrive - Automanix\그림 exts=48
[21:25:40.920] [T1] tiles | ShowLoading C:\Users\tsusa\OneDrive - Automanix\그림
[21:25:40.934] [T1] nav | scan done C:\Users\tsusa\OneDrive - Automanix\그림 count=69
[21:25:40.936] [T1] nav | RefreshView C:\Users\tsusa\OneDrive - Automanix\그림 count=69
[21:25:40.941] [T1] tiles | ShowEntries C:\Users\tsusa\OneDrive - Automanix\그림 count=69
[21:25:40.959] [T1] tiles | phase0 C:\Users\tsusa\OneDrive - Automanix\그림\240323 강가 별장
[21:25:40.975] [T1] list | phase0 C:\Users\tsusa\OneDrive - Automanix\그림\240323 강가 별장
[21:25:40.991] [T1] tiles | phase0 C:\Users\tsusa\OneDrive - Automanix\그림\aaa
[21:25:40.992] [T1] tiles | phase0 C:\Users\tsusa\OneDrive - Automanix\그림\bbb
[21:25:40.993] [T1] tiles | phase0 C:\Users\tsusa\OneDrive - Automanix\그림\ccc
[21:25:40.995] [T1] tiles | phase0 C:\Users\tsusa\OneDrive - Automanix\그림\ddd
[21:25:40.996] [T1] tiles | phase0 C:\Users\tsusa\OneDrive - Automanix\그림\eee
[21:25:40.997] [T1] tiles | phase0 C:\Users\tsusa\OneDrive - Automanix\그림\Feedback
[21:25:40.999] [T1] tiles | phase0 C:\Users\tsusa\OneDrive - Automanix\그림\Saved Pictures
[21:25:41.000] [T1] tiles | phase0 C:\Users\tsusa\OneDrive - Automanix\그림\Scan
[21:25:41.002] [T1] tiles | phase0 C:\Users\tsusa\OneDrive - Automanix\그림\Screenshots
[21:25:41.003] [T1] tiles | phase0 C:\Users\tsusa\OneDrive - Automanix\그림\Zwift
[21:25:41.005] [T1] tiles | phase0 C:\Users\tsusa\OneDrive - Automanix\그림\바탕화면
[21:25:41.006] [T1] tiles | phase0 C:\Users\tsusa\OneDrive - Automanix\그림\스캔
[21:25:41.007] [T1] tiles | phase0 C:\Users\tsusa\OneDrive - Automanix\그림\스크린샷
[21:25:41.009] [T1] tiles | phase0 C:\Users\tsusa\OneDrive - Automanix\그림\카메라 앨범
[21:25:41.010] [T1] tiles | phase0 C:\Users\tsusa\OneDrive - Automanix\그림\220731 강화도.mp4_005246116.jpeg
[21:25:41.012] [T1] tiles | phase0 C:\Users\tsusa\OneDrive - Automanix\그림\220731 강화도.mp4_005246116.jpg
[21:25:41.014] [T1] tiles | phase0 C:\Users\tsusa\OneDrive - Automanix\그림\220731 강화도.mp4_005246116.png
[21:25:41.015] [T1] tiles | phase0 C:\Users\tsusa\OneDrive - Automanix\그림\AMX.jpg
[21:25:41.017] [T1] tiles | phase0 C:\Users\tsusa\OneDrive - Automanix\그림\ARS-로고디자인_원본파일.png
[21:25:41.024] [T1] list | phase0 C:\Users\tsusa\OneDrive - Automanix\그림\aaa
[21:25:41.027] [T1] list | phase0 C:\Users\tsusa\OneDrive - Automanix\그림\bbb
[21:25:41.030] [T1] list | phase0 C:\Users\tsusa\OneDrive - Automanix\그림\ccc
[21:25:41.033] [T1] list | phase0 C:\Users\tsusa\OneDrive - Automanix\그림\ddd
[21:25:41.036] [T1] list | phase0 C:\Users\tsusa\OneDrive - Automanix\그림\eee
[21:25:41.040] [T1] list | phase0 C:\Users\tsusa\OneDrive - Automanix\그림\Feedback
[21:25:41.043] [T1] list | phase0 C:\Users\tsusa\OneDrive - Automanix\그림\Saved Pictures
[21:25:41.046] [T1] list | phase0 C:\Users\tsusa\OneDrive - Automanix\그림\Scan
[21:25:41.049] [T1] list | phase0 C:\Users\tsusa\OneDrive - Automanix\그림\Screenshots
[21:25:41.052] [T1] list | phase0 C:\Users\tsusa\OneDrive - Automanix\그림\Zwift
[21:25:41.056] [T1] list | phase0 C:\Users\tsusa\OneDrive - Automanix\그림\바탕화면
[21:25:41.059] [T1] list | phase0 C:\Users\tsusa\OneDrive - Automanix\그림\스캔
[21:25:41.062] [T1] list | phase0 C:\Users\tsusa\OneDrive - Automanix\그림\스크린샷
[21:25:41.066] [T1] list | phase0 C:\Users\tsusa\OneDrive - Automanix\그림\카메라 앨범
[21:25:41.069] [T1] list | phase0 C:\Users\tsusa\OneDrive - Automanix\그림\220731 강화도.mp4_005246116.jpeg
[21:25:41.072] [T1] list | phase0 C:\Users\tsusa\OneDrive - Automanix\그림\220731 강화도.mp4_005246116.jpg
[21:25:41.075] [T1] list | phase0 C:\Users\tsusa\OneDrive - Automanix\그림\220731 강화도.mp4_005246116.png
[21:25:41.079] [T1] list | phase0 C:\Users\tsusa\OneDrive - Automanix\그림\AMX.jpg
[21:25:41.082] [T1] list | phase0 C:\Users\tsusa\OneDrive - Automanix\그림\ARS-로고디자인_원본파일.png
[21:25:41.085] [T1] list | phase0 C:\Users\tsusa\OneDrive - Automanix\그림\DALL·E 2024-07-22 16.05.33 - Simplified version of a logo for 'Automotive Research Solution' with the main elements being 'ARS' in a bold font and a sleek, modern car silhouette. .webp
[21:25:41.088] [T1] list | phase0 C:\Users\tsusa\OneDrive - Automanix\그림\KakaoTalk_20200117_092011491.png
[21:25:41.092] [T1] list | phase0 C:\Users\tsusa\OneDrive - Automanix\그림\KakaoTalk_20240703_110337676.jpg
[21:25:41.095] [T1] list | phase0 C:\Users\tsusa\OneDrive - Automanix\그림\pexels-pixabay-37347.jpg
[21:25:41.098] [T1] list | phase0 C:\Users\tsusa\OneDrive - Automanix\그림\pexels-polina-zimmerman-3778619.jpg
[21:25:41.102] [T1] list | phase0 C:\Users\tsusa\OneDrive - Automanix\그림\PXL_20220709_232639106_2.jpg
[21:25:41.106] [T1] list | phase0 C:\Users\tsusa\OneDrive - Automanix\그림\PXL_20220714_125035942_2.jpg
[21:25:41.109] [T1] list | phase0 C:\Users\tsusa\OneDrive - Automanix\그림\PXL_20220714_125148380_2.jpg
[21:25:41.112] [T1] list | phase0 C:\Users\tsusa\OneDrive - Automanix\그림\PXL_20220719_121308973_2.jpg
[21:25:41.115] [T1] list | phase0 C:\Users\tsusa\OneDrive - Automanix\그림\PXL_20220726_125747369_2.jpg
[21:25:41.118] [T1] list | phase0 C:\Users\tsusa\OneDrive - Automanix\그림\PXL_20220804_125449327_2.jpg
[21:25:41.251] [T1] tiles | fill cached C:\Users\tsusa\OneDrive - Automanix\그림\220731 강화도.mp4_005246116.jpeg
[21:25:41.258] [T1] tiles | fill cached C:\Users\tsusa\OneDrive - Automanix\그림\220731 강화도.mp4_005246116.jpg
[21:25:41.259] [T1] tiles | fill cached C:\Users\tsusa\OneDrive - Automanix\그림\220731 강화도.mp4_005246116.png
[21:25:41.260] [T1] tiles | fill cached C:\Users\tsusa\OneDrive - Automanix\그림\AMX.jpg
[21:25:41.261] [T1] tiles | fill cached C:\Users\tsusa\OneDrive - Automanix\그림\ARS-로고디자인_원본파일.png
[21:25:41.356] [T1] tiles | cached done C:\Users\tsusa\OneDrive - Automanix\그림\ARS-로고디자인_원본파일.png
[21:25:41.356] [T1] tiles | cached done C:\Users\tsusa\OneDrive - Automanix\그림\AMX.jpg
[21:25:41.357] [T1] tiles | cached done C:\Users\tsusa\OneDrive - Automanix\그림\220731 강화도.mp4_005246116.png
[21:25:41.357] [T1] tiles | cached done C:\Users\tsusa\OneDrive - Automanix\그림\220731 강화도.mp4_005246116.jpg
[21:25:41.357] [T1] tiles | cached done C:\Users\tsusa\OneDrive - Automanix\그림\220731 강화도.mp4_005246116.jpeg
[21:25:41.361] [T1] list | phase0 C:\Users\tsusa\OneDrive - Automanix\그림\PXL_20220812_121956977_2.jpg
[21:25:41.364] [T1] list | phase0 C:\Users\tsusa\OneDrive - Automanix\그림\PXL_20220813_214558393_2.jpg
[21:25:41.390] [T1] tiles | phase0 C:\Users\tsusa\OneDrive - Automanix\그림\DALL·E 2024-07-22 16.05.33 - Simplified version of a logo for 'Automotive Research Solution' with the main elements being 'ARS' in a bold font and a sleek, modern car silhouette. .webp
[21:25:41.392] [T1] tiles | phase0 C:\Users\tsusa\OneDrive - Automanix\그림\KakaoTalk_20200117_092011491.png
[21:25:41.393] [T1] tiles | phase0 C:\Users\tsusa\OneDrive - Automanix\그림\KakaoTalk_20240703_110337676.jpg
[21:25:41.394] [T1] tiles | phase0 C:\Users\tsusa\OneDrive - Automanix\그림\pexels-pixabay-37347.jpg
[21:25:41.401] [T1] tiles | fill cached C:\Users\tsusa\OneDrive - Automanix\그림\DALL·E 2024-07-22 16.05.33 - Simplified version of a logo for 'Automotive Research Solution' with the main elements being 'ARS' in a bold font and a sleek, modern car silhouette. .webp
[21:25:41.402] [T1] tiles | fill cached C:\Users\tsusa\OneDrive - Automanix\그림\KakaoTalk_20200117_092011491.png
[21:25:41.403] [T1] tiles | fill cached C:\Users\tsusa\OneDrive - Automanix\그림\KakaoTalk_20240703_110337676.jpg
[21:25:41.404] [T1] tiles | fill cached C:\Users\tsusa\OneDrive - Automanix\그림\pexels-pixabay-37347.jpg
[21:25:41.408] [T1] list | phase0 C:\Users\tsusa\OneDrive - Automanix\그림\PXL_20220817_112931072_2.jpg
[21:25:41.412] [T1] list | phase0 C:\Users\tsusa\OneDrive - Automanix\그림\PXL_20220824_112948946_2.jpg
[21:25:41.415] [T1] list | phase0 C:\Users\tsusa\OneDrive - Automanix\그림\PXL_20220827_001839431_2.jpg
[21:25:41.440] [T1] tiles | cached done C:\Users\tsusa\OneDrive - Automanix\그림\KakaoTalk_20200117_092011491.png
[21:25:41.441] [T1] tiles | cached done C:\Users\tsusa\OneDrive - Automanix\그림\pexels-pixabay-37347.jpg
[21:25:41.441] [T1] tiles | cached done C:\Users\tsusa\OneDrive - Automanix\그림\DALL·E 2024-07-22 16.05.33 - Simplified version of a logo for 'Automotive Research Solution' with the main elements being 'ARS' in a bold font and a sleek, modern car silhouette. .webp
[21:25:41.442] [T1] tiles | cached done C:\Users\tsusa\OneDrive - Automanix\그림\KakaoTalk_20240703_110337676.jpg
[21:25:41.459] [T1] list | phase0 C:\Users\tsusa\OneDrive - Automanix\그림\PXL_20220827_230734531_2.jpg
[21:25:41.462] [T1] list | phase0 C:\Users\tsusa\OneDrive - Automanix\그림\PXL_20220831_130316984_2.jpg
[21:25:41.489] [T1] list | phase0 C:\Users\tsusa\OneDrive - Automanix\그림\PXL_20220902_215631957_3.jpg
[21:25:41.492] [T1] list | phase0 C:\Users\tsusa\OneDrive - Automanix\그림\PXL_20220903_010322367_2.jpg
[21:25:41.495] [T1] list | phase0 C:\Users\tsusa\OneDrive - Automanix\그림\PXL_20220920_125143842.MOTION-02.ORIGINAL_2.jpg
[21:25:41.518] [T1] tiles | phase0 C:\Users\tsusa\OneDrive - Automanix\그림\pexels-polina-zimmerman-3778619.jpg
[21:25:41.519] [T1] tiles | phase0 C:\Users\tsusa\OneDrive - Automanix\그림\PXL_20220709_232639106_2.jpg
[21:25:41.521] [T1] tiles | phase0 C:\Users\tsusa\OneDrive - Automanix\그림\PXL_20220714_125035942_2.jpg
[21:25:41.522] [T1] tiles | phase0 C:\Users\tsusa\OneDrive - Automanix\그림\PXL_20220714_125148380_2.jpg
[21:25:41.534] [T1] tiles | fill cached C:\Users\tsusa\OneDrive - Automanix\그림\pexels-polina-zimmerman-3778619.jpg
[21:25:41.536] [T1] tiles | fill cached C:\Users\tsusa\OneDrive - Automanix\그림\PXL_20220709_232639106_2.jpg
[21:25:41.536] [T1] tiles | fill cached C:\Users\tsusa\OneDrive - Automanix\그림\PXL_20220714_125035942_2.jpg
[21:25:41.537] [T1] tiles | fill cached C:\Users\tsusa\OneDrive - Automanix\그림\PXL_20220714_125148380_2.jpg
[21:25:41.541] [T1] list | phase0 C:\Users\tsusa\OneDrive - Automanix\그림\PXL_20221101_105955590_2.jpg
[21:25:41.559] [T1] list | phase0 C:\Users\tsusa\OneDrive - Automanix\그림\PXL_20230212_024010110.jpg
[21:25:41.587] [T1] tiles | cached done C:\Users\tsusa\OneDrive - Automanix\그림\PXL_20220714_125035942_2.jpg
[21:25:41.588] [T1] tiles | cached done C:\Users\tsusa\OneDrive - Automanix\그림\PXL_20220714_125148380_2.jpg
[21:25:41.588] [T1] tiles | cached done C:\Users\tsusa\OneDrive - Automanix\그림\pexels-polina-zimmerman-3778619.jpg
[21:25:41.589] [T1] tiles | cached done C:\Users\tsusa\OneDrive - Automanix\그림\PXL_20220709_232639106_2.jpg
[21:25:41.593] [T1] list | phase0 C:\Users\tsusa\OneDrive - Automanix\그림\PXL_20230212_025601437_2.jpg
[21:25:41.596] [T1] list | phase0 C:\Users\tsusa\OneDrive - Automanix\그림\PXL_20230422_230822530~2.jpg
[21:25:41.599] [T1] list | phase0 C:\Users\tsusa\OneDrive - Automanix\그림\vlcsnap-2026-01-18-12h58m03s381.png
[21:25:41.600] [T1] detail | fetch Image C:\Users\tsusa\OneDrive - Automanix\그림\vlcsnap-2026-01-18-12h58m03s381.png
[21:25:41.629] [T1] detail | done C:\Users\tsusa\OneDrive - Automanix\그림\vlcsnap-2026-01-18-12h58m03s381.png
[21:25:41.647] [T1] list | phase0 C:\Users\tsusa\OneDrive - Automanix\그림\vlcsnap-2026-01-19-02h04m39s483.png
[21:25:41.647] [T1] detail | fetch Image C:\Users\tsusa\OneDrive - Automanix\그림\vlcsnap-2026-01-19-02h04m39s483.png
[21:25:41.650] [T1] list | phase0 C:\Users\tsusa\OneDrive - Automanix\그림\vlcsnap-2026-01-27-01h49m01s690.png
[21:25:41.650] [T1] detail | fetch Image C:\Users\tsusa\OneDrive - Automanix\그림\vlcsnap-2026-01-27-01h49m01s690.png
[21:25:41.658] [T1] detail | done C:\Users\tsusa\OneDrive - Automanix\그림\vlcsnap-2026-01-19-02h04m39s483.png
[21:25:41.661] [T1] detail | done C:\Users\tsusa\OneDrive - Automanix\그림\vlcsnap-2026-01-27-01h49m01s690.png
[21:25:41.675] [T1] tiles | phase0 C:\Users\tsusa\OneDrive - Automanix\그림\PXL_20220719_121308973_2.jpg
[21:25:41.677] [T1] tiles | phase0 C:\Users\tsusa\OneDrive - Automanix\그림\PXL_20220726_125747369_2.jpg
[21:25:41.678] [T1] tiles | phase0 C:\Users\tsusa\OneDrive - Automanix\그림\PXL_20220804_125449327_2.jpg
[21:25:41.680] [T1] tiles | phase0 C:\Users\tsusa\OneDrive - Automanix\그림\PXL_20220812_121956977_2.jpg
[21:25:41.686] [T1] tiles | fill cached C:\Users\tsusa\OneDrive - Automanix\그림\PXL_20220719_121308973_2.jpg
[21:25:41.687] [T1] tiles | fill cached C:\Users\tsusa\OneDrive - Automanix\그림\PXL_20220726_125747369_2.jpg
[21:25:41.688] [T1] tiles | fill cached C:\Users\tsusa\OneDrive - Automanix\그림\PXL_20220804_125449327_2.jpg
[21:25:41.689] [T1] tiles | fill cached C:\Users\tsusa\OneDrive - Automanix\그림\PXL_20220812_121956977_2.jpg
[21:25:41.693] [T1] list | phase0 C:\Users\tsusa\OneDrive - Automanix\그림\민초로부터 온 퇴장 통보.png
[21:25:41.693] [T1] detail | fetch Image C:\Users\tsusa\OneDrive - Automanix\그림\민초로부터 온 퇴장 통보.png
[21:25:41.696] [T1] list | phase0 C:\Users\tsusa\OneDrive - Automanix\그림\아우디 현가장치 관련 리콜.png
[21:25:41.700] [T1] list | phase0 C:\Users\tsusa\OneDrive - Automanix\그림\오토매닉스 대표이미지.png
[21:25:41.733] [T1] detail | done C:\Users\tsusa\OneDrive - Automanix\그림\민초로부터 온 퇴장 통보.png
[21:25:41.739] [T1] list | phase0 C:\Users\tsusa\OneDrive - Automanix\그림\오토매닉스 로고.png
[21:25:41.742] [T1] list | phase0 C:\Users\tsusa\OneDrive - Automanix\그림\오토매닉스 로고이미지.png
[21:25:41.758] [T1] list | phase0 C:\Users\tsusa\OneDrive - Automanix\그림\오토매닉스_약도.png
[21:25:41.761] [T1] list | phase0 C:\Users\tsusa\OneDrive - Automanix\그림\오토매닉스_인감_배경제거.png
[21:25:41.764] [T1] list | phase0 C:\Users\tsusa\OneDrive - Automanix\그림\코인챗 로고 long 188_79.png
[21:25:41.778] [T1] tiles | cached done C:\Users\tsusa\OneDrive - Automanix\그림\PXL_20220804_125449327_2.jpg
[21:25:41.779] [T1] tiles | cached done C:\Users\tsusa\OneDrive - Automanix\그림\PXL_20220812_121956977_2.jpg
[21:25:41.779] [T1] tiles | cached done C:\Users\tsusa\OneDrive - Automanix\그림\PXL_20220726_125747369_2.jpg
[21:25:41.780] [T1] tiles | cached done C:\Users\tsusa\OneDrive - Automanix\그림\PXL_20220719_121308973_2.jpg
[21:25:41.810] [T1] list | phase0 C:\Users\tsusa\OneDrive - Automanix\그림\코인챗 로고 square 148_148.png
[21:25:41.813] [T1] list | phase0 C:\Users\tsusa\OneDrive - Automanix\그림\코인챗_211012_아이폰XS_2대_중고구매.png
[21:25:41.844] [T1] tiles | phase0 C:\Users\tsusa\OneDrive - Automanix\그림\PXL_20220813_214558393_2.jpg
[21:25:41.846] [T1] tiles | phase0 C:\Users\tsusa\OneDrive - Automanix\그림\PXL_20220817_112931072_2.jpg
[21:25:41.847] [T1] tiles | phase0 C:\Users\tsusa\OneDrive - Automanix\그림\PXL_20220824_112948946_2.jpg
[21:25:41.848] [T1] tiles | phase0 C:\Users\tsusa\OneDrive - Automanix\그림\PXL_20220827_001839431_2.jpg
[21:25:41.855] [T1] tiles | fill cached C:\Users\tsusa\OneDrive - Automanix\그림\PXL_20220813_214558393_2.jpg
[21:25:41.857] [T1] tiles | fill cached C:\Users\tsusa\OneDrive - Automanix\그림\PXL_20220817_112931072_2.jpg
[21:25:41.857] [T1] tiles | fill cached C:\Users\tsusa\OneDrive - Automanix\그림\PXL_20220824_112948946_2.jpg
[21:25:41.858] [T1] tiles | fill cached C:\Users\tsusa\OneDrive - Automanix\그림\PXL_20220827_001839431_2.jpg
[21:25:41.896] [T1] tiles | cached done C:\Users\tsusa\OneDrive - Automanix\그림\PXL_20220817_112931072_2.jpg
[21:25:41.897] [T1] tiles | cached done C:\Users\tsusa\OneDrive - Automanix\그림\PXL_20220813_214558393_2.jpg
[21:25:41.898] [T1] tiles | cached done C:\Users\tsusa\OneDrive - Automanix\그림\PXL_20220827_001839431_2.jpg
[21:25:41.899] [T1] tiles | cached done C:\Users\tsusa\OneDrive - Automanix\그림\PXL_20220824_112948946_2.jpg
[21:25:41.902] [T1] list | phase0 C:\Users\tsusa\OneDrive - Automanix\그림\코인챗_사무실.jpg
[21:25:41.905] [T1] list | phase0 C:\Users\tsusa\OneDrive - Automanix\그림\코인챗_회의실.jpg
[21:25:41.908] [T1] list | phase0 C:\Users\tsusa\OneDrive - Automanix\그림\포가차.jpg
[21:25:41.991] [T1] list | phase0 C:\Users\tsusa\OneDrive - Automanix\그림\화면 캡처 2020-11-26 162745.png
[21:25:41.994] [T1] list | phase0 C:\Users\tsusa\OneDrive - Automanix\그림\화면 캡처 2022-06-21 003453.png
[21:25:42.014] [T1] tiles | phase0 C:\Users\tsusa\OneDrive - Automanix\그림\PXL_20220827_230734531_2.jpg
[21:25:42.015] [T1] tiles | phase0 C:\Users\tsusa\OneDrive - Automanix\그림\PXL_20220831_130316984_2.jpg
[21:25:42.017] [T1] tiles | phase0 C:\Users\tsusa\OneDrive - Automanix\그림\PXL_20220902_215631957_3.jpg
[21:25:42.018] [T1] tiles | phase0 C:\Users\tsusa\OneDrive - Automanix\그림\PXL_20220903_010322367_2.jpg
[21:25:42.025] [T1] tiles | fill cached C:\Users\tsusa\OneDrive - Automanix\그림\PXL_20220827_230734531_2.jpg
[21:25:42.026] [T1] tiles | fill cached C:\Users\tsusa\OneDrive - Automanix\그림\PXL_20220831_130316984_2.jpg
[21:25:42.027] [T1] tiles | fill cached C:\Users\tsusa\OneDrive - Automanix\그림\PXL_20220902_215631957_3.jpg
[21:25:42.027] [T1] tiles | fill cached C:\Users\tsusa\OneDrive - Automanix\그림\PXL_20220903_010322367_2.jpg
[21:25:42.042] [T1] list | phase0 C:\Users\tsusa\OneDrive - Automanix\그림\화면 캡처 2022-08-01 115837.jpg
[21:25:42.044] [T1] list | phase0 C:\Users\tsusa\OneDrive - Automanix\그림\화면 캡처 2022-08-01 115837.png
[21:25:42.047] [T1] list | phase0 C:\Users\tsusa\OneDrive - Automanix\그림\화면 캡처 2022-08-07 171622.png
[21:25:42.054] [T1] tiles | cached done C:\Users\tsusa\OneDrive - Automanix\그림\PXL_20220827_230734531_2.jpg
[21:25:42.055] [T1] tiles | cached done C:\Users\tsusa\OneDrive - Automanix\그림\PXL_20220903_010322367_2.jpg
[21:25:42.058] [T1] tiles | cached done C:\Users\tsusa\OneDrive - Automanix\그림\PXL_20220831_130316984_2.jpg
[21:25:42.059] [T1] tiles | cached done C:\Users\tsusa\OneDrive - Automanix\그림\PXL_20220902_215631957_3.jpg
[21:25:42.077] [T1] list | phase0 C:\Users\tsusa\OneDrive - Automanix\그림\화면 캡처 2022-09-29 233922.png
[21:25:42.080] [T1] list | phase0 C:\Users\tsusa\OneDrive - Automanix\그림\화면 캡처 2022-10-18 181358.png
[21:25:42.088] [T1] tiles | phase0 C:\Users\tsusa\OneDrive - Automanix\그림\PXL_20220920_125143842.MOTION-02.ORIGINAL_2.jpg
[21:25:42.089] [T1] tiles | phase0 C:\Users\tsusa\OneDrive - Automanix\그림\PXL_20221101_105955590_2.jpg
[21:25:42.091] [T1] tiles | phase0 C:\Users\tsusa\OneDrive - Automanix\그림\PXL_20230212_024010110.jpg
[21:25:42.092] [T1] tiles | phase0 C:\Users\tsusa\OneDrive - Automanix\그림\PXL_20230212_025601437_2.jpg
[21:25:42.098] [T1] tiles | fill cached C:\Users\tsusa\OneDrive - Automanix\그림\PXL_20220920_125143842.MOTION-02.ORIGINAL_2.jpg
[21:25:42.099] [T1] tiles | fill cached C:\Users\tsusa\OneDrive - Automanix\그림\PXL_20221101_105955590_2.jpg
[21:25:42.100] [T1] tiles | fill cached C:\Users\tsusa\OneDrive - Automanix\그림\PXL_20230212_024010110.jpg
[21:25:42.100] [T1] tiles | fill cached C:\Users\tsusa\OneDrive - Automanix\그림\PXL_20230212_025601437_2.jpg
[21:25:42.104] [T1] list | phase0 C:\Users\tsusa\OneDrive - Automanix\그림\화면 캡처 2022-10-21 005745.png
[21:25:42.114] [T1] tiles | cached done C:\Users\tsusa\OneDrive - Automanix\그림\PXL_20221101_105955590_2.jpg
[21:25:42.117] [T1] tiles | cached done C:\Users\tsusa\OneDrive - Automanix\그림\PXL_20230212_024010110.jpg
[21:25:42.118] [T1] tiles | cached done C:\Users\tsusa\OneDrive - Automanix\그림\PXL_20220920_125143842.MOTION-02.ORIGINAL_2.jpg
[21:25:42.118] [T1] tiles | cached done C:\Users\tsusa\OneDrive - Automanix\그림\PXL_20230212_025601437_2.jpg
[21:25:42.123] [T1] tiles | phase0 C:\Users\tsusa\OneDrive - Automanix\그림\PXL_20230422_230822530~2.jpg
[21:25:42.124] [T1] tiles | phase0 C:\Users\tsusa\OneDrive - Automanix\그림\vlcsnap-2026-01-18-12h58m03s381.png
[21:25:42.126] [T1] tiles | phase0 C:\Users\tsusa\OneDrive - Automanix\그림\vlcsnap-2026-01-19-02h04m39s483.png
[21:25:42.127] [T1] tiles | phase0 C:\Users\tsusa\OneDrive - Automanix\그림\vlcsnap-2026-01-27-01h49m01s690.png
[21:25:42.134] [T1] tiles | fill cached C:\Users\tsusa\OneDrive - Automanix\그림\PXL_20230422_230822530~2.jpg
[21:25:42.136] [T1] tiles | fill shell C:\Users\tsusa\OneDrive - Automanix\그림\vlcsnap-2026-01-18-12h58m03s381.png
[21:25:42.140] [T1] tiles | fill shell C:\Users\tsusa\OneDrive - Automanix\그림\vlcsnap-2026-01-19-02h04m39s483.png
[21:25:42.140] [T1] tiles | fill shell C:\Users\tsusa\OneDrive - Automanix\그림\vlcsnap-2026-01-27-01h49m01s690.png
[21:25:42.151] [T1] tiles | cached done C:\Users\tsusa\OneDrive - Automanix\그림\PXL_20230422_230822530~2.jpg
[21:25:42.172] [T1] tiles | shell done C:\Users\tsusa\OneDrive - Automanix\그림\vlcsnap-2026-01-27-01h49m01s690.png
[21:25:42.173] [T1] tiles | shell done C:\Users\tsusa\OneDrive - Automanix\그림\vlcsnap-2026-01-18-12h58m03s381.png
[21:25:42.173] [T1] tiles | shell done C:\Users\tsusa\OneDrive - Automanix\그림\vlcsnap-2026-01-19-02h04m39s483.png
[21:25:42.177] [T1] tiles | phase0 C:\Users\tsusa\OneDrive - Automanix\그림\민초로부터 온 퇴장 통보.png
[21:25:42.178] [T1] tiles | phase0 C:\Users\tsusa\OneDrive - Automanix\그림\아우디 현가장치 관련 리콜.png
[21:25:42.180] [T1] tiles | phase0 C:\Users\tsusa\OneDrive - Automanix\그림\오토매닉스 대표이미지.png
[21:25:42.181] [T1] tiles | phase0 C:\Users\tsusa\OneDrive - Automanix\그림\오토매닉스 로고.png
[21:25:42.181] [T1] tiles | fill shell C:\Users\tsusa\OneDrive - Automanix\그림\민초로부터 온 퇴장 통보.png
[21:25:42.182] [T1] tiles | fill cached C:\Users\tsusa\OneDrive - Automanix\그림\아우디 현가장치 관련 리콜.png
[21:25:42.182] [T1] tiles | fill cached C:\Users\tsusa\OneDrive - Automanix\그림\오토매닉스 대표이미지.png
[21:25:42.183] [T1] tiles | fill cached C:\Users\tsusa\OneDrive - Automanix\그림\오토매닉스 로고.png
[21:25:42.192] [T1] tiles | shell done C:\Users\tsusa\OneDrive - Automanix\그림\민초로부터 온 퇴장 통보.png
[21:25:42.195] [T1] tiles | cached done C:\Users\tsusa\OneDrive - Automanix\그림\오토매닉스 로고.png
[21:25:42.199] [T1] tiles | cached done C:\Users\tsusa\OneDrive - Automanix\그림\아우디 현가장치 관련 리콜.png
[21:25:42.199] [T1] tiles | cached done C:\Users\tsusa\OneDrive - Automanix\그림\오토매닉스 대표이미지.png
[21:25:42.202] [T1] tiles | phase0 C:\Users\tsusa\OneDrive - Automanix\그림\오토매닉스 로고이미지.png
[21:25:42.204] [T1] tiles | phase0 C:\Users\tsusa\OneDrive - Automanix\그림\오토매닉스_약도.png
[21:25:42.205] [T1] tiles | phase0 C:\Users\tsusa\OneDrive - Automanix\그림\오토매닉스_인감_배경제거.png
[21:25:42.206] [T1] tiles | phase0 C:\Users\tsusa\OneDrive - Automanix\그림\코인챗 로고 long 188_79.png
[21:25:42.213] [T1] tiles | fill cached C:\Users\tsusa\OneDrive - Automanix\그림\오토매닉스 로고이미지.png
[21:25:42.214] [T1] tiles | fill cached C:\Users\tsusa\OneDrive - Automanix\그림\오토매닉스_약도.png
[21:25:42.214] [T1] tiles | fill cached C:\Users\tsusa\OneDrive - Automanix\그림\오토매닉스_인감_배경제거.png
[21:25:42.215] [T1] tiles | fill cached C:\Users\tsusa\OneDrive - Automanix\그림\코인챗 로고 long 188_79.png
[21:25:42.226] [T1] tiles | cached done C:\Users\tsusa\OneDrive - Automanix\그림\코인챗 로고 long 188_79.png
[21:25:42.227] [T1] tiles | cached done C:\Users\tsusa\OneDrive - Automanix\그림\오토매닉스 로고이미지.png
[21:25:42.228] [T1] tiles | cached done C:\Users\tsusa\OneDrive - Automanix\그림\오토매닉스_인감_배경제거.png
[21:25:42.228] [T1] tiles | cached done C:\Users\tsusa\OneDrive - Automanix\그림\오토매닉스_약도.png
[21:25:42.244] [T1] tiles | phase0 C:\Users\tsusa\OneDrive - Automanix\그림\코인챗 로고 square 148_148.png
[21:25:42.245] [T1] tiles | phase0 C:\Users\tsusa\OneDrive - Automanix\그림\코인챗_211012_아이폰XS_2대_중고구매.png
[21:25:42.246] [T1] tiles | phase0 C:\Users\tsusa\OneDrive - Automanix\그림\코인챗_사무실.jpg
[21:25:42.248] [T1] tiles | phase0 C:\Users\tsusa\OneDrive - Automanix\그림\코인챗_회의실.jpg
[21:25:42.255] [T1] tiles | fill cached C:\Users\tsusa\OneDrive - Automanix\그림\코인챗 로고 square 148_148.png
[21:25:42.256] [T1] tiles | fill cached C:\Users\tsusa\OneDrive - Automanix\그림\코인챗_211012_아이폰XS_2대_중고구매.png
[21:25:42.257] [T1] tiles | fill cached C:\Users\tsusa\OneDrive - Automanix\그림\코인챗_사무실.jpg
[21:25:42.257] [T1] tiles | fill cached C:\Users\tsusa\OneDrive - Automanix\그림\코인챗_회의실.jpg
[21:25:42.267] [T1] tiles | cached done C:\Users\tsusa\OneDrive - Automanix\그림\코인챗 로고 square 148_148.png
[21:25:42.269] [T1] tiles | cached done C:\Users\tsusa\OneDrive - Automanix\그림\코인챗_211012_아이폰XS_2대_중고구매.png
[21:25:42.271] [T1] tiles | cached done C:\Users\tsusa\OneDrive - Automanix\그림\코인챗_회의실.jpg
[21:25:42.271] [T1] tiles | cached done C:\Users\tsusa\OneDrive - Automanix\그림\코인챗_사무실.jpg
[21:25:42.274] [T1] tiles | phase0 C:\Users\tsusa\OneDrive - Automanix\그림\포가차.jpg
[21:25:42.276] [T1] tiles | phase0 C:\Users\tsusa\OneDrive - Automanix\그림\화면 캡처 2020-11-26 162745.png
[21:25:42.277] [T1] tiles | phase0 C:\Users\tsusa\OneDrive - Automanix\그림\화면 캡처 2022-06-21 003453.png
[21:25:42.278] [T1] tiles | phase0 C:\Users\tsusa\OneDrive - Automanix\그림\화면 캡처 2022-08-01 115837.jpg
[21:25:42.285] [T1] tiles | fill cached C:\Users\tsusa\OneDrive - Automanix\그림\포가차.jpg
[21:25:42.286] [T1] tiles | fill cached C:\Users\tsusa\OneDrive - Automanix\그림\화면 캡처 2020-11-26 162745.png
[21:25:42.287] [T1] tiles | fill cached C:\Users\tsusa\OneDrive - Automanix\그림\화면 캡처 2022-06-21 003453.png
[21:25:42.287] [T1] tiles | fill cached C:\Users\tsusa\OneDrive - Automanix\그림\화면 캡처 2022-08-01 115837.jpg
[21:25:42.301] [T1] tiles | cached done C:\Users\tsusa\OneDrive - Automanix\그림\화면 캡처 2020-11-26 162745.png
[21:25:42.302] [T1] tiles | cached done C:\Users\tsusa\OneDrive - Automanix\그림\화면 캡처 2022-06-21 003453.png
[21:25:42.303] [T1] tiles | cached done C:\Users\tsusa\OneDrive - Automanix\그림\화면 캡처 2022-08-01 115837.jpg
[21:25:42.303] [T1] tiles | cached done C:\Users\tsusa\OneDrive - Automanix\그림\포가차.jpg
[21:25:42.390] [T1] tiles | phase0 C:\Users\tsusa\OneDrive - Automanix\그림\화면 캡처 2022-08-01 115837.png
[21:25:42.392] [T1] tiles | phase0 C:\Users\tsusa\OneDrive - Automanix\그림\화면 캡처 2022-08-07 171622.png
[21:25:42.393] [T1] tiles | phase0 C:\Users\tsusa\OneDrive - Automanix\그림\화면 캡처 2022-09-29 233922.png
[21:25:42.394] [T1] tiles | phase0 C:\Users\tsusa\OneDrive - Automanix\그림\화면 캡처 2022-10-18 181358.png
[21:25:42.401] [T1] tiles | fill cached C:\Users\tsusa\OneDrive - Automanix\그림\화면 캡처 2022-08-01 115837.png
[21:25:42.402] [T1] tiles | fill cached C:\Users\tsusa\OneDrive - Automanix\그림\화면 캡처 2022-08-07 171622.png
[21:25:42.402] [T1] tiles | fill cached C:\Users\tsusa\OneDrive - Automanix\그림\화면 캡처 2022-09-29 233922.png
[21:25:42.403] [T1] tiles | fill cached C:\Users\tsusa\OneDrive - Automanix\그림\화면 캡처 2022-10-18 181358.png
[21:25:42.416] [T1] tiles | cached done C:\Users\tsusa\OneDrive - Automanix\그림\화면 캡처 2022-09-29 233922.png
[21:25:42.417] [T1] tiles | cached done C:\Users\tsusa\OneDrive - Automanix\그림\화면 캡처 2022-10-18 181358.png
[21:25:42.417] [T1] tiles | cached done C:\Users\tsusa\OneDrive - Automanix\그림\화면 캡처 2022-08-07 171622.png
[21:25:42.417] [T1] tiles | cached done C:\Users\tsusa\OneDrive - Automanix\그림\화면 캡처 2022-08-01 115837.png
[21:25:42.444] [T1] tiles | phase0 C:\Users\tsusa\OneDrive - Automanix\그림\화면 캡처 2022-10-21 005745.png
[21:25:42.449] [T1] tiles | fill cached C:\Users\tsusa\OneDrive - Automanix\그림\화면 캡처 2022-10-21 005745.png
[21:25:42.460] [T1] tiles | cached done C:\Users\tsusa\OneDrive - Automanix\그림\화면 캡처 2022-10-21 005745.png
[21:26:03.998] [T1] nav | NavigateToAsync C:\Users\tsusa\OneDrive - Automanix\그림 exts=48
[21:26:04.000] [T1] nav | scan done C:\Users\tsusa\OneDrive - Automanix\그림 count=70
[21:26:04.000] [T1] nav | RefreshView C:\Users\tsusa\OneDrive - Automanix\그림 count=70
[21:26:04.001] [T1] list | recycle C:\Users\tsusa\OneDrive - Automanix\그림\240323 강가 별장
[21:26:04.001] [T1] list | ForceFinish(recycle)
[21:26:04.002] [T1] list | recycle C:\Users\tsusa\OneDrive - Automanix\그림\aaa
[21:26:04.002] [T1] list | ForceFinish(recycle)
[21:26:04.002] [T1] list | recycle C:\Users\tsusa\OneDrive - Automanix\그림\bbb
[21:26:04.002] [T1] list | ForceFinish(recycle)
[21:26:04.003] [T1] list | recycle C:\Users\tsusa\OneDrive - Automanix\그림\ccc
[21:26:04.003] [T1] list | ForceFinish(recycle)
[21:26:04.003] [T1] list | recycle C:\Users\tsusa\OneDrive - Automanix\그림\ddd
[21:26:04.003] [T1] list | ForceFinish(recycle)
[21:26:04.003] [T1] list | recycle C:\Users\tsusa\OneDrive - Automanix\그림\eee
[21:26:04.003] [T1] list | ForceFinish(recycle)
[21:26:04.003] [T1] list | recycle C:\Users\tsusa\OneDrive - Automanix\그림\Feedback
[21:26:04.003] [T1] list | ForceFinish(recycle)
[21:26:04.003] [T1] list | recycle C:\Users\tsusa\OneDrive - Automanix\그림\Saved Pictures
[21:26:04.003] [T1] list | ForceFinish(recycle)
[21:26:04.003] [T1] list | recycle C:\Users\tsusa\OneDrive - Automanix\그림\Scan
[21:26:04.003] [T1] list | ForceFinish(recycle)
[21:26:04.003] [T1] list | recycle C:\Users\tsusa\OneDrive - Automanix\그림\Screenshots
[21:26:04.003] [T1] list | ForceFinish(recycle)
[21:26:04.003] [T1] list | recycle C:\Users\tsusa\OneDrive - Automanix\그림\Zwift
[21:26:04.003] [T1] list | ForceFinish(recycle)
[21:26:04.003] [T1] list | recycle C:\Users\tsusa\OneDrive - Automanix\그림\바탕화면
[21:26:04.003] [T1] list | ForceFinish(recycle)
[21:26:04.004] [T1] list | recycle C:\Users\tsusa\OneDrive - Automanix\그림\스캔
[21:26:04.004] [T1] list | ForceFinish(recycle)
[21:26:04.004] [T1] list | recycle C:\Users\tsusa\OneDrive - Automanix\그림\스크린샷
[21:26:04.004] [T1] list | ForceFinish(recycle)
[21:26:04.004] [T1] list | recycle C:\Users\tsusa\OneDrive - Automanix\그림\카메라 앨범
[21:26:04.004] [T1] list | ForceFinish(recycle)
[21:26:04.004] [T1] list | recycle C:\Users\tsusa\OneDrive - Automanix\그림\220731 강화도.mp4_005246116.jpeg
[21:26:04.004] [T1] list | ForceFinish(recycle)
[21:26:04.004] [T1] list | recycle C:\Users\tsusa\OneDrive - Automanix\그림\220731 강화도.mp4_005246116.jpg
[21:26:04.004] [T1] list | ForceFinish(recycle)
[21:26:04.004] [T1] list | recycle C:\Users\tsusa\OneDrive - Automanix\그림\220731 강화도.mp4_005246116.png
[21:26:04.004] [T1] list | ForceFinish(recycle)
[21:26:04.004] [T1] list | recycle C:\Users\tsusa\OneDrive - Automanix\그림\AMX.jpg
[21:26:04.004] [T1] list | ForceFinish(recycle)
[21:26:04.004] [T1] list | recycle C:\Users\tsusa\OneDrive - Automanix\그림\ARS-로고디자인_원본파일.png
[21:26:04.004] [T1] list | ForceFinish(recycle)
[21:26:04.004] [T1] list | recycle C:\Users\tsusa\OneDrive - Automanix\그림\DALL·E 2024-07-22 16.05.33 - Simplified version of a logo for 'Automotive Research Solution' with the main elements being 'ARS' in a bold font and a sleek, modern car silhouette. .webp
[21:26:04.004] [T1] list | ForceFinish(recycle)
[21:26:04.004] [T1] list | recycle C:\Users\tsusa\OneDrive - Automanix\그림\KakaoTalk_20200117_092011491.png
[21:26:04.004] [T1] list | ForceFinish(recycle)
[21:26:04.004] [T1] list | recycle C:\Users\tsusa\OneDrive - Automanix\그림\KakaoTalk_20240703_110337676.jpg
[21:26:04.004] [T1] list | ForceFinish(recycle)
[21:26:04.004] [T1] list | recycle C:\Users\tsusa\OneDrive - Automanix\그림\pexels-pixabay-37347.jpg
[21:26:04.005] [T1] list | ForceFinish(recycle)
[21:26:04.005] [T1] list | recycle C:\Users\tsusa\OneDrive - Automanix\그림\pexels-polina-zimmerman-3778619.jpg
[21:26:04.005] [T1] list | ForceFinish(recycle)
[21:26:04.005] [T1] list | recycle C:\Users\tsusa\OneDrive - Automanix\그림\PXL_20220709_232639106_2.jpg
[21:26:04.005] [T1] list | ForceFinish(recycle)
[21:26:04.005] [T1] list | recycle C:\Users\tsusa\OneDrive - Automanix\그림\PXL_20220714_125035942_2.jpg
[21:26:04.005] [T1] list | ForceFinish(recycle)
[21:26:04.005] [T1] list | recycle C:\Users\tsusa\OneDrive - Automanix\그림\PXL_20220714_125148380_2.jpg
[21:26:04.005] [T1] list | ForceFinish(recycle)
[21:26:04.005] [T1] list | recycle C:\Users\tsusa\OneDrive - Automanix\그림\PXL_20220719_121308973_2.jpg
[21:26:04.005] [T1] list | ForceFinish(recycle)
[21:26:04.005] [T1] list | recycle C:\Users\tsusa\OneDrive - Automanix\그림\PXL_20220726_125747369_2.jpg
[21:26:04.005] [T1] list | ForceFinish(recycle)
[21:26:04.005] [T1] list | recycle C:\Users\tsusa\OneDrive - Automanix\그림\PXL_20220804_125449327_2.jpg
[21:26:04.005] [T1] list | ForceFinish(recycle)
[21:26:04.005] [T1] list | recycle C:\Users\tsusa\OneDrive - Automanix\그림\PXL_20220812_121956977_2.jpg
[21:26:04.005] [T1] list | ForceFinish(recycle)
[21:26:04.005] [T1] list | recycle C:\Users\tsusa\OneDrive - Automanix\그림\PXL_20220813_214558393_2.jpg
[21:26:04.005] [T1] list | ForceFinish(recycle)
[21:26:04.006] [T1] list | recycle C:\Users\tsusa\OneDrive - Automanix\그림\PXL_20220817_112931072_2.jpg
[21:26:04.006] [T1] list | ForceFinish(recycle)
[21:26:04.006] [T1] list | recycle C:\Users\tsusa\OneDrive - Automanix\그림\PXL_20220824_112948946_2.jpg
[21:26:04.006] [T1] list | ForceFinish(recycle)
[21:26:04.006] [T1] list | recycle C:\Users\tsusa\OneDrive - Automanix\그림\PXL_20220827_001839431_2.jpg
[21:26:04.006] [T1] list | ForceFinish(recycle)
[21:26:04.006] [T1] list | recycle C:\Users\tsusa\OneDrive - Automanix\그림\PXL_20220827_230734531_2.jpg
[21:26:04.006] [T1] list | ForceFinish(recycle)
[21:26:04.006] [T1] list | recycle C:\Users\tsusa\OneDrive - Automanix\그림\PXL_20220831_130316984_2.jpg
[21:26:04.006] [T1] list | ForceFinish(recycle)
[21:26:04.006] [T1] list | recycle C:\Users\tsusa\OneDrive - Automanix\그림\PXL_20220902_215631957_3.jpg
[21:26:04.006] [T1] list | ForceFinish(recycle)
[21:26:04.006] [T1] list | recycle C:\Users\tsusa\OneDrive - Automanix\그림\PXL_20220903_010322367_2.jpg
[21:26:04.006] [T1] list | ForceFinish(recycle)
[21:26:04.006] [T1] list | recycle C:\Users\tsusa\OneDrive - Automanix\그림\PXL_20220920_125143842.MOTION-02.ORIGINAL_2.jpg
[21:26:04.006] [T1] list | ForceFinish(recycle)
[21:26:04.006] [T1] list | recycle C:\Users\tsusa\OneDrive - Automanix\그림\PXL_20221101_105955590_2.jpg
[21:26:04.006] [T1] list | ForceFinish(recycle)
[21:26:04.006] [T1] list | recycle C:\Users\tsusa\OneDrive - Automanix\그림\PXL_20230212_024010110.jpg
[21:26:04.006] [T1] list | ForceFinish(recycle)
[21:26:04.006] [T1] list | recycle C:\Users\tsusa\OneDrive - Automanix\그림\PXL_20230212_025601437_2.jpg
[21:26:04.007] [T1] list | ForceFinish(recycle)
[21:26:04.007] [T1] list | recycle C:\Users\tsusa\OneDrive - Automanix\그림\PXL_20230422_230822530~2.jpg
[21:26:04.007] [T1] list | ForceFinish(recycle)
[21:26:04.007] [T1] list | recycle C:\Users\tsusa\OneDrive - Automanix\그림\vlcsnap-2026-01-18-12h58m03s381.png
[21:26:04.007] [T1] list | ForceFinish(recycle)
[21:26:04.007] [T1] list | recycle C:\Users\tsusa\OneDrive - Automanix\그림\vlcsnap-2026-01-19-02h04m39s483.png
[21:26:04.007] [T1] list | ForceFinish(recycle)
[21:26:04.007] [T1] list | recycle C:\Users\tsusa\OneDrive - Automanix\그림\vlcsnap-2026-01-27-01h49m01s690.png
[21:26:04.007] [T1] list | ForceFinish(recycle)
[21:26:04.007] [T1] list | recycle C:\Users\tsusa\OneDrive - Automanix\그림\민초로부터 온 퇴장 통보.png
[21:26:04.007] [T1] list | ForceFinish(recycle)
[21:26:04.007] [T1] list | recycle C:\Users\tsusa\OneDrive - Automanix\그림\아우디 현가장치 관련 리콜.png
[21:26:04.007] [T1] list | ForceFinish(recycle)
[21:26:04.007] [T1] list | recycle C:\Users\tsusa\OneDrive - Automanix\그림\오토매닉스 대표이미지.png
[21:26:04.007] [T1] list | ForceFinish(recycle)
[21:26:04.007] [T1] list | recycle C:\Users\tsusa\OneDrive - Automanix\그림\오토매닉스 로고.png
[21:26:04.007] [T1] list | ForceFinish(recycle)
[21:26:04.007] [T1] list | recycle C:\Users\tsusa\OneDrive - Automanix\그림\오토매닉스 로고이미지.png
[21:26:04.007] [T1] list | ForceFinish(recycle)
[21:26:04.007] [T1] list | recycle C:\Users\tsusa\OneDrive - Automanix\그림\오토매닉스_약도.png
[21:26:04.007] [T1] list | ForceFinish(recycle)
[21:26:04.007] [T1] list | recycle C:\Users\tsusa\OneDrive - Automanix\그림\오토매닉스_인감_배경제거.png
[21:26:04.007] [T1] list | ForceFinish(recycle)
[21:26:04.007] [T1] list | recycle C:\Users\tsusa\OneDrive - Automanix\그림\코인챗 로고 long 188_79.png
[21:26:04.007] [T1] list | ForceFinish(recycle)
[21:26:04.007] [T1] list | recycle C:\Users\tsusa\OneDrive - Automanix\그림\코인챗 로고 square 148_148.png
[21:26:04.007] [T1] list | ForceFinish(recycle)
[21:26:04.008] [T1] list | recycle C:\Users\tsusa\OneDrive - Automanix\그림\코인챗_211012_아이폰XS_2대_중고구매.png
[21:26:04.008] [T1] list | ForceFinish(recycle)
[21:26:04.008] [T1] list | recycle C:\Users\tsusa\OneDrive - Automanix\그림\코인챗_사무실.jpg
[21:26:04.008] [T1] list | ForceFinish(recycle)
[21:26:04.008] [T1] list | recycle C:\Users\tsusa\OneDrive - Automanix\그림\코인챗_회의실.jpg
[21:26:04.008] [T1] list | ForceFinish(recycle)
[21:26:04.008] [T1] list | recycle C:\Users\tsusa\OneDrive - Automanix\그림\포가차.jpg
[21:26:04.008] [T1] list | ForceFinish(recycle)
[21:26:04.008] [T1] list | recycle C:\Users\tsusa\OneDrive - Automanix\그림\화면 캡처 2020-11-26 162745.png
[21:26:04.008] [T1] list | ForceFinish(recycle)
[21:26:04.008] [T1] list | recycle C:\Users\tsusa\OneDrive - Automanix\그림\화면 캡처 2022-06-21 003453.png
[21:26:04.008] [T1] list | ForceFinish(recycle)
[21:26:04.008] [T1] list | recycle C:\Users\tsusa\OneDrive - Automanix\그림\화면 캡처 2022-08-01 115837.jpg
[21:26:04.008] [T1] list | ForceFinish(recycle)
[21:26:04.008] [T1] list | recycle C:\Users\tsusa\OneDrive - Automanix\그림\화면 캡처 2022-08-01 115837.png
[21:26:04.008] [T1] list | ForceFinish(recycle)
[21:26:04.008] [T1] list | recycle C:\Users\tsusa\OneDrive - Automanix\그림\화면 캡처 2022-08-07 171622.png
[21:26:04.008] [T1] list | ForceFinish(recycle)
[21:26:04.008] [T1] list | recycle C:\Users\tsusa\OneDrive - Automanix\그림\화면 캡처 2022-09-29 233922.png
[21:26:04.008] [T1] list | ForceFinish(recycle)
[21:26:04.008] [T1] list | recycle C:\Users\tsusa\OneDrive - Automanix\그림\화면 캡처 2022-10-18 181358.png
[21:26:04.008] [T1] list | ForceFinish(recycle)
[21:26:04.008] [T1] list | recycle C:\Users\tsusa\OneDrive - Automanix\그림\화면 캡처 2022-10-21 005745.png
[21:26:04.008] [T1] list | ForceFinish(recycle)
[21:26:04.010] [T1] tiles | ShowEntries C:\Users\tsusa\OneDrive - Automanix\그림 count=70
[21:26:04.010] [T1] tiles | recycle C:\Users\tsusa\OneDrive - Automanix\그림\240323 강가 별장
[21:26:04.010] [T1] tiles | recycle C:\Users\tsusa\OneDrive - Automanix\그림\aaa
[21:26:04.011] [T1] tiles | recycle C:\Users\tsusa\OneDrive - Automanix\그림\bbb
[21:26:04.011] [T1] tiles | recycle C:\Users\tsusa\OneDrive - Automanix\그림\ccc
[21:26:04.011] [T1] tiles | recycle C:\Users\tsusa\OneDrive - Automanix\그림\ddd
[21:26:04.011] [T1] tiles | recycle C:\Users\tsusa\OneDrive - Automanix\그림\eee
[21:26:04.012] [T1] tiles | recycle C:\Users\tsusa\OneDrive - Automanix\그림\Feedback
[21:26:04.012] [T1] tiles | recycle C:\Users\tsusa\OneDrive - Automanix\그림\Saved Pictures
[21:26:04.012] [T1] tiles | recycle C:\Users\tsusa\OneDrive - Automanix\그림\Scan
[21:26:04.012] [T1] tiles | recycle C:\Users\tsusa\OneDrive - Automanix\그림\Screenshots
[21:26:04.013] [T1] tiles | recycle C:\Users\tsusa\OneDrive - Automanix\그림\Zwift
[21:26:04.013] [T1] tiles | recycle C:\Users\tsusa\OneDrive - Automanix\그림\바탕화면
[21:26:04.013] [T1] tiles | recycle C:\Users\tsusa\OneDrive - Automanix\그림\스캔
[21:26:04.013] [T1] tiles | recycle C:\Users\tsusa\OneDrive - Automanix\그림\스크린샷
[21:26:04.014] [T1] tiles | recycle C:\Users\tsusa\OneDrive - Automanix\그림\카메라 앨범
[21:26:04.014] [T1] tiles | recycle C:\Users\tsusa\OneDrive - Automanix\그림\220731 강화도.mp4_005246116.jpeg
[21:26:04.014] [T1] tiles | recycle C:\Users\tsusa\OneDrive - Automanix\그림\220731 강화도.mp4_005246116.jpg
[21:26:04.014] [T1] tiles | recycle C:\Users\tsusa\OneDrive - Automanix\그림\220731 강화도.mp4_005246116.png
[21:26:04.015] [T1] tiles | recycle C:\Users\tsusa\OneDrive - Automanix\그림\AMX.jpg
[21:26:04.015] [T1] tiles | recycle C:\Users\tsusa\OneDrive - Automanix\그림\ARS-로고디자인_원본파일.png
[21:26:04.015] [T1] tiles | recycle C:\Users\tsusa\OneDrive - Automanix\그림\DALL·E 2024-07-22 16.05.33 - Simplified version of a logo for 'Automotive Research Solution' with the main elements being 'ARS' in a bold font and a sleek, modern car silhouette. .webp
[21:26:04.015] [T1] tiles | recycle C:\Users\tsusa\OneDrive - Automanix\그림\KakaoTalk_20200117_092011491.png
[21:26:04.015] [T1] tiles | recycle C:\Users\tsusa\OneDrive - Automanix\그림\KakaoTalk_20240703_110337676.jpg
[21:26:04.016] [T1] tiles | recycle C:\Users\tsusa\OneDrive - Automanix\그림\pexels-pixabay-37347.jpg
[21:26:04.016] [T1] tiles | recycle C:\Users\tsusa\OneDrive - Automanix\그림\pexels-polina-zimmerman-3778619.jpg
[21:26:04.016] [T1] tiles | recycle C:\Users\tsusa\OneDrive - Automanix\그림\PXL_20220709_232639106_2.jpg
[21:26:04.016] [T1] tiles | recycle C:\Users\tsusa\OneDrive - Automanix\그림\PXL_20220714_125035942_2.jpg
[21:26:04.017] [T1] tiles | recycle C:\Users\tsusa\OneDrive - Automanix\그림\PXL_20220714_125148380_2.jpg
[21:26:04.017] [T1] tiles | recycle C:\Users\tsusa\OneDrive - Automanix\그림\PXL_20220719_121308973_2.jpg
[21:26:04.017] [T1] tiles | recycle C:\Users\tsusa\OneDrive - Automanix\그림\PXL_20220726_125747369_2.jpg
[21:26:04.017] [T1] tiles | recycle C:\Users\tsusa\OneDrive - Automanix\그림\PXL_20220804_125449327_2.jpg
[21:26:04.018] [T1] tiles | recycle C:\Users\tsusa\OneDrive - Automanix\그림\PXL_20220812_121956977_2.jpg
[21:26:04.018] [T1] tiles | recycle C:\Users\tsusa\OneDrive - Automanix\그림\PXL_20220813_214558393_2.jpg
[21:26:04.018] [T1] tiles | recycle C:\Users\tsusa\OneDrive - Automanix\그림\PXL_20220817_112931072_2.jpg
[21:26:04.019] [T1] tiles | recycle C:\Users\tsusa\OneDrive - Automanix\그림\PXL_20220824_112948946_2.jpg
[21:26:04.019] [T1] tiles | recycle C:\Users\tsusa\OneDrive - Automanix\그림\PXL_20220827_001839431_2.jpg
[21:26:04.019] [T1] tiles | recycle C:\Users\tsusa\OneDrive - Automanix\그림\PXL_20220827_230734531_2.jpg
[21:26:04.049] [T1] tiles | recycle C:\Users\tsusa\OneDrive - Automanix\그림\PXL_20220831_130316984_2.jpg
[21:26:04.049] [T1] tiles | recycle C:\Users\tsusa\OneDrive - Automanix\그림\PXL_20220902_215631957_3.jpg
[21:26:04.049] [T1] tiles | recycle C:\Users\tsusa\OneDrive - Automanix\그림\PXL_20220903_010322367_2.jpg
[21:26:04.050] [T1] tiles | recycle C:\Users\tsusa\OneDrive - Automanix\그림\PXL_20220920_125143842.MOTION-02.ORIGINAL_2.jpg
[21:26:04.050] [T1] tiles | recycle C:\Users\tsusa\OneDrive - Automanix\그림\PXL_20221101_105955590_2.jpg
[21:26:04.050] [T1] tiles | recycle C:\Users\tsusa\OneDrive - Automanix\그림\PXL_20230212_024010110.jpg
[21:26:04.050] [T1] tiles | recycle C:\Users\tsusa\OneDrive - Automanix\그림\PXL_20230212_025601437_2.jpg
[21:26:04.051] [T1] tiles | recycle C:\Users\tsusa\OneDrive - Automanix\그림\PXL_20230422_230822530~2.jpg
[21:26:04.051] [T1] tiles | recycle C:\Users\tsusa\OneDrive - Automanix\그림\vlcsnap-2026-01-18-12h58m03s381.png
[21:26:04.051] [T1] tiles | recycle C:\Users\tsusa\OneDrive - Automanix\그림\vlcsnap-2026-01-19-02h04m39s483.png
[21:26:04.051] [T1] tiles | recycle C:\Users\tsusa\OneDrive - Automanix\그림\vlcsnap-2026-01-27-01h49m01s690.png
[21:26:04.051] [T1] tiles | recycle C:\Users\tsusa\OneDrive - Automanix\그림\민초로부터 온 퇴장 통보.png
[21:26:04.051] [T1] tiles | recycle C:\Users\tsusa\OneDrive - Automanix\그림\아우디 현가장치 관련 리콜.png
[21:26:04.052] [T1] tiles | recycle C:\Users\tsusa\OneDrive - Automanix\그림\오토매닉스 대표이미지.png
[21:26:04.052] [T1] tiles | recycle C:\Users\tsusa\OneDrive - Automanix\그림\오토매닉스 로고.png
[21:26:04.052] [T1] tiles | recycle C:\Users\tsusa\OneDrive - Automanix\그림\오토매닉스 로고이미지.png
[21:26:04.052] [T1] tiles | recycle C:\Users\tsusa\OneDrive - Automanix\그림\오토매닉스_약도.png
[21:26:04.052] [T1] tiles | recycle C:\Users\tsusa\OneDrive - Automanix\그림\오토매닉스_인감_배경제거.png
[21:26:04.052] [T1] tiles | recycle C:\Users\tsusa\OneDrive - Automanix\그림\코인챗 로고 long 188_79.png
[21:26:04.053] [T1] tiles | recycle C:\Users\tsusa\OneDrive - Automanix\그림\코인챗 로고 square 148_148.png
[21:26:04.053] [T1] tiles | recycle C:\Users\tsusa\OneDrive - Automanix\그림\코인챗_211012_아이폰XS_2대_중고구매.png
[21:26:04.053] [T1] tiles | recycle C:\Users\tsusa\OneDrive - Automanix\그림\코인챗_사무실.jpg
[21:26:04.053] [T1] tiles | recycle C:\Users\tsusa\OneDrive - Automanix\그림\코인챗_회의실.jpg
[21:26:04.053] [T1] tiles | recycle C:\Users\tsusa\OneDrive - Automanix\그림\포가차.jpg
[21:26:04.053] [T1] tiles | recycle C:\Users\tsusa\OneDrive - Automanix\그림\화면 캡처 2020-11-26 162745.png
[21:26:04.053] [T1] tiles | recycle C:\Users\tsusa\OneDrive - Automanix\그림\화면 캡처 2022-06-21 003453.png
[21:26:04.054] [T1] tiles | recycle C:\Users\tsusa\OneDrive - Automanix\그림\화면 캡처 2022-08-01 115837.jpg
[21:26:04.054] [T1] tiles | recycle C:\Users\tsusa\OneDrive - Automanix\그림\화면 캡처 2022-08-01 115837.png
[21:26:04.054] [T1] tiles | recycle C:\Users\tsusa\OneDrive - Automanix\그림\화면 캡처 2022-08-07 171622.png
[21:26:04.054] [T1] tiles | recycle C:\Users\tsusa\OneDrive - Automanix\그림\화면 캡처 2022-09-29 233922.png
[21:26:04.054] [T1] tiles | recycle C:\Users\tsusa\OneDrive - Automanix\그림\화면 캡처 2022-10-18 181358.png
[21:26:04.054] [T1] tiles | recycle C:\Users\tsusa\OneDrive - Automanix\그림\화면 캡처 2022-10-21 005745.png
[21:26:04.058] [T1] tiles | phase0 C:\Users\tsusa\OneDrive - Automanix\그림\240323 강가 별장
[21:26:04.061] [T1] tiles | phase0 C:\Users\tsusa\OneDrive - Automanix\그림\aaa
[21:26:04.064] [T1] tiles | phase0 C:\Users\tsusa\OneDrive - Automanix\그림\bbb
[21:26:04.067] [T1] tiles | phase0 C:\Users\tsusa\OneDrive - Automanix\그림\ccc
[21:26:04.069] [T1] tiles | phase0 C:\Users\tsusa\OneDrive - Automanix\그림\ddd
[21:26:04.072] [T1] tiles | phase0 C:\Users\tsusa\OneDrive - Automanix\그림\eee
[21:26:04.075] [T1] tiles | phase0 C:\Users\tsusa\OneDrive - Automanix\그림\Feedback
[21:26:04.077] [T1] tiles | phase0 C:\Users\tsusa\OneDrive - Automanix\그림\Saved Pictures
[21:26:04.080] [T1] tiles | phase0 C:\Users\tsusa\OneDrive - Automanix\그림\Scan
[21:26:04.083] [T1] tiles | phase0 C:\Users\tsusa\OneDrive - Automanix\그림\Screenshots
[21:26:04.086] [T1] tiles | phase0 C:\Users\tsusa\OneDrive - Automanix\그림\Zwift
[21:26:04.089] [T1] tiles | phase0 C:\Users\tsusa\OneDrive - Automanix\그림\바탕화면
[21:26:04.092] [T1] tiles | phase0 C:\Users\tsusa\OneDrive - Automanix\그림\새 폴더
[21:26:04.095] [T1] tiles | phase0 C:\Users\tsusa\OneDrive - Automanix\그림\스캔
[21:26:04.097] [T1] tiles | phase0 C:\Users\tsusa\OneDrive - Automanix\그림\스크린샷
[21:26:04.100] [T1] tiles | phase0 C:\Users\tsusa\OneDrive - Automanix\그림\카메라 앨범
[21:26:04.102] [T1] tiles | phase0 C:\Users\tsusa\OneDrive - Automanix\그림\220731 강화도.mp4_005246116.jpeg
[21:26:04.104] [T1] tiles | phase0 C:\Users\tsusa\OneDrive - Automanix\그림\220731 강화도.mp4_005246116.jpg
[21:26:04.107] [T1] tiles | phase0 C:\Users\tsusa\OneDrive - Automanix\그림\220731 강화도.mp4_005246116.png
[21:26:04.110] [T1] tiles | phase0 C:\Users\tsusa\OneDrive - Automanix\그림\AMX.jpg
[21:26:04.118] [T1] list | phase0 C:\Users\tsusa\OneDrive - Automanix\그림\240323 강가 별장
[21:26:04.124] [T1] list | phase0 C:\Users\tsusa\OneDrive - Automanix\그림\aaa
[21:26:04.129] [T1] list | phase0 C:\Users\tsusa\OneDrive - Automanix\그림\bbb
[21:26:04.135] [T1] list | phase0 C:\Users\tsusa\OneDrive - Automanix\그림\ccc
[21:26:04.140] [T1] list | phase0 C:\Users\tsusa\OneDrive - Automanix\그림\ddd
[21:26:04.145] [T1] list | phase0 C:\Users\tsusa\OneDrive - Automanix\그림\eee
[21:26:04.151] [T1] list | phase0 C:\Users\tsusa\OneDrive - Automanix\그림\Feedback
[21:26:04.156] [T1] list | phase0 C:\Users\tsusa\OneDrive - Automanix\그림\Saved Pictures
[21:26:04.162] [T1] list | phase0 C:\Users\tsusa\OneDrive - Automanix\그림\Scan
[21:26:04.168] [T1] list | phase0 C:\Users\tsusa\OneDrive - Automanix\그림\Screenshots
[21:26:04.175] [T1] list | phase0 C:\Users\tsusa\OneDrive - Automanix\그림\Zwift
[21:26:04.180] [T1] list | phase0 C:\Users\tsusa\OneDrive - Automanix\그림\바탕화면
[21:26:04.185] [T1] list | phase0 C:\Users\tsusa\OneDrive - Automanix\그림\새 폴더
[21:26:04.190] [T1] list | phase0 C:\Users\tsusa\OneDrive - Automanix\그림\스캔
[21:26:04.194] [T1] list | phase0 C:\Users\tsusa\OneDrive - Automanix\그림\스크린샷
[21:26:04.200] [T1] list | phase0 C:\Users\tsusa\OneDrive - Automanix\그림\카메라 앨범
[21:26:04.205] [T1] list | phase0 C:\Users\tsusa\OneDrive - Automanix\그림\220731 강화도.mp4_005246116.jpeg
[21:26:04.211] [T1] list | phase0 C:\Users\tsusa\OneDrive - Automanix\그림\220731 강화도.mp4_005246116.jpg
[21:26:04.216] [T1] list | phase0 C:\Users\tsusa\OneDrive - Automanix\그림\220731 강화도.mp4_005246116.png
[21:26:04.222] [T1] list | phase0 C:\Users\tsusa\OneDrive - Automanix\그림\AMX.jpg
[21:26:04.227] [T1] list | phase0 C:\Users\tsusa\OneDrive - Automanix\그림\ARS-로고디자인_원본파일.png
[21:26:04.235] [T1] list | phase0 C:\Users\tsusa\OneDrive - Automanix\그림\DALL·E 2024-07-22 16.05.33 - Simplified version of a logo for 'Automotive Research Solution' with the main elements being 'ARS' in a bold font and a sleek, modern car silhouette. .webp
[21:26:04.241] [T1] list | phase0 C:\Users\tsusa\OneDrive - Automanix\그림\KakaoTalk_20200117_092011491.png
[21:26:04.246] [T1] list | phase0 C:\Users\tsusa\OneDrive - Automanix\그림\KakaoTalk_20240703_110337676.jpg
[21:26:04.253] [T1] list | phase0 C:\Users\tsusa\OneDrive - Automanix\그림\pexels-pixabay-37347.jpg
[21:26:04.258] [T1] list | phase0 C:\Users\tsusa\OneDrive - Automanix\그림\pexels-polina-zimmerman-3778619.jpg
[21:26:04.265] [T1] list | phase0 C:\Users\tsusa\OneDrive - Automanix\그림\PXL_20220709_232639106_2.jpg
[21:26:04.272] [T1] list | phase0 C:\Users\tsusa\OneDrive - Automanix\그림\PXL_20220714_125035942_2.jpg
[21:26:04.278] [T1] list | phase0 C:\Users\tsusa\OneDrive - Automanix\그림\PXL_20220714_125148380_2.jpg
[21:26:04.286] [T1] list | phase0 C:\Users\tsusa\OneDrive - Automanix\그림\PXL_20220719_121308973_2.jpg
[21:26:04.291] [T1] list | phase0 C:\Users\tsusa\OneDrive - Automanix\그림\PXL_20220726_125747369_2.jpg
[21:26:04.486] [T1] tiles | fill cached C:\Users\tsusa\OneDrive - Automanix\그림\220731 강화도.mp4_005246116.jpeg
[21:26:04.487] [T1] tiles | fill cached C:\Users\tsusa\OneDrive - Automanix\그림\220731 강화도.mp4_005246116.jpg
[21:26:04.489] [T1] tiles | fill cached C:\Users\tsusa\OneDrive - Automanix\그림\220731 강화도.mp4_005246116.png
[21:26:04.491] [T1] tiles | fill cached C:\Users\tsusa\OneDrive - Automanix\그림\AMX.jpg
[21:26:04.534] [T1] list | phase0 C:\Users\tsusa\OneDrive - Automanix\그림\PXL_20220804_125449327_2.jpg
[21:26:04.538] [T1] list | phase0 C:\Users\tsusa\OneDrive - Automanix\그림\PXL_20220812_121956977_2.jpg
[21:26:04.574] [T1] list | phase0 C:\Users\tsusa\OneDrive - Automanix\그림\PXL_20220813_214558393_2.jpg
[21:26:04.580] [T1] list | phase0 C:\Users\tsusa\OneDrive - Automanix\그림\PXL_20220817_112931072_2.jpg
[21:26:04.587] [T1] list | phase0 C:\Users\tsusa\OneDrive - Automanix\그림\PXL_20220824_112948946_2.jpg
[21:26:04.645] [T1] tiles | phase0 C:\Users\tsusa\OneDrive - Automanix\그림\ARS-로고디자인_원본파일.png
[21:26:04.648] [T1] tiles | phase0 C:\Users\tsusa\OneDrive - Automanix\그림\DALL·E 2024-07-22 16.05.33 - Simplified version of a logo for 'Automotive Research Solution' with the main elements being 'ARS' in a bold font and a sleek, modern car silhouette. .webp
[21:26:04.651] [T1] tiles | phase0 C:\Users\tsusa\OneDrive - Automanix\그림\KakaoTalk_20200117_092011491.png
[21:26:04.654] [T1] tiles | phase0 C:\Users\tsusa\OneDrive - Automanix\그림\KakaoTalk_20240703_110337676.jpg
[21:26:04.661] [T1] list | phase0 C:\Users\tsusa\OneDrive - Automanix\그림\PXL_20220827_001839431_2.jpg
[21:26:04.667] [T1] list | phase0 C:\Users\tsusa\OneDrive - Automanix\그림\PXL_20220827_230734531_2.jpg
[21:26:04.803] [T1] tiles | cached done C:\Users\tsusa\OneDrive - Automanix\그림\AMX.jpg
[21:26:04.804] [T1] tiles | cached done C:\Users\tsusa\OneDrive - Automanix\그림\220731 강화도.mp4_005246116.jpeg
[21:26:04.804] [T1] tiles | cached done C:\Users\tsusa\OneDrive - Automanix\그림\220731 강화도.mp4_005246116.png
[21:26:04.804] [T1] tiles | cached done C:\Users\tsusa\OneDrive - Automanix\그림\220731 강화도.mp4_005246116.jpg
[21:26:04.807] [T1] tiles | fill cached C:\Users\tsusa\OneDrive - Automanix\그림\ARS-로고디자인_원본파일.png
[21:26:04.808] [T1] tiles | fill cached C:\Users\tsusa\OneDrive - Automanix\그림\DALL·E 2024-07-22 16.05.33 - Simplified version of a logo for 'Automotive Research Solution' with the main elements being 'ARS' in a bold font and a sleek, modern car silhouette. .webp
[21:26:04.809] [T1] tiles | fill cached C:\Users\tsusa\OneDrive - Automanix\그림\KakaoTalk_20200117_092011491.png
[21:26:04.810] [T1] tiles | fill cached C:\Users\tsusa\OneDrive - Automanix\그림\KakaoTalk_20240703_110337676.jpg
[21:26:04.818] [T1] list | phase0 C:\Users\tsusa\OneDrive - Automanix\그림\PXL_20220831_130316984_2.jpg
[21:26:04.825] [T1] list | phase0 C:\Users\tsusa\OneDrive - Automanix\그림\PXL_20220902_215631957_3.jpg
[21:26:04.832] [T1] list | phase0 C:\Users\tsusa\OneDrive - Automanix\그림\PXL_20220903_010322367_2.jpg
[21:26:04.871] [T1] list | phase0 C:\Users\tsusa\OneDrive - Automanix\그림\PXL_20220920_125143842.MOTION-02.ORIGINAL_2.jpg
[21:26:04.876] [T1] list | phase0 C:\Users\tsusa\OneDrive - Automanix\그림\PXL_20221101_105955590_2.jpg
[21:26:04.895] [T1] tiles | cached done C:\Users\tsusa\OneDrive - Automanix\그림\KakaoTalk_20200117_092011491.png
[21:26:04.895] [T1] tiles | cached done C:\Users\tsusa\OneDrive - Automanix\그림\ARS-로고디자인_원본파일.png
[21:26:04.896] [T1] tiles | cached done C:\Users\tsusa\OneDrive - Automanix\그림\DALL·E 2024-07-22 16.05.33 - Simplified version of a logo for 'Automotive Research Solution' with the main elements being 'ARS' in a bold font and a sleek, modern car silhouette. .webp
[21:26:04.896] [T1] tiles | cached done C:\Users\tsusa\OneDrive - Automanix\그림\KakaoTalk_20240703_110337676.jpg
[21:26:04.903] [T1] list | phase0 C:\Users\tsusa\OneDrive - Automanix\그림\PXL_20230212_024010110.jpg
[21:26:04.909] [T1] list | phase0 C:\Users\tsusa\OneDrive - Automanix\그림\PXL_20230212_025601437_2.jpg
[21:26:04.914] [T1] list | phase0 C:\Users\tsusa\OneDrive - Automanix\그림\PXL_20230422_230822530~2.jpg
[21:26:04.932] [T1] tiles | phase0 C:\Users\tsusa\OneDrive - Automanix\그림\pexels-pixabay-37347.jpg
[21:26:04.935] [T1] tiles | phase0 C:\Users\tsusa\OneDrive - Automanix\그림\pexels-polina-zimmerman-3778619.jpg
[21:26:04.937] [T1] tiles | phase0 C:\Users\tsusa\OneDrive - Automanix\그림\PXL_20220709_232639106_2.jpg
[21:26:04.939] [T1] tiles | phase0 C:\Users\tsusa\OneDrive - Automanix\그림\PXL_20220714_125035942_2.jpg
[21:26:04.953] [T1] tiles | fill cached C:\Users\tsusa\OneDrive - Automanix\그림\pexels-pixabay-37347.jpg
[21:26:04.955] [T1] tiles | fill cached C:\Users\tsusa\OneDrive - Automanix\그림\pexels-polina-zimmerman-3778619.jpg
[21:26:04.956] [T1] tiles | fill cached C:\Users\tsusa\OneDrive - Automanix\그림\PXL_20220709_232639106_2.jpg
[21:26:04.957] [T1] tiles | fill cached C:\Users\tsusa\OneDrive - Automanix\그림\PXL_20220714_125035942_2.jpg
[21:26:04.966] [T1] list | phase0 C:\Users\tsusa\OneDrive - Automanix\그림\vlcsnap-2026-01-18-12h58m03s381.png
[21:26:04.966] [T1] detail | fetch Image C:\Users\tsusa\OneDrive - Automanix\그림\vlcsnap-2026-01-18-12h58m03s381.png
[21:26:04.972] [T1] list | phase0 C:\Users\tsusa\OneDrive - Automanix\그림\vlcsnap-2026-01-19-02h04m39s483.png
[21:26:04.972] [T1] detail | fetch Image C:\Users\tsusa\OneDrive - Automanix\그림\vlcsnap-2026-01-19-02h04m39s483.png
[21:26:05.009] [T1] list | phase0 C:\Users\tsusa\OneDrive - Automanix\그림\vlcsnap-2026-01-27-01h49m01s690.png
[21:26:05.009] [T1] detail | fetch Image C:\Users\tsusa\OneDrive - Automanix\그림\vlcsnap-2026-01-27-01h49m01s690.png
[21:26:05.015] [T1] list | phase0 C:\Users\tsusa\OneDrive - Automanix\그림\민초로부터 온 퇴장 통보.png
[21:26:05.015] [T1] detail | fetch Image C:\Users\tsusa\OneDrive - Automanix\그림\민초로부터 온 퇴장 통보.png
[21:26:05.021] [T1] list | phase0 C:\Users\tsusa\OneDrive - Automanix\그림\아우디 현가장치 관련 리콜.png
[21:26:05.056] [T1] tiles | cached done C:\Users\tsusa\OneDrive - Automanix\그림\pexels-polina-zimmerman-3778619.jpg
[21:26:05.057] [T1] tiles | cached done C:\Users\tsusa\OneDrive - Automanix\그림\pexels-pixabay-37347.jpg
[21:26:05.057] [T1] tiles | cached done C:\Users\tsusa\OneDrive - Automanix\그림\PXL_20220714_125035942_2.jpg
[21:26:05.058] [T1] tiles | cached done C:\Users\tsusa\OneDrive - Automanix\그림\PXL_20220709_232639106_2.jpg
[21:26:05.083] [T1] list | phase0 C:\Users\tsusa\OneDrive - Automanix\그림\오토매닉스 대표이미지.png
[21:26:05.089] [T1] list | phase0 C:\Users\tsusa\OneDrive - Automanix\그림\오토매닉스 로고.png
[21:26:05.122] [T1] tiles | phase0 C:\Users\tsusa\OneDrive - Automanix\그림\PXL_20220714_125148380_2.jpg
[21:26:05.125] [T1] tiles | phase0 C:\Users\tsusa\OneDrive - Automanix\그림\PXL_20220719_121308973_2.jpg
[21:26:05.128] [T1] tiles | phase0 C:\Users\tsusa\OneDrive - Automanix\그림\PXL_20220726_125747369_2.jpg
[21:26:05.131] [T1] tiles | phase0 C:\Users\tsusa\OneDrive - Automanix\그림\PXL_20220804_125449327_2.jpg
[21:26:05.137] [T1] tiles | fill cached C:\Users\tsusa\OneDrive - Automanix\그림\PXL_20220714_125148380_2.jpg
[21:26:05.138] [T1] tiles | fill cached C:\Users\tsusa\OneDrive - Automanix\그림\PXL_20220719_121308973_2.jpg
[21:26:05.139] [T1] tiles | fill cached C:\Users\tsusa\OneDrive - Automanix\그림\PXL_20220726_125747369_2.jpg
[21:26:05.140] [T1] tiles | fill cached C:\Users\tsusa\OneDrive - Automanix\그림\PXL_20220804_125449327_2.jpg
[21:26:05.149] [T1] list | phase0 C:\Users\tsusa\OneDrive - Automanix\그림\오토매닉스 로고이미지.png
[21:26:05.155] [T1] list | phase0 C:\Users\tsusa\OneDrive - Automanix\그림\오토매닉스_약도.png
[21:26:05.161] [T1] list | phase0 C:\Users\tsusa\OneDrive - Automanix\그림\오토매닉스_인감_배경제거.png
[21:26:05.181] [T1] list | phase0 C:\Users\tsusa\OneDrive - Automanix\그림\코인챗 로고 long 188_79.png
[21:26:05.187] [T1] list | phase0 C:\Users\tsusa\OneDrive - Automanix\그림\코인챗 로고 square 148_148.png
[21:26:05.199] [T1] tiles | cached done C:\Users\tsusa\OneDrive - Automanix\그림\PXL_20220714_125148380_2.jpg
[21:26:05.205] [T1] list | phase0 C:\Users\tsusa\OneDrive - Automanix\그림\코인챗_211012_아이폰XS_2대_중고구매.png
[21:26:05.211] [T1] list | phase0 C:\Users\tsusa\OneDrive - Automanix\그림\코인챗_사무실.jpg
[21:26:05.216] [T1] list | phase0 C:\Users\tsusa\OneDrive - Automanix\그림\코인챗_회의실.jpg
[21:26:05.223] [T1] tiles | cached done C:\Users\tsusa\OneDrive - Automanix\그림\PXL_20220726_125747369_2.jpg
[21:26:05.224] [T1] tiles | cached done C:\Users\tsusa\OneDrive - Automanix\그림\PXL_20220804_125449327_2.jpg
[21:26:05.225] [T1] tiles | cached done C:\Users\tsusa\OneDrive - Automanix\그림\PXL_20220719_121308973_2.jpg
[21:26:05.228] [T1] tiles | phase0 C:\Users\tsusa\OneDrive - Automanix\그림\PXL_20220812_121956977_2.jpg
[21:26:05.231] [T1] tiles | phase0 C:\Users\tsusa\OneDrive - Automanix\그림\PXL_20220813_214558393_2.jpg
[21:26:05.233] [T1] tiles | phase0 C:\Users\tsusa\OneDrive - Automanix\그림\PXL_20220817_112931072_2.jpg
[21:26:05.236] [T1] tiles | phase0 C:\Users\tsusa\OneDrive - Automanix\그림\PXL_20220824_112948946_2.jpg
[21:26:05.240] [T1] tiles | fill cached C:\Users\tsusa\OneDrive - Automanix\그림\PXL_20220812_121956977_2.jpg
[21:26:05.242] [T1] tiles | fill cached C:\Users\tsusa\OneDrive - Automanix\그림\PXL_20220813_214558393_2.jpg
[21:26:05.244] [T1] tiles | fill cached C:\Users\tsusa\OneDrive - Automanix\그림\PXL_20220817_112931072_2.jpg
[21:26:05.245] [T1] tiles | fill cached C:\Users\tsusa\OneDrive - Automanix\그림\PXL_20220824_112948946_2.jpg
[21:26:05.263] [T1] list | phase0 C:\Users\tsusa\OneDrive - Automanix\그림\포가차.jpg
[21:26:05.271] [T1] list | phase0 C:\Users\tsusa\OneDrive - Automanix\그림\화면 캡처 2020-11-26 162745.png
[21:26:05.292] [T1] list | phase0 C:\Users\tsusa\OneDrive - Automanix\그림\화면 캡처 2022-06-21 003453.png
[21:26:05.299] [T1] list | phase0 C:\Users\tsusa\OneDrive - Automanix\그림\화면 캡처 2022-08-01 115837.jpg
[21:26:05.305] [T1] list | phase0 C:\Users\tsusa\OneDrive - Automanix\그림\화면 캡처 2022-08-01 115837.png
[21:26:05.320] [T1] tiles | cached done C:\Users\tsusa\OneDrive - Automanix\그림\PXL_20220817_112931072_2.jpg
[21:26:05.322] [T1] tiles | cached done C:\Users\tsusa\OneDrive - Automanix\그림\PXL_20220824_112948946_2.jpg
[21:26:05.325] [T1] tiles | phase0 C:\Users\tsusa\OneDrive - Automanix\그림\PXL_20220827_001839431_2.jpg
[21:26:05.327] [T1] tiles | phase0 C:\Users\tsusa\OneDrive - Automanix\그림\PXL_20220827_230734531_2.jpg
[21:26:05.329] [T1] tiles | phase0 C:\Users\tsusa\OneDrive - Automanix\그림\PXL_20220831_130316984_2.jpg
[21:26:05.331] [T1] tiles | phase0 C:\Users\tsusa\OneDrive - Automanix\그림\PXL_20220902_215631957_3.jpg
[21:26:05.332] [T1] tiles | fill cached C:\Users\tsusa\OneDrive - Automanix\그림\PXL_20220827_001839431_2.jpg
[21:26:05.333] [T1] tiles | fill cached C:\Users\tsusa\OneDrive - Automanix\그림\PXL_20220827_230734531_2.jpg
[21:26:05.334] [T1] tiles | fill cached C:\Users\tsusa\OneDrive - Automanix\그림\PXL_20220831_130316984_2.jpg
[21:26:05.336] [T1] tiles | fill cached C:\Users\tsusa\OneDrive - Automanix\그림\PXL_20220902_215631957_3.jpg
[21:26:05.344] [T1] list | phase0 C:\Users\tsusa\OneDrive - Automanix\그림\화면 캡처 2022-08-07 171622.png
[21:26:05.351] [T1] list | phase0 C:\Users\tsusa\OneDrive - Automanix\그림\화면 캡처 2022-09-29 233922.png
[21:26:05.363] [T1] tiles | cached done C:\Users\tsusa\OneDrive - Automanix\그림\PXL_20220813_214558393_2.jpg
[21:26:05.364] [T1] tiles | cached done C:\Users\tsusa\OneDrive - Automanix\그림\PXL_20220812_121956977_2.jpg
[21:26:05.377] [T1] list | phase0 C:\Users\tsusa\OneDrive - Automanix\그림\화면 캡처 2022-10-18 181358.png
[21:26:05.384] [T1] list | phase0 C:\Users\tsusa\OneDrive - Automanix\그림\화면 캡처 2022-10-21 005745.png
[21:26:05.440] [T1] tiles | cached done C:\Users\tsusa\OneDrive - Automanix\그림\PXL_20220827_230734531_2.jpg
[21:26:05.442] [T1] tiles | cached done C:\Users\tsusa\OneDrive - Automanix\그림\PXL_20220831_130316984_2.jpg
[21:26:05.443] [T1] tiles | cached done C:\Users\tsusa\OneDrive - Automanix\그림\PXL_20220902_215631957_3.jpg
[21:26:05.443] [T1] tiles | cached done C:\Users\tsusa\OneDrive - Automanix\그림\PXL_20220827_001839431_2.jpg
[21:26:05.446] [T1] tiles | phase0 C:\Users\tsusa\OneDrive - Automanix\그림\PXL_20220903_010322367_2.jpg
[21:26:05.448] [T1] tiles | phase0 C:\Users\tsusa\OneDrive - Automanix\그림\PXL_20220920_125143842.MOTION-02.ORIGINAL_2.jpg
[21:26:05.451] [T1] tiles | phase0 C:\Users\tsusa\OneDrive - Automanix\그림\PXL_20221101_105955590_2.jpg
[21:26:05.454] [T1] tiles | phase0 C:\Users\tsusa\OneDrive - Automanix\그림\PXL_20230212_024010110.jpg
[21:26:05.456] [T1] tiles | fill cached C:\Users\tsusa\OneDrive - Automanix\그림\PXL_20220903_010322367_2.jpg
[21:26:05.458] [T1] tiles | fill cached C:\Users\tsusa\OneDrive - Automanix\그림\PXL_20220920_125143842.MOTION-02.ORIGINAL_2.jpg
[21:26:05.459] [T1] tiles | fill cached C:\Users\tsusa\OneDrive - Automanix\그림\PXL_20221101_105955590_2.jpg
[21:26:05.460] [T1] tiles | fill cached C:\Users\tsusa\OneDrive - Automanix\그림\PXL_20230212_024010110.jpg
[21:26:05.506] [T1] tiles | cached done C:\Users\tsusa\OneDrive - Automanix\그림\PXL_20221101_105955590_2.jpg
[21:26:05.507] [T1] tiles | cached done C:\Users\tsusa\OneDrive - Automanix\그림\PXL_20220903_010322367_2.jpg
[21:26:05.512] [T1] tiles | phase0 C:\Users\tsusa\OneDrive - Automanix\그림\PXL_20230212_025601437_2.jpg
[21:26:05.515] [T1] tiles | phase0 C:\Users\tsusa\OneDrive - Automanix\그림\PXL_20230422_230822530~2.jpg
[21:26:05.518] [T1] tiles | phase0 C:\Users\tsusa\OneDrive - Automanix\그림\vlcsnap-2026-01-18-12h58m03s381.png
[21:26:05.521] [T1] tiles | phase0 C:\Users\tsusa\OneDrive - Automanix\그림\vlcsnap-2026-01-19-02h04m39s483.png
[21:26:05.528] [T1] tiles | fill cached C:\Users\tsusa\OneDrive - Automanix\그림\PXL_20230212_025601437_2.jpg
[21:26:05.530] [T1] tiles | fill cached C:\Users\tsusa\OneDrive - Automanix\그림\PXL_20230422_230822530~2.jpg
[21:26:05.531] [T1] tiles | fill shell C:\Users\tsusa\OneDrive - Automanix\그림\vlcsnap-2026-01-18-12h58m03s381.png
[21:26:05.532] [T1] tiles | fill shell C:\Users\tsusa\OneDrive - Automanix\그림\vlcsnap-2026-01-19-02h04m39s483.png
[21:26:05.535] [T1] tiles | cached done C:\Users\tsusa\OneDrive - Automanix\그림\PXL_20230212_024010110.jpg
[21:26:05.536] [T1] tiles | cached done C:\Users\tsusa\OneDrive - Automanix\그림\PXL_20220920_125143842.MOTION-02.ORIGINAL_2.jpg
[21:26:05.602] [T1] tiles | phase0 C:\Users\tsusa\OneDrive - Automanix\그림\vlcsnap-2026-01-27-01h49m01s690.png
[21:26:05.604] [T1] tiles | phase0 C:\Users\tsusa\OneDrive - Automanix\그림\민초로부터 온 퇴장 통보.png
[21:26:05.606] [T1] tiles | phase0 C:\Users\tsusa\OneDrive - Automanix\그림\아우디 현가장치 관련 리콜.png
[21:26:05.608] [T1] tiles | phase0 C:\Users\tsusa\OneDrive - Automanix\그림\오토매닉스 대표이미지.png
[21:26:05.613] [T1] tiles | shell done C:\Users\tsusa\OneDrive - Automanix\그림\vlcsnap-2026-01-18-12h58m03s381.png
[21:26:05.614] [T1] tiles | cached done C:\Users\tsusa\OneDrive - Automanix\그림\PXL_20230212_025601437_2.jpg
[21:26:05.615] [T1] tiles | cached done C:\Users\tsusa\OneDrive - Automanix\그림\PXL_20230422_230822530~2.jpg
[21:26:05.615] [T1] tiles | shell done C:\Users\tsusa\OneDrive - Automanix\그림\vlcsnap-2026-01-19-02h04m39s483.png
[21:26:05.619] [T1] tiles | fill shell C:\Users\tsusa\OneDrive - Automanix\그림\vlcsnap-2026-01-27-01h49m01s690.png
[21:26:05.620] [T1] tiles | fill shell C:\Users\tsusa\OneDrive - Automanix\그림\민초로부터 온 퇴장 통보.png
[21:26:05.620] [T1] tiles | fill cached C:\Users\tsusa\OneDrive - Automanix\그림\아우디 현가장치 관련 리콜.png
[21:26:05.622] [T1] tiles | fill cached C:\Users\tsusa\OneDrive - Automanix\그림\오토매닉스 대표이미지.png
[21:26:05.679] [T1] tiles | shell done C:\Users\tsusa\OneDrive - Automanix\그림\민초로부터 온 퇴장 통보.png
[21:26:05.682] [T1] tiles | shell done C:\Users\tsusa\OneDrive - Automanix\그림\vlcsnap-2026-01-27-01h49m01s690.png
[21:26:05.707] [T1] tiles | phase0 C:\Users\tsusa\OneDrive - Automanix\그림\오토매닉스 로고.png
[21:26:05.710] [T1] tiles | phase0 C:\Users\tsusa\OneDrive - Automanix\그림\오토매닉스 로고이미지.png
[21:26:05.712] [T1] tiles | phase0 C:\Users\tsusa\OneDrive - Automanix\그림\오토매닉스_약도.png
[21:26:05.715] [T1] tiles | phase0 C:\Users\tsusa\OneDrive - Automanix\그림\오토매닉스_인감_배경제거.png
[21:26:05.723] [T1] tiles | fill cached C:\Users\tsusa\OneDrive - Automanix\그림\오토매닉스 로고.png
[21:26:05.724] [T1] tiles | fill cached C:\Users\tsusa\OneDrive - Automanix\그림\오토매닉스 로고이미지.png
[21:26:05.725] [T1] tiles | fill cached C:\Users\tsusa\OneDrive - Automanix\그림\오토매닉스_약도.png
[21:26:05.726] [T1] tiles | fill cached C:\Users\tsusa\OneDrive - Automanix\그림\오토매닉스_인감_배경제거.png
[21:26:05.729] [T1] tiles | cached done C:\Users\tsusa\OneDrive - Automanix\그림\아우디 현가장치 관련 리콜.png
[21:26:05.729] [T1] tiles | cached done C:\Users\tsusa\OneDrive - Automanix\그림\오토매닉스 대표이미지.png
[21:26:05.756] [T1] tiles | cached done C:\Users\tsusa\OneDrive - Automanix\그림\오토매닉스 로고.png
[21:26:05.762] [T1] tiles | phase0 C:\Users\tsusa\OneDrive - Automanix\그림\코인챗 로고 long 188_79.png
[21:26:05.764] [T1] tiles | phase0 C:\Users\tsusa\OneDrive - Automanix\그림\코인챗 로고 square 148_148.png
[21:26:05.766] [T1] tiles | phase0 C:\Users\tsusa\OneDrive - Automanix\그림\코인챗_211012_아이폰XS_2대_중고구매.png
[21:26:05.769] [T1] tiles | phase0 C:\Users\tsusa\OneDrive - Automanix\그림\코인챗_사무실.jpg
[21:26:05.770] [T1] tiles | fill cached C:\Users\tsusa\OneDrive - Automanix\그림\코인챗 로고 long 188_79.png
[21:26:05.771] [T1] tiles | fill cached C:\Users\tsusa\OneDrive - Automanix\그림\코인챗 로고 square 148_148.png
[21:26:05.773] [T1] tiles | fill cached C:\Users\tsusa\OneDrive - Automanix\그림\코인챗_211012_아이폰XS_2대_중고구매.png
[21:26:05.774] [T1] tiles | fill cached C:\Users\tsusa\OneDrive - Automanix\그림\코인챗_사무실.jpg
[21:26:05.785] [T1] tiles | cached done C:\Users\tsusa\OneDrive - Automanix\그림\오토매닉스 로고이미지.png
[21:26:05.785] [T1] tiles | cached done C:\Users\tsusa\OneDrive - Automanix\그림\오토매닉스_인감_배경제거.png
[21:26:05.786] [T1] tiles | cached done C:\Users\tsusa\OneDrive - Automanix\그림\오토매닉스_약도.png
[21:26:05.801] [T1] tiles | cached done C:\Users\tsusa\OneDrive - Automanix\그림\코인챗 로고 long 188_79.png
[21:26:05.802] [T1] tiles | cached done C:\Users\tsusa\OneDrive - Automanix\그림\코인챗 로고 square 148_148.png
[21:26:05.803] [T1] tiles | cached done C:\Users\tsusa\OneDrive - Automanix\그림\코인챗_211012_아이폰XS_2대_중고구매.png
[21:26:05.809] [T1] tiles | phase0 C:\Users\tsusa\OneDrive - Automanix\그림\코인챗_회의실.jpg
[21:26:05.812] [T1] tiles | phase0 C:\Users\tsusa\OneDrive - Automanix\그림\포가차.jpg
[21:26:05.814] [T1] tiles | phase0 C:\Users\tsusa\OneDrive - Automanix\그림\화면 캡처 2020-11-26 162745.png
[21:26:05.817] [T1] tiles | phase0 C:\Users\tsusa\OneDrive - Automanix\그림\화면 캡처 2022-06-21 003453.png
[21:26:05.819] [T1] tiles | fill cached C:\Users\tsusa\OneDrive - Automanix\그림\코인챗_회의실.jpg
[21:26:32.161] [T1] trace | KOTU v0.348.0 · 2026-09-06 21:26:32 · pid 7540
[21:26:32.304] [T1] shell | ShowModule hardware path=(none)
[21:26:33.827] [T4] exc | ManagementException: 잘못된 클래스입니다.  @ at System.Management.ManagementException.ThrowWithExtendedInfo(ManagementStatus errorCode)
[21:26:34.042] [T4] exc | DllNotFoundException: Unable to load DLL 'atiadlxx.dll' or one of its dependencies: 지정된 모듈을 찾을 수 없습니다. (0x8007007E) @ at LibreHardwareMonitor.Interop.AtiAdlxx.ADL2_Main_Control_Create(ADL_Main_Memory_AllocDelegate callback, Int32 connectedAdapters, IntPtr& context)
